date,value,close,position,returns,cummax,drawdown
2021-02-01,100000.0,1327.6637699999999,0,0.0,100000.0,0.0
2021-02-02,100000.0,1327.6637699999999,0,0.0,100000.0,0.0
2021-02-03,100000.0,1327.6637699999999,0,0.0,100000.0,0.0
2021-02-04,100000.0,1327.6637699999999,0,0.0,100000.0,0.0
2021-02-05,100000.0,1327.6637699999999,0,0.0,100000.0,0.0
2021-02-08,100000.0,1327.6637699999999,0,0.0,100000.0,0.0
2021-02-09,100000.0,1327.6637699999999,0,0.0,100000.0,0.0
2021-02-10,100000.0,1327.6637699999999,0,0.0,100000.0,0.0
2021-02-18,100000.0,1327.6637699999999,0,0.0,100000.0,0.0
2021-02-19,100000.0,1327.6637699999999,0,0.0,100000.0,0.0
2021-02-22,100000.0,1327.6637699999999,0,0.0,100000.0,0.0
2021-02-23,100000.0,1327.6637699999999,0,0.0,100000.0,0.0
2021-02-24,100000.0,1327.6637699999999,0,0.0,100000.0,0.0
2021-02-25,100000.0,1327.6637699999999,0,0.0,100000.0,0.0
2021-02-26,100000.0,1327.6637699999999,0,0.0,100000.0,0.0
2021-03-01,100000.0,1327.6637699999999,0,0.0,100000.0,0.0
2021-03-02,100000.0,1327.6637699999999,0,0.0,100000.0,0.0
2021-03-03,100000.0,1327.6637699999999,0,0.0,100000.0,0.0
2021-03-04,100000.0,1327.6637699999999,0,0.0,100000.0,0.0
2021-03-05,100000.0,1327.6637699999999,0,0.0,100000.0,0.0
2021-03-08,100000.0,1327.6637699999999,0,0.0,100000.0,0.0
2021-03-09,100000.0,1327.6637699999999,0,0.0,100000.0,0.0
2021-03-10,100000.0,1327.6637699999999,0,0.0,100000.0,0.0
2021-03-11,100000.0,1327.6637699999999,0,0.0,100000.0,0.0
2021-03-12,100000.0,1327.6637699999999,0,0.0,100000.0,0.0
2021-03-15,100000.0,1327.6637699999999,0,0.0,100000.0,0.0
2021-03-16,100000.0,1327.6637699999999,0,0.0,100000.0,0.0
2021-03-17,100000.0,1327.6637699999999,0,0.0,100000.0,0.0
2021-03-18,100000.0,1327.6637699999999,0,0.0,100000.0,0.0
2021-03-19,100000.0,1327.6637699999999,0,0.0,100000.0,0.0
2021-03-22,100000.0,1327.6637699999999,0,0.0,100000.0,0.0
2021-03-23,100000.0,1327.6637699999999,0,0.0,100000.0,0.0
2021-03-24,100000.0,1327.6637699999999,0,0.0,100000.0,0.0
2021-03-25,100000.0,1327.6637699999999,0,0.0,100000.0,0.0
2021-03-26,100000.0,1327.6637699999999,0,0.0,100000.0,0.0
2021-03-29,100000.0,1327.6637699999999,0,0.0,100000.0,0.0
2021-03-30,100000.0,1327.6637699999999,0,0.0,100000.0,0.0
2021-03-31,100000.0,1327.6637699999999,0,0.0,100000.0,0.0
2021-04-01,100000.0,1327.6637699999999,0,0.0,100000.0,0.0
2021-04-02,100000.0,1327.6637699999999,0,0.0,100000.0,0.0
2021-04-06,100000.0,1327.6637699999999,0,0.0,100000.0,0.0
2021-04-07,100000.0,1327.6637699999999,0,0.0,100000.0,0.0
2021-04-08,100000.0,1327.6637699999999,0,0.0,100000.0,0.0
2021-04-09,100000.0,1327.6637699999999,0,0.0,100000.0,0.0
2021-04-12,100000.0,1327.6637699999999,0,0.0,100000.0,0.0
2021-04-13,100000.0,1327.6637699999999,0,0.0,100000.0,0.0
2021-04-14,100000.0,1327.6637699999999,0,0.0,100000.0,0.0
2021-04-15,100000.0,1327.6637699999999,0,0.0,100000.0,0.0
2021-04-16,100000.0,1327.6637699999999,0,0.0,100000.0,0.0
2021-04-19,100000.0,1327.6637699999999,0,0.0,100000.0,0.0
2021-04-20,100000.0,1327.6637699999999,0,0.0,100000.0,0.0
2021-04-21,100000.0,1327.6637699999999,0,0.0,100000.0,0.0
2021-04-22,100000.0,1327.6637699999999,0,0.0,100000.0,0.0
2021-04-23,100000.0,1327.6637699999999,0,0.0,100000.0,0.0
2021-04-26,100000.0,1327.6637699999999,0,0.0,100000.0,0.0
2021-04-27,100000.0,1327.6637699999999,0,0.0,100000.0,0.0
2021-04-28,100000.0,1327.6637699999999,0,0.0,100000.0,0.0
2021-04-29,100000.0,1327.6637699999999,0,0.0,100000.0,0.0
2021-04-30,100000.0,1327.6637699999999,0,0.0,100000.0,0.0
2021-05-06,100000.0,1327.6637699999999,0,0.0,100000.0,0.0
2021-05-07,100000.0,1327.6637699999999,0,0.0,100000.0,0.0
2021-05-10,100000.0,1327.6637699999999,0,0.0,100000.0,0.0
2021-05-11,100000.0,1327.6637699999999,0,0.0,100000.0,0.0
2021-05-12,100000.0,1327.6637699999999,0,0.0,100000.0,0.0
2021-05-13,100000.0,1327.6637699999999,0,0.0,100000.0,0.0
2021-05-14,100000.0,1327.6637699999999,0,0.0,100000.0,0.0
2021-05-17,100000.0,1327.6637699999999,0,0.0,100000.0,0.0
2021-05-18,100000.0,1327.6637699999999,0,0.0,100000.0,0.0
2021-05-19,100000.0,1327.6637699999999,0,0.0,100000.0,0.0
2021-05-20,100000.0,1327.6637699999999,0,0.0,100000.0,0.0
2021-05-21,100000.0,1327.6637699999999,0,0.0,100000.0,0.0
2021-05-24,100000.0,1327.6637699999999,0,0.0,100000.0,0.0
2021-05-25,100000.0,1327.6637699999999,0,0.0,100000.0,0.0
2021-05-26,100000.0,1327.6637699999999,0,0.0,100000.0,0.0
2021-05-27,100000.0,1327.6637699999999,0,0.0,100000.0,0.0
2021-05-28,100000.0,1327.6637699999999,0,0.0,100000.0,0.0
2021-05-31,100000.0,1327.6637699999999,0,0.0,100000.0,0.0
2021-06-01,100000.0,1327.6637699999999,0,0.0,100000.0,0.0
2021-06-02,100000.0,1327.6637699999999,0,0.0,100000.0,0.0
2021-06-03,100000.0,1327.6637699999999,0,0.0,100000.0,0.0
2021-06-04,100000.0,1327.6637699999999,0,0.0,100000.0,0.0
2021-06-07,100000.0,1327.6637699999999,0,0.0,100000.0,0.0
2021-06-08,100000.0,1327.6637699999999,0,0.0,100000.0,0.0
2021-06-09,100000.0,1327.6637699999999,0,0.0,100000.0,0.0
2021-06-10,100000.0,1327.6637699999999,0,0.0,100000.0,0.0
2021-06-11,100000.0,1327.6637699999999,0,0.0,100000.0,0.0
2021-06-15,100000.0,1327.6637699999999,0,0.0,100000.0,0.0
2021-06-16,100000.0,1327.6637699999999,0,0.0,100000.0,0.0
2021-06-17,100000.0,1327.6637699999999,0,0.0,100000.0,0.0
2021-06-18,100000.0,1327.6637699999999,0,0.0,100000.0,0.0
2021-06-21,100000.0,1327.6637699999999,0,0.0,100000.0,0.0
2021-06-22,100000.0,1327.6637699999999,0,0.0,100000.0,0.0
2021-06-23,100000.0,1327.6637699999999,0,0.0,100000.0,0.0
2021-06-24,100000.0,1327.6637699999999,0,0.0,100000.0,0.0
2021-06-25,100000.0,1327.6637699999999,0,0.0,100000.0,0.0
2021-06-28,100000.0,1327.6637699999999,0,0.0,100000.0,0.0
2021-06-29,100000.0,1327.6637699999999,0,0.0,100000.0,0.0
2021-06-30,100000.0,1327.6637699999999,0,0.0,100000.0,0.0
2021-07-01,100000.0,1327.6637699999999,0,0.0,100000.0,0.0
2021-07-02,100000.0,1327.6637699999999,0,0.0,100000.0,0.0
2021-07-05,100000.0,1327.6637699999999,0,0.0,100000.0,0.0
2021-07-06,100000.0,1327.6637699999999,0,0.0,100000.0,0.0
2021-07-07,100000.0,1327.6637699999999,0,0.0,100000.0,0.0
2021-07-08,100000.0,1327.6637699999999,0,0.0,100000.0,0.0
2021-07-09,100000.0,1327.6637699999999,0,0.0,100000.0,0.0
2021-07-12,100000.0,1327.6637699999999,0,0.0,100000.0,0.0
2021-07-13,100000.0,1327.6637699999999,0,0.0,100000.0,0.0
2021-07-14,100000.0,1327.6637699999999,0,0.0,100000.0,0.0
2021-07-15,100000.0,1327.6637699999999,0,0.0,100000.0,0.0
2021-07-16,100000.0,1327.6637699999999,0,0.0,100000.0,0.0
2021-07-19,100000.0,1327.6637699999999,0,0.0,100000.0,0.0
2021-07-20,100000.0,1327.6637699999999,0,0.0,100000.0,0.0
2021-07-21,100000.0,1327.6637699999999,0,0.0,100000.0,0.0
2021-07-22,100000.0,1327.6637699999999,0,0.0,100000.0,0.0
2021-07-23,100000.0,1327.6637699999999,0,0.0,100000.0,0.0
2021-07-26,100000.0,1327.6637699999999,0,0.0,100000.0,0.0
2021-07-27,100000.0,1327.6637699999999,0,0.0,100000.0,0.0
2021-07-28,100000.0,1327.6637699999999,0,0.0,100000.0,0.0
2021-07-29,100000.0,1327.6637699999999,0,0.0,100000.0,0.0
2021-07-30,100000.0,1327.6637699999999,0,0.0,100000.0,0.0
2021-08-02,100000.0,1327.6637699999999,0,0.0,100000.0,0.0
2021-08-03,100000.0,1327.6637699999999,0,0.0,100000.0,0.0
2021-08-04,100000.0,1327.6637699999999,0,0.0,100000.0,0.0
2021-08-05,100000.0,1327.6637699999999,0,0.0,100000.0,0.0
2021-08-06,100000.0,1327.6637699999999,0,0.0,100000.0,0.0
2021-08-09,100000.0,1327.6637699999999,0,0.0,100000.0,0.0
2021-08-10,100000.0,1327.6637699999999,0,0.0,100000.0,0.0
2021-08-11,100000.0,1327.6637699999999,0,0.0,100000.0,0.0
2021-08-12,100000.0,1327.6637699999999,0,0.0,100000.0,0.0
2021-08-13,100000.0,1327.6637699999999,0,0.0,100000.0,0.0
2021-08-16,100000.0,1327.6637699999999,0,0.0,100000.0,0.0
2021-08-17,100000.0,1327.6637699999999,0,0.0,100000.0,0.0
2021-08-18,100000.0,1327.6637699999999,0,0.0,100000.0,0.0
2021-08-19,100000.0,1327.6637699999999,0,0.0,100000.0,0.0
2021-08-20,100000.0,1327.6637699999999,0,0.0,100000.0,0.0
2021-08-23,100000.0,1327.6637699999999,0,0.0,100000.0,0.0
2021-08-24,100000.0,1327.6637699999999,0,0.0,100000.0,0.0
2021-08-25,100000.0,1327.6637699999999,0,0.0,100000.0,0.0
2021-08-26,100000.0,1327.6637699999999,0,0.0,100000.0,0.0
2021-08-27,100000.0,1327.6637699999999,0,0.0,100000.0,0.0
2021-08-30,100000.0,1327.6637699999999,0,0.0,100000.0,0.0
2021-08-31,100000.0,1327.6637699999999,0,0.0,100000.0,0.0
2021-09-01,100000.0,1327.6637699999999,0,0.0,100000.0,0.0
2021-09-02,100000.0,1327.6637699999999,0,0.0,100000.0,0.0
2021-09-03,100000.0,1327.6637699999999,0,0.0,100000.0,0.0
2021-09-06,100000.0,1327.6637699999999,0,0.0,100000.0,0.0
2021-09-07,100000.0,1327.6637699999999,0,0.0,100000.0,0.0
2021-09-08,100000.0,1327.6637699999999,0,0.0,100000.0,0.0
2021-09-09,100000.0,1327.6637699999999,0,0.0,100000.0,0.0
2021-09-10,100000.0,1327.6637699999999,0,0.0,100000.0,0.0
2021-09-13,100000.0,1327.6637699999999,0,0.0,100000.0,0.0
2021-09-14,100000.0,1327.6637699999999,0,0.0,100000.0,0.0
2021-09-15,100000.0,1327.6637699999999,0,0.0,100000.0,0.0
2021-09-16,100000.0,1327.6637699999999,0,0.0,100000.0,0.0
2021-09-17,100000.0,1327.6637699999999,0,0.0,100000.0,0.0
2021-09-22,100000.0,1327.6637699999999,0,0.0,100000.0,0.0
2021-09-23,100000.0,1327.6637699999999,0,0.0,100000.0,0.0
2021-09-24,100000.0,1327.6637699999999,0,0.0,100000.0,0.0
2021-09-27,100000.0,1327.6637699999999,0,0.0,100000.0,0.0
2021-09-28,100000.0,1327.6637699999999,0,0.0,100000.0,0.0
2021-09-29,100000.0,1327.6637699999999,0,0.0,100000.0,0.0
2021-09-30,100000.0,1327.6637699999999,0,0.0,100000.0,0.0
2021-10-08,100000.0,1327.6637699999999,0,0.0,100000.0,0.0
2021-10-11,100000.0,1327.6637699999999,0,0.0,100000.0,0.0
2021-10-12,100000.0,1327.6637699999999,0,0.0,100000.0,0.0
2021-10-13,100000.0,1327.6637699999999,0,0.0,100000.0,0.0
2021-10-14,100000.0,1327.6637699999999,0,0.0,100000.0,0.0
2021-10-15,100000.0,1327.6637699999999,0,0.0,100000.0,0.0
2021-10-18,100000.0,1327.6637699999999,0,0.0,100000.0,0.0
2021-10-19,100000.0,1327.6637699999999,0,0.0,100000.0,0.0
2021-10-20,100000.0,1327.6637699999999,0,0.0,100000.0,0.0
2021-10-21,100000.0,1327.6637699999999,0,0.0,100000.0,0.0
2021-10-22,100000.0,1327.6637699999999,0,0.0,100000.0,0.0
2021-10-25,100000.0,1327.6637699999999,0,0.0,100000.0,0.0
2021-10-26,100000.0,1327.6637699999999,0,0.0,100000.0,0.0
2021-10-27,100000.0,1327.6637699999999,0,0.0,100000.0,0.0
2021-10-28,100000.0,1327.6637699999999,0,0.0,100000.0,0.0
2021-10-29,100000.0,1327.6637699999999,0,0.0,100000.0,0.0
2021-11-01,100000.0,1327.6637699999999,0,0.0,100000.0,0.0
2021-11-02,100000.0,1327.6637699999999,0,0.0,100000.0,0.0
2021-11-03,100000.0,1327.6637699999999,0,0.0,100000.0,0.0
2021-11-04,100000.0,1327.6637699999999,0,0.0,100000.0,0.0
2021-11-05,100000.0,1327.6637699999999,0,0.0,100000.0,0.0
2021-11-08,100000.0,1327.6637699999999,0,0.0,100000.0,0.0
2021-11-09,100000.0,1327.6637699999999,0,0.0,100000.0,0.0
2021-11-10,100000.0,1327.6637699999999,0,0.0,100000.0,0.0
2021-11-11,100000.0,1327.6637699999999,0,0.0,100000.0,0.0
2021-11-12,100000.0,1327.6637699999999,0,0.0,100000.0,0.0
2021-11-15,100000.0,1327.6637699999999,0,0.0,100000.0,0.0
2021-11-16,100000.0,1327.6637699999999,0,0.0,100000.0,0.0
2021-11-17,100000.0,1327.6637699999999,0,0.0,100000.0,0.0
2021-11-18,100000.0,1327.6637699999999,0,0.0,100000.0,0.0
2021-11-19,100000.0,1327.6637699999999,0,0.0,100000.0,0.0
2021-11-22,100000.0,1327.6637699999999,0,0.0,100000.0,0.0
2021-11-23,100000.0,1327.6637699999999,0,0.0,100000.0,0.0
2021-11-24,100000.0,1327.6637699999999,0,0.0,100000.0,0.0
2021-11-25,100000.0,1327.6637699999999,0,0.0,100000.0,0.0
2021-11-26,100000.0,1327.6637699999999,0,0.0,100000.0,0.0
2021-11-29,100000.0,1327.6637699999999,0,0.0,100000.0,0.0
2021-11-30,100000.0,1327.6637699999999,0,0.0,100000.0,0.0
2021-12-01,100000.0,1327.6637699999999,0,0.0,100000.0,0.0
2021-12-02,100000.0,1327.6637699999999,0,0.0,100000.0,0.0
2021-12-03,100000.0,1327.6637699999999,0,0.0,100000.0,0.0
2021-12-06,100000.0,1327.6637699999999,0,0.0,100000.0,0.0
2021-12-07,100000.0,1327.6637699999999,0,0.0,100000.0,0.0
2021-12-08,100000.0,1327.6637699999999,0,0.0,100000.0,0.0
2021-12-09,100000.0,1327.6637699999999,0,0.0,100000.0,0.0
2021-12-10,100000.0,1327.6637699999999,0,0.0,100000.0,0.0
2021-12-13,100000.0,1327.6637699999999,0,0.0,100000.0,0.0
2021-12-14,100000.0,1327.6637699999999,0,0.0,100000.0,0.0
2021-12-15,100000.0,1327.6637699999999,0,0.0,100000.0,0.0
2021-12-16,100000.0,1327.6637699999999,0,0.0,100000.0,0.0
2021-12-17,100000.0,1327.6637699999999,0,0.0,100000.0,0.0
2021-12-20,100000.0,1327.6637699999999,0,0.0,100000.0,0.0
2021-12-21,100000.0,1327.6637699999999,0,0.0,100000.0,0.0
2021-12-22,100000.0,1327.6637699999999,0,0.0,100000.0,0.0
2021-12-23,100000.0,1327.6637699999999,0,0.0,100000.0,0.0
2021-12-24,100000.0,1327.6637699999999,0,0.0,100000.0,0.0
2021-12-27,100000.0,1327.6637699999999,0,0.0,100000.0,0.0
2021-12-28,100000.0,1327.6637699999999,0,0.0,100000.0,0.0
2021-12-29,100000.0,1327.6637699999999,0,0.0,100000.0,0.0
2021-12-30,100000.0,1327.6637699999999,0,0.0,100000.0,0.0
2021-12-31,100000.0,1327.6637699999999,0,0.0,100000.0,0.0
2022-01-04,100000.0,1327.6637699999999,0,0.0,100000.0,0.0
2022-01-05,100000.0,1327.6637699999999,0,0.0,100000.0,0.0
2022-01-06,100000.0,1327.6637699999999,0,0.0,100000.0,0.0
2022-01-07,100000.0,1327.6637699999999,0,0.0,100000.0,0.0
2022-01-10,100000.0,1327.6637699999999,0,0.0,100000.0,0.0
2022-01-11,100000.0,1327.6637699999999,0,0.0,100000.0,0.0
2022-01-12,100000.0,1327.6637699999999,0,0.0,100000.0,0.0
2022-01-13,100000.0,1327.6637699999999,0,0.0,100000.0,0.0
2022-01-14,100000.0,1327.6637699999999,0,0.0,100000.0,0.0
2022-01-17,100000.0,1327.6637699999999,0,0.0,100000.0,0.0
2022-01-18,100000.0,1327.6637699999999,0,0.0,100000.0,0.0
2022-01-19,100000.0,1327.6637699999999,0,0.0,100000.0,0.0
2022-01-20,100000.0,1327.6637699999999,0,0.0,100000.0,0.0
2022-01-21,100000.0,1327.6637699999999,0,0.0,100000.0,0.0
2022-01-24,100000.0,1327.6637699999999,0,0.0,100000.0,0.0
2022-01-25,100000.0,1327.6637699999999,0,0.0,100000.0,0.0
2022-01-26,100000.0,1327.6637699999999,0,0.0,100000.0,0.0
2022-01-27,100000.0,1327.6637699999999,0,0.0,100000.0,0.0
2022-01-28,100000.0,1327.6637699999999,0,0.0,100000.0,0.0
2022-02-07,100000.0,1327.6637699999999,0,0.0,100000.0,0.0
2022-02-08,100000.0,1327.6637699999999,0,0.0,100000.0,0.0
2022-02-09,100000.0,1327.6637699999999,0,0.0,100000.0,0.0
2022-02-10,100000.0,1327.6637699999999,0,0.0,100000.0,0.0
2022-02-11,100000.0,1327.6637699999999,0,0.0,100000.0,0.0
2022-02-14,100000.0,1327.6637699999999,0,0.0,100000.0,0.0
2022-02-15,100000.0,1327.6637699999999,0,0.0,100000.0,0.0
2022-02-16,100000.0,1327.6637699999999,0,0.0,100000.0,0.0
2022-02-17,100000.0,1327.6637699999999,0,0.0,100000.0,0.0
2022-02-18,100000.0,1327.6637699999999,0,0.0,100000.0,0.0
2022-02-21,100000.0,1327.6637699999999,0,0.0,100000.0,0.0
2022-02-22,100000.0,1327.6637699999999,0,0.0,100000.0,0.0
2022-02-23,100000.0,1327.6637699999999,0,0.0,100000.0,0.0
2022-02-24,100000.0,1327.6637699999999,0,0.0,100000.0,0.0
2022-02-25,100000.0,1327.6637699999999,0,0.0,100000.0,0.0
2022-02-28,100000.0,1327.6637699999999,0,0.0,100000.0,0.0
2022-03-01,100000.0,1327.6637699999999,0,0.0,100000.0,0.0
2022-03-02,100000.0,1327.6637699999999,0,0.0,100000.0,0.0
2022-03-03,100000.0,1327.6637699999999,0,0.0,100000.0,0.0
2022-03-04,100000.0,1327.6637699999999,0,0.0,100000.0,0.0
2022-03-07,100000.0,1327.6637699999999,0,0.0,100000.0,0.0
2022-03-08,100000.0,1327.6637699999999,0,0.0,100000.0,0.0
2022-03-09,100000.0,1327.6637699999999,0,0.0,100000.0,0.0
2022-03-10,100000.0,1327.6637699999999,0,0.0,100000.0,0.0
2022-03-11,100000.0,1327.6637699999999,0,0.0,100000.0,0.0
2022-03-14,100000.0,1327.6637699999999,0,0.0,100000.0,0.0
2022-03-15,100000.0,1327.6637699999999,0,0.0,100000.0,0.0
2022-03-16,100000.0,1327.6637699999999,0,0.0,100000.0,0.0
2022-03-17,100000.0,1327.6637699999999,0,0.0,100000.0,0.0
2022-03-18,100000.0,1327.6637699999999,0,0.0,100000.0,0.0
2022-03-21,100000.0,1327.6637699999999,0,0.0,100000.0,0.0
2022-03-22,100000.0,1327.6637699999999,0,0.0,100000.0,0.0
2022-03-23,100000.0,1327.6637699999999,0,0.0,100000.0,0.0
2022-03-24,100000.0,1327.6637699999999,0,0.0,100000.0,0.0
2022-03-25,100000.0,1327.6637699999999,0,0.0,100000.0,0.0
2022-03-28,100000.0,1327.6637699999999,0,0.0,100000.0,0.0
2022-03-29,100000.0,1327.6637699999999,0,0.0,100000.0,0.0
2022-03-30,100000.0,1327.6637699999999,0,0.0,100000.0,0.0
2022-03-31,100000.0,1327.6637699999999,0,0.0,100000.0,0.0
2022-04-01,100000.0,1327.6637699999999,0,0.0,100000.0,0.0
2022-04-06,100000.0,1327.6637699999999,0,0.0,100000.0,0.0
2022-04-07,100000.0,1327.6637699999999,0,0.0,100000.0,0.0
2022-04-08,100000.0,1327.6637699999999,0,0.0,100000.0,0.0
2022-04-11,100000.0,1327.6637699999999,0,0.0,100000.0,0.0
2022-04-12,100000.0,1327.6637699999999,0,0.0,100000.0,0.0
2022-04-13,100000.0,1327.6637699999999,0,0.0,100000.0,0.0
2022-04-14,100000.0,1327.6637699999999,0,0.0,100000.0,0.0
2022-04-15,100000.0,1327.6637699999999,0,0.0,100000.0,0.0
2022-04-18,100000.0,1327.6637699999999,0,0.0,100000.0,0.0
2022-04-19,100000.0,1327.6637699999999,0,0.0,100000.0,0.0
2022-04-20,100000.0,1327.6637699999999,0,0.0,100000.0,0.0
2022-04-21,100000.0,1327.6637699999999,0,0.0,100000.0,0.0
2022-04-22,100000.0,1327.6637699999999,0,0.0,100000.0,0.0
2022-04-25,100000.0,1327.6637699999999,0,0.0,100000.0,0.0
2022-04-26,100000.0,1327.6637699999999,0,0.0,100000.0,0.0
2022-04-27,100000.0,1327.6637699999999,0,0.0,100000.0,0.0
2022-04-28,100000.0,1327.6637699999999,0,0.0,100000.0,0.0
2022-04-29,100000.0,1327.6637699999999,0,0.0,100000.0,0.0
2022-05-05,100000.0,1327.6637699999999,0,0.0,100000.0,0.0
2022-05-06,100000.0,1327.6637699999999,0,0.0,100000.0,0.0
2022-05-09,100000.0,1327.6637699999999,0,0.0,100000.0,0.0
2022-05-10,100000.0,1327.6637699999999,0,0.0,100000.0,0.0
2022-05-11,100000.0,1327.6637699999999,0,0.0,100000.0,0.0
2022-05-12,100000.0,1327.6637699999999,0,0.0,100000.0,0.0
2022-05-13,100000.0,1327.6637699999999,0,0.0,100000.0,0.0
2022-05-16,100000.0,1327.6637699999999,0,0.0,100000.0,0.0
2022-05-17,100000.0,1327.6637699999999,0,0.0,100000.0,0.0
2022-05-18,100000.0,1327.6637699999999,0,0.0,100000.0,0.0
2022-05-19,100000.0,1327.6637699999999,0,0.0,100000.0,0.0
2022-05-20,100000.0,1327.6637699999999,0,0.0,100000.0,0.0
2022-05-23,100000.0,1327.6637699999999,0,0.0,100000.0,0.0
2022-05-24,100000.0,1327.6637699999999,0,0.0,100000.0,0.0
2022-05-25,100000.0,1327.6637699999999,0,0.0,100000.0,0.0
2022-05-26,100000.0,1327.6637699999999,0,0.0,100000.0,0.0
2022-05-27,100000.0,1327.6637699999999,0,0.0,100000.0,0.0
2022-05-30,100000.0,1327.6637699999999,0,0.0,100000.0,0.0
2022-05-31,100000.0,1327.6637699999999,0,0.0,100000.0,0.0
2022-06-01,100000.0,1327.6637699999999,0,0.0,100000.0,0.0
2022-06-02,100000.0,1327.6637699999999,0,0.0,100000.0,0.0
2022-06-06,100000.0,1327.6637699999999,0,0.0,100000.0,0.0
2022-06-07,100000.0,1327.6637699999999,0,0.0,100000.0,0.0
2022-06-08,100000.0,1327.6637699999999,0,0.0,100000.0,0.0
2022-06-09,100000.0,1327.6637699999999,0,0.0,100000.0,0.0
2022-06-10,100000.0,1327.6637699999999,0,0.0,100000.0,0.0
2022-06-13,100000.0,1327.6637699999999,0,0.0,100000.0,0.0
2022-06-14,100000.0,1327.6637699999999,0,0.0,100000.0,0.0
2022-06-15,100000.0,1327.6637699999999,0,0.0,100000.0,0.0
2022-06-16,100000.0,1327.6637699999999,0,0.0,100000.0,0.0
2022-06-17,100000.0,1327.6637699999999,0,0.0,100000.0,0.0
2022-06-20,100000.0,1327.6637699999999,0,0.0,100000.0,0.0
2022-06-21,100000.0,1327.6637699999999,0,0.0,100000.0,0.0
2022-06-22,100000.0,1327.6637699999999,0,0.0,100000.0,0.0
2022-06-23,100000.0,1327.6637699999999,0,0.0,100000.0,0.0
2022-06-24,100000.0,1327.6637699999999,0,0.0,100000.0,0.0
2022-06-27,100000.0,1327.6637699999999,0,0.0,100000.0,0.0
2022-06-28,100000.0,1327.6637699999999,0,0.0,100000.0,0.0
2022-06-29,100000.0,1327.6637699999999,0,0.0,100000.0,0.0
2022-06-30,100000.0,1327.6637699999999,0,0.0,100000.0,0.0
2022-07-01,100000.0,1327.6637699999999,0,0.0,100000.0,0.0
2022-07-04,100000.0,1327.6637699999999,0,0.0,100000.0,0.0
2022-07-05,100000.0,1327.6637699999999,0,0.0,100000.0,0.0
2022-07-06,100000.0,1327.6637699999999,0,0.0,100000.0,0.0
2022-07-07,100000.0,1327.6637699999999,0,0.0,100000.0,0.0
2022-07-08,100000.0,1327.6637699999999,0,0.0,100000.0,0.0
2022-07-11,100000.0,1327.6637699999999,0,0.0,100000.0,0.0
2022-07-12,100000.0,1327.6637699999999,0,0.0,100000.0,0.0
2022-07-13,100000.0,1327.6637699999999,0,0.0,100000.0,0.0
2022-07-14,100000.0,1327.6637699999999,0,0.0,100000.0,0.0
2022-07-15,100000.0,1327.6637699999999,0,0.0,100000.0,0.0
2022-07-18,100000.0,1327.6637699999999,0,0.0,100000.0,0.0
2022-07-19,100000.0,1327.6637699999999,0,0.0,100000.0,0.0
2022-07-20,100000.0,1327.6637699999999,0,0.0,100000.0,0.0
2022-07-21,100000.0,1327.6637699999999,0,0.0,100000.0,0.0
2022-07-22,100000.0,1327.6637699999999,0,0.0,100000.0,0.0
2022-07-25,100000.0,1327.6637699999999,0,0.0,100000.0,0.0
2022-07-26,100000.0,1327.6637699999999,0,0.0,100000.0,0.0
2022-07-27,100000.0,1327.6637699999999,0,0.0,100000.0,0.0
2022-07-28,100000.0,1327.6637699999999,0,0.0,100000.0,0.0
2022-07-29,100000.0,1327.6637699999999,0,0.0,100000.0,0.0
2022-08-01,100000.0,1327.6637699999999,0,0.0,100000.0,0.0
2022-08-02,100000.0,1327.6637699999999,0,0.0,100000.0,0.0
2022-08-03,100000.0,1327.6637699999999,0,0.0,100000.0,0.0
2022-08-04,100000.0,1327.6637699999999,0,0.0,100000.0,0.0
2022-08-05,100000.0,1327.6637699999999,0,0.0,100000.0,0.0
2022-08-08,100000.0,1327.6637699999999,0,0.0,100000.0,0.0
2022-08-09,100000.0,1327.6637699999999,0,0.0,100000.0,0.0
2022-08-10,100000.0,1327.6637699999999,0,0.0,100000.0,0.0
2022-08-11,100000.0,1327.6637699999999,0,0.0,100000.0,0.0
2022-08-12,100000.0,1327.6637699999999,0,0.0,100000.0,0.0
2022-08-15,100000.0,1327.6637699999999,0,0.0,100000.0,0.0
2022-08-16,100000.0,1327.6637699999999,0,0.0,100000.0,0.0
2022-08-17,100000.0,1327.6637699999999,0,0.0,100000.0,0.0
2022-08-18,100000.0,1327.6637699999999,0,0.0,100000.0,0.0
2022-08-19,100000.0,1327.6637699999999,0,0.0,100000.0,0.0
2022-08-22,100000.0,1327.6637699999999,0,0.0,100000.0,0.0
2022-08-23,100000.0,1327.6637699999999,0,0.0,100000.0,0.0
2022-08-24,100000.0,1327.6637699999999,0,0.0,100000.0,0.0
2022-08-25,100000.0,1327.6637699999999,0,0.0,100000.0,0.0
2022-08-26,100000.0,1327.6637699999999,0,0.0,100000.0,0.0
2022-08-29,100000.0,1327.6637699999999,0,0.0,100000.0,0.0
2022-08-30,100000.0,1327.6637699999999,0,0.0,100000.0,0.0
2022-08-31,100000.0,1327.6637699999999,0,0.0,100000.0,0.0
2022-09-01,100000.0,1327.6637699999999,0,0.0,100000.0,0.0
2022-09-02,100000.0,1327.6637699999999,0,0.0,100000.0,0.0
2022-09-05,100000.0,1327.6637699999999,0,0.0,100000.0,0.0
2022-09-06,100000.0,1327.6637699999999,0,0.0,100000.0,0.0
2022-09-07,100000.0,1327.6637699999999,0,0.0,100000.0,0.0
2022-09-08,100000.0,1327.6637699999999,0,0.0,100000.0,0.0
2022-09-09,100000.0,1327.6637699999999,0,0.0,100000.0,0.0
2022-09-13,100000.0,1327.6637699999999,0,0.0,100000.0,0.0
2022-09-14,100000.0,1327.6637699999999,0,0.0,100000.0,0.0
2022-09-15,100000.0,1327.6637699999999,0,0.0,100000.0,0.0
2022-09-16,100000.0,1327.6637699999999,0,0.0,100000.0,0.0
2022-09-19,100000.0,1327.6637699999999,0,0.0,100000.0,0.0
2022-09-20,100000.0,1327.6637699999999,0,0.0,100000.0,0.0
2022-09-21,100000.0,1327.6637699999999,0,0.0,100000.0,0.0
2022-09-22,100000.0,1327.6637699999999,0,0.0,100000.0,0.0
2022-09-23,100000.0,1327.6637699999999,0,0.0,100000.0,0.0
2022-09-26,100000.0,1327.6637699999999,0,0.0,100000.0,0.0
2022-09-27,100000.0,1327.6637699999999,0,0.0,100000.0,0.0
2022-09-28,100000.0,1327.6637699999999,0,0.0,100000.0,0.0
2022-09-29,100000.0,1327.6637699999999,0,0.0,100000.0,0.0
2022-09-30,100000.0,1327.6637699999999,0,0.0,100000.0,0.0
2022-10-10,100000.0,1327.6637699999999,0,0.0,100000.0,0.0
2022-10-11,100000.0,1327.6637699999999,0,0.0,100000.0,0.0
2022-10-12,100000.0,1327.6637699999999,0,0.0,100000.0,0.0
2022-10-13,100000.0,1327.6637699999999,0,0.0,100000.0,0.0
2022-10-14,100000.0,1327.6637699999999,0,0.0,100000.0,0.0
2022-10-17,100000.0,1327.6637699999999,0,0.0,100000.0,0.0
2022-10-18,100000.0,1327.6637699999999,0,0.0,100000.0,0.0
2022-10-19,100000.0,1327.6637699999999,0,0.0,100000.0,0.0
2022-10-20,100000.0,1327.6637699999999,0,0.0,100000.0,0.0
2022-10-21,100000.0,1327.6637699999999,0,0.0,100000.0,0.0
2022-10-24,100000.0,1327.6637699999999,0,0.0,100000.0,0.0
2022-10-25,100000.0,1327.6637699999999,0,0.0,100000.0,0.0
2022-10-26,100000.0,1327.6637699999999,0,0.0,100000.0,0.0
2022-10-27,100000.0,1327.6637699999999,0,0.0,100000.0,0.0
2022-10-28,100000.0,1327.6637699999999,0,0.0,100000.0,0.0
2022-10-31,100000.0,1327.6637699999999,0,0.0,100000.0,0.0
2022-11-01,100000.0,1327.6637699999999,0,0.0,100000.0,0.0
2022-11-02,100000.0,1327.6637699999999,0,0.0,100000.0,0.0
2022-11-03,100000.0,1327.6637699999999,0,0.0,100000.0,0.0
2022-11-04,100000.0,1327.6637699999999,0,0.0,100000.0,0.0
2022-11-07,100000.0,1327.6637699999999,0,0.0,100000.0,0.0
2022-11-08,100000.0,1327.6637699999999,0,0.0,100000.0,0.0
2022-11-09,100000.0,1327.6637699999999,0,0.0,100000.0,0.0
2022-11-10,100000.0,1327.6637699999999,0,0.0,100000.0,0.0
2022-11-11,100000.0,1327.6637699999999,0,0.0,100000.0,0.0
2022-11-14,100000.0,1327.6637699999999,0,0.0,100000.0,0.0
2022-11-15,100000.0,1327.6637699999999,0,0.0,100000.0,0.0
2022-11-16,100000.0,1327.6637699999999,0,0.0,100000.0,0.0
2022-11-17,100000.0,1327.6637699999999,0,0.0,100000.0,0.0
2022-11-18,100000.0,1327.6637699999999,0,0.0,100000.0,0.0
2022-11-21,100000.0,1327.6637699999999,0,0.0,100000.0,0.0
2022-11-22,100000.0,1327.6637699999999,0,0.0,100000.0,0.0
2022-11-23,100000.0,1327.6637699999999,0,0.0,100000.0,0.0
2022-11-24,100000.0,1327.6637699999999,0,0.0,100000.0,0.0
2022-11-25,100000.0,1327.6637699999999,0,0.0,100000.0,0.0
2022-11-28,100000.0,1327.6637699999999,0,0.0,100000.0,0.0
2022-11-29,100000.0,1327.6637699999999,0,0.0,100000.0,0.0
2022-11-30,100000.0,1327.6637699999999,0,0.0,100000.0,0.0
2022-12-01,100000.0,1327.6637699999999,0,0.0,100000.0,0.0
2022-12-02,100000.0,1327.6637699999999,0,0.0,100000.0,0.0
2022-12-05,100000.0,1327.6637699999999,0,0.0,100000.0,0.0
2022-12-06,100000.0,1327.6637699999999,0,0.0,100000.0,0.0
2022-12-07,100000.0,1327.6637699999999,0,0.0,100000.0,0.0
2022-12-08,100000.0,1327.6637699999999,0,0.0,100000.0,0.0
2022-12-09,100000.0,1327.6637699999999,0,0.0,100000.0,0.0
2022-12-12,100000.0,1327.6637699999999,0,0.0,100000.0,0.0
2022-12-13,100000.0,1327.6637699999999,0,0.0,100000.0,0.0
2022-12-14,100000.0,1327.6637699999999,0,0.0,100000.0,0.0
2022-12-15,100000.0,1327.6637699999999,0,0.0,100000.0,0.0
2022-12-16,100000.0,1327.6637699999999,0,0.0,100000.0,0.0
2022-12-19,100000.0,1327.6637699999999,0,0.0,100000.0,0.0
2022-12-20,100000.0,1327.6637699999999,0,0.0,100000.0,0.0
2022-12-21,100000.0,1327.6637699999999,0,0.0,100000.0,0.0
2022-12-22,100000.0,1327.6637699999999,0,0.0,100000.0,0.0
2022-12-23,100000.0,1327.6637699999999,0,0.0,100000.0,0.0
2022-12-26,100000.0,1327.6637699999999,0,0.0,100000.0,0.0
2022-12-27,100000.0,1327.6637699999999,0,0.0,100000.0,0.0
2022-12-28,100000.0,1327.6637699999999,0,0.0,100000.0,0.0
2022-12-29,100000.0,1327.6637699999999,0,0.0,100000.0,0.0
2022-12-30,100000.0,1327.6637699999999,0,0.0,100000.0,0.0
2023-01-03,100000.0,1327.6637699999999,0,0.0,100000.0,0.0
2023-01-04,100000.0,1327.6637699999999,0,0.0,100000.0,0.0
2023-01-05,100000.0,1327.6637699999999,0,0.0,100000.0,0.0
2023-01-06,100000.0,1327.6637699999999,0,0.0,100000.0,0.0
2023-01-09,100000.0,1327.6637699999999,0,0.0,100000.0,0.0
2023-01-10,100000.0,1327.6637699999999,0,0.0,100000.0,0.0
2023-01-11,100000.0,1327.6637699999999,0,0.0,100000.0,0.0
2023-01-12,100000.0,1327.6637699999999,0,0.0,100000.0,0.0
2023-01-13,100000.0,1327.6637699999999,0,0.0,100000.0,0.0
2023-01-16,100000.0,1327.6637699999999,0,0.0,100000.0,0.0
2023-01-17,100000.0,1327.6637699999999,0,0.0,100000.0,0.0
2023-01-18,100000.0,1327.6637699999999,0,0.0,100000.0,0.0
2023-01-19,100000.0,1327.6637699999999,0,0.0,100000.0,0.0
2023-01-20,100000.0,1327.6637699999999,0,0.0,100000.0,0.0
2023-01-30,100000.0,1327.6637699999999,0,0.0,100000.0,0.0
2023-01-31,100000.0,1327.6637699999999,0,0.0,100000.0,0.0
2023-02-01,100000.0,1327.6637699999999,0,0.0,100000.0,0.0
2023-02-02,100000.0,1327.6637699999999,0,0.0,100000.0,0.0
2023-02-03,100000.0,1327.6637699999999,0,0.0,100000.0,0.0
2023-02-06,100000.0,1327.6637699999999,0,0.0,100000.0,0.0
2023-02-07,100000.0,1327.6637699999999,0,0.0,100000.0,0.0
2023-02-08,100000.0,1327.6637699999999,0,0.0,100000.0,0.0
2023-02-09,100000.0,1327.6637699999999,0,0.0,100000.0,0.0
2023-02-10,100000.0,1327.6637699999999,0,0.0,100000.0,0.0
2023-02-13,100000.0,1327.6637699999999,0,0.0,100000.0,0.0
2023-02-14,100000.0,1327.6637699999999,0,0.0,100000.0,0.0
2023-02-15,100000.0,1327.6637699999999,0,0.0,100000.0,0.0
2023-02-16,100000.0,1327.6637699999999,0,0.0,100000.0,0.0
2023-02-17,100000.0,1327.6637699999999,0,0.0,100000.0,0.0
2023-02-20,100000.0,1327.6637699999999,0,0.0,100000.0,0.0
2023-02-21,100000.0,1327.6637699999999,0,0.0,100000.0,0.0
2023-02-22,100000.0,1327.6637699999999,0,0.0,100000.0,0.0
2023-02-23,100000.0,1327.6637699999999,0,0.0,100000.0,0.0
2023-02-24,100000.0,1327.6637699999999,0,0.0,100000.0,0.0
2023-02-27,100000.0,1327.6637699999999,0,0.0,100000.0,0.0
2023-02-28,100000.0,1327.6637699999999,0,0.0,100000.0,0.0
2023-03-01,100000.0,1327.6637699999999,0,0.0,100000.0,0.0
2023-03-02,100000.0,1327.6637699999999,0,0.0,100000.0,0.0
2023-03-03,100000.0,1327.6637699999999,0,0.0,100000.0,0.0
2023-03-06,100000.0,1327.6637699999999,0,0.0,100000.0,0.0
2023-03-07,100000.0,1327.6637699999999,0,0.0,100000.0,0.0
2023-03-08,100000.0,1327.6637699999999,0,0.0,100000.0,0.0
2023-03-09,100000.0,1327.6637699999999,0,0.0,100000.0,0.0
2023-03-10,100000.0,1327.6637699999999,0,0.0,100000.0,0.0
2023-03-13,100000.0,1327.6637699999999,0,0.0,100000.0,0.0
2023-03-14,100000.0,1327.6637699999999,0,0.0,100000.0,0.0
2023-03-15,100000.0,1327.6637699999999,0,0.0,100000.0,0.0
2023-03-16,100000.0,1327.6637699999999,0,0.0,100000.0,0.0
2023-03-17,100000.0,1327.6637699999999,0,0.0,100000.0,0.0
2023-03-20,100000.0,1327.6637699999999,0,0.0,100000.0,0.0
2023-03-21,100000.0,1327.6637699999999,0,0.0,100000.0,0.0
2023-03-22,100000.0,1327.6637699999999,0,0.0,100000.0,0.0
2023-03-23,100000.0,1327.6637699999999,0,0.0,100000.0,0.0
2023-03-24,100000.0,1327.6637699999999,0,0.0,100000.0,0.0
2023-03-27,100000.0,1327.6637699999999,0,0.0,100000.0,0.0
2023-03-28,100000.0,1327.6637699999999,0,0.0,100000.0,0.0
2023-03-29,100000.0,1327.6637699999999,0,0.0,100000.0,0.0
2023-03-30,100000.0,1327.6637699999999,0,0.0,100000.0,0.0
2023-03-31,100000.0,1327.6637699999999,0,0.0,100000.0,0.0
2023-04-03,100000.0,1327.6637699999999,0,0.0,100000.0,0.0
2023-04-04,100000.0,1327.6637699999999,0,0.0,100000.0,0.0
2023-04-06,100000.0,1327.6637699999999,0,0.0,100000.0,0.0
2023-04-07,100000.0,1327.6637699999999,0,0.0,100000.0,0.0
2023-04-10,100000.0,1327.6637699999999,0,0.0,100000.0,0.0
2023-04-11,100000.0,1327.6637699999999,0,0.0,100000.0,0.0
2023-04-12,100000.0,1327.6637699999999,0,0.0,100000.0,0.0
2023-04-13,100000.0,1327.6637699999999,0,0.0,100000.0,0.0
2023-04-14,100000.0,1327.6637699999999,0,0.0,100000.0,0.0
2023-04-17,100000.0,1327.6637699999999,0,0.0,100000.0,0.0
2023-04-18,100000.0,1327.6637699999999,0,0.0,100000.0,0.0
2023-04-19,100000.0,1327.6637699999999,0,0.0,100000.0,0.0
2023-04-20,100000.0,1327.6637699999999,0,0.0,100000.0,0.0
2023-04-21,100000.0,1327.6637699999999,0,0.0,100000.0,0.0
2023-04-24,100000.0,1327.6637699999999,0,0.0,100000.0,0.0
2023-04-25,100000.0,1327.6637699999999,0,0.0,100000.0,0.0
2023-04-26,100000.0,1327.6637699999999,0,0.0,100000.0,0.0
2023-04-27,100000.0,1327.6637699999999,0,0.0,100000.0,0.0
2023-04-28,100000.0,1327.6637699999999,0,0.0,100000.0,0.0
2023-05-04,100000.0,1327.6637699999999,0,0.0,100000.0,0.0
2023-05-05,100000.0,1327.6637699999999,0,0.0,100000.0,0.0
2023-05-08,100000.0,1327.6637699999999,0,0.0,100000.0,0.0
2023-05-09,100000.0,1327.6637699999999,0,0.0,100000.0,0.0
2023-05-10,100000.0,1327.6637699999999,0,0.0,100000.0,0.0
2023-05-11,100000.0,1327.6637699999999,0,0.0,100000.0,0.0
2023-05-12,100000.0,1327.6637699999999,0,0.0,100000.0,0.0
2023-05-15,100000.0,1327.6637699999999,0,0.0,100000.0,0.0
2023-05-16,100000.0,1327.6637699999999,0,0.0,100000.0,0.0
2023-05-17,100000.0,1327.6637699999999,0,0.0,100000.0,0.0
2023-05-18,100000.0,1327.6637699999999,0,0.0,100000.0,0.0
2023-05-19,100000.0,1327.6637699999999,0,0.0,100000.0,0.0
2023-05-22,100000.0,1327.6637699999999,0,0.0,100000.0,0.0
2023-05-23,100000.0,1327.6637699999999,0,0.0,100000.0,0.0
2023-05-24,100000.0,1327.6637699999999,0,0.0,100000.0,0.0
2023-05-25,100000.0,1327.6637699999999,0,0.0,100000.0,0.0
2023-05-26,100000.0,1327.6637699999999,0,0.0,100000.0,0.0
2023-05-29,100000.0,1327.6637699999999,0,0.0,100000.0,0.0
2023-05-30,100000.0,1327.6637699999999,0,0.0,100000.0,0.0
2023-05-31,100000.0,1327.6637699999999,0,0.0,100000.0,0.0
2023-06-01,100000.0,1327.6637699999999,0,0.0,100000.0,0.0
2023-06-02,100000.0,1327.6637699999999,0,0.0,100000.0,0.0
2023-06-05,100000.0,1327.6637699999999,0,0.0,100000.0,0.0
2023-06-06,100000.0,1327.6637699999999,0,0.0,100000.0,0.0
2023-06-07,100000.0,1327.6637699999999,0,0.0,100000.0,0.0
2023-06-08,100000.0,1327.6637699999999,0,0.0,100000.0,0.0
2023-06-09,100000.0,1327.6637699999999,0,0.0,100000.0,0.0
2023-06-12,100000.0,1327.6637699999999,0,0.0,100000.0,0.0
2023-06-13,100000.0,1327.6637699999999,0,0.0,100000.0,0.0
2023-06-14,100000.0,1327.6637699999999,0,0.0,100000.0,0.0
2023-06-15,100000.0,1327.6637699999999,0,0.0,100000.0,0.0
2023-06-16,100000.0,1327.6637699999999,0,0.0,100000.0,0.0
2023-06-19,100000.0,1327.6637699999999,0,0.0,100000.0,0.0
2023-06-20,100000.0,1327.6637699999999,0,0.0,100000.0,0.0
2023-06-21,100000.0,1327.6637699999999,0,0.0,100000.0,0.0
2023-06-26,100000.0,1327.6637699999999,0,0.0,100000.0,0.0
2023-06-27,100000.0,1327.6637699999999,0,0.0,100000.0,0.0
2023-06-28,100000.0,1327.6637699999999,0,0.0,100000.0,0.0
2023-06-29,100000.0,1327.6637699999999,0,0.0,100000.0,0.0
2023-06-30,100000.0,1327.6637699999999,0,0.0,100000.0,0.0
2023-07-03,100000.0,1327.6637699999999,0,0.0,100000.0,0.0
2023-07-04,100000.0,1327.6637699999999,0,0.0,100000.0,0.0
2023-07-05,100000.0,1327.6637699999999,0,0.0,100000.0,0.0
2023-07-06,100000.0,1327.6637699999999,0,0.0,100000.0,0.0
2023-07-07,100000.0,1327.6637699999999,0,0.0,100000.0,0.0
2023-07-10,100000.0,1327.6637699999999,0,0.0,100000.0,0.0
2023-07-11,100000.0,1327.6637699999999,0,0.0,100000.0,0.0
2023-07-12,100000.0,1327.6637699999999,0,0.0,100000.0,0.0
2023-07-13,100000.0,1327.6637699999999,0,0.0,100000.0,0.0
2023-07-14,100000.0,1327.6637699999999,0,0.0,100000.0,0.0
2023-07-17,100000.0,1327.6637699999999,0,0.0,100000.0,0.0
2023-07-18,100000.0,1327.6637699999999,0,0.0,100000.0,0.0
2023-07-19,100000.0,1327.6637699999999,0,0.0,100000.0,0.0
2023-07-20,100000.0,1327.6637699999999,0,0.0,100000.0,0.0
2023-07-21,100000.0,1327.6637699999999,0,0.0,100000.0,0.0
2023-07-24,100000.0,1327.6637699999999,0,0.0,100000.0,0.0
2023-07-25,100000.0,1327.6637699999999,0,0.0,100000.0,0.0
2023-07-26,100000.0,1327.6637699999999,0,0.0,100000.0,0.0
2023-07-27,100000.0,1327.6637699999999,0,0.0,100000.0,0.0
2023-07-28,100000.0,1327.6637699999999,0,0.0,100000.0,0.0
2023-07-31,100000.0,1327.6637699999999,0,0.0,100000.0,0.0
2023-08-01,100000.0,1327.6637699999999,0,0.0,100000.0,0.0
2023-08-02,100000.0,1327.6637699999999,0,0.0,100000.0,0.0
2023-08-03,100000.0,1327.6637699999999,0,0.0,100000.0,0.0
2023-08-04,100000.0,1327.6637699999999,0,0.0,100000.0,0.0
2023-08-07,100000.0,1327.6637699999999,0,0.0,100000.0,0.0
2023-08-08,100000.0,1327.6637699999999,0,0.0,100000.0,0.0
2023-08-09,100000.0,1327.6637699999999,0,0.0,100000.0,0.0
2023-08-10,100000.0,1327.6637699999999,0,0.0,100000.0,0.0
2023-08-11,100000.0,1327.6637699999999,0,0.0,100000.0,0.0
2023-08-14,100000.0,1327.6637699999999,0,0.0,100000.0,0.0
2023-08-15,100000.0,1327.6637699999999,0,0.0,100000.0,0.0
2023-08-16,100000.0,1327.6637699999999,0,0.0,100000.0,0.0
2023-08-17,100000.0,1327.6637699999999,0,0.0,100000.0,0.0
2023-08-18,100000.0,1327.6637699999999,0,0.0,100000.0,0.0
2023-08-21,100000.0,1327.6637699999999,0,0.0,100000.0,0.0
2023-08-22,100000.0,1327.6637699999999,0,0.0,100000.0,0.0
2023-08-23,100000.0,1327.6637699999999,0,0.0,100000.0,0.0
2023-08-24,100000.0,1327.6637699999999,0,0.0,100000.0,0.0
2023-08-25,100000.0,1327.6637699999999,0,0.0,100000.0,0.0
2023-08-28,100000.0,1327.6637699999999,0,0.0,100000.0,0.0
2023-08-29,100000.0,1327.6637699999999,0,0.0,100000.0,0.0
2023-08-30,100000.0,1327.6637699999999,0,0.0,100000.0,0.0
2023-08-31,100000.0,1327.6637699999999,0,0.0,100000.0,0.0
2023-09-01,100000.0,1327.6637699999999,0,0.0,100000.0,0.0
2023-09-04,100000.0,1327.6637699999999,0,0.0,100000.0,0.0
2023-09-05,100000.0,1327.6637699999999,0,0.0,100000.0,0.0
2023-09-06,100000.0,1327.6637699999999,0,0.0,100000.0,0.0
2023-09-07,100000.0,1327.6637699999999,0,0.0,100000.0,0.0
2023-09-08,100000.0,1327.6637699999999,0,0.0,100000.0,0.0
2023-09-11,100000.0,1327.6637699999999,0,0.0,100000.0,0.0
2023-09-12,100000.0,1327.6637699999999,0,0.0,100000.0,0.0
2023-09-13,100000.0,1327.6637699999999,0,0.0,100000.0,0.0
2023-09-14,100000.0,1327.6637699999999,0,0.0,100000.0,0.0
2023-09-15,100000.0,1327.6637699999999,0,0.0,100000.0,0.0
2023-09-18,100000.0,1327.6637699999999,0,0.0,100000.0,0.0
2023-09-19,100000.0,1327.6637699999999,0,0.0,100000.0,0.0
2023-09-20,100000.0,1327.6637699999999,0,0.0,100000.0,0.0
2023-09-21,100000.0,1327.6637699999999,0,0.0,100000.0,0.0
2023-09-22,100000.0,1327.6637699999999,0,0.0,100000.0,0.0
2023-09-25,100000.0,1327.6637699999999,0,0.0,100000.0,0.0
2023-09-26,100000.0,1327.6637699999999,0,0.0,100000.0,0.0
2023-09-27,100000.0,1327.6637699999999,0,0.0,100000.0,0.0
2023-09-28,100000.0,1327.6637699999999,0,0.0,100000.0,0.0
2023-10-09,100000.0,1327.6637699999999,0,0.0,100000.0,0.0
2023-10-10,100000.0,1327.6637699999999,0,0.0,100000.0,0.0
2023-10-11,100000.0,1327.6637699999999,0,0.0,100000.0,0.0
2023-10-12,100000.0,1327.6637699999999,0,0.0,100000.0,0.0
2023-10-13,100000.0,1327.6637699999999,0,0.0,100000.0,0.0
2023-10-16,100000.0,1327.6637699999999,0,0.0,100000.0,0.0
2023-10-17,100000.0,1327.6637699999999,0,0.0,100000.0,0.0
2023-10-18,100000.0,1327.6637699999999,0,0.0,100000.0,0.0
2023-10-19,100000.0,1327.6637699999999,0,0.0,100000.0,0.0
2023-10-20,100000.0,1327.6637699999999,0,0.0,100000.0,0.0
2023-10-23,100000.0,1327.6637699999999,0,0.0,100000.0,0.0
2023-10-24,100000.0,1327.6637699999999,0,0.0,100000.0,0.0
2023-10-25,100000.0,1327.6637699999999,0,0.0,100000.0,0.0
2023-10-26,100000.0,1327.6637699999999,0,0.0,100000.0,0.0
2023-10-27,100000.0,1327.6637699999999,0,0.0,100000.0,0.0
2023-10-30,100000.0,1327.6637699999999,0,0.0,100000.0,0.0
2023-10-31,100000.0,1327.6637699999999,0,0.0,100000.0,0.0
2023-11-01,100000.0,1327.6637699999999,0,0.0,100000.0,0.0
2023-11-02,100000.0,1327.6637699999999,0,0.0,100000.0,0.0
2023-11-03,100000.0,1327.6637699999999,0,0.0,100000.0,0.0
2023-11-06,100000.0,1327.6637699999999,0,0.0,100000.0,0.0
2023-11-07,100000.0,1327.6637699999999,0,0.0,100000.0,0.0
2023-11-08,100000.0,1327.6637699999999,0,0.0,100000.0,0.0
2023-11-09,100000.0,1327.6637699999999,0,0.0,100000.0,0.0
2023-11-10,100000.0,1327.6637699999999,0,0.0,100000.0,0.0
2023-11-13,100000.0,1327.6637699999999,0,0.0,100000.0,0.0
2023-11-14,100000.0,1327.6637699999999,0,0.0,100000.0,0.0
2023-11-15,100000.0,1327.6637699999999,0,0.0,100000.0,0.0
2023-11-16,100000.0,1327.6637699999999,0,0.0,100000.0,0.0
2023-11-17,100000.0,1327.6637699999999,0,0.0,100000.0,0.0
2023-11-20,100000.0,1327.6637699999999,0,0.0,100000.0,0.0
2023-11-21,100000.0,1327.6637699999999,0,0.0,100000.0,0.0
2023-11-22,100000.0,1327.6637699999999,0,0.0,100000.0,0.0
2023-11-23,100000.0,1327.6637699999999,0,0.0,100000.0,0.0
2023-11-24,100000.0,1327.6637699999999,0,0.0,100000.0,0.0
2023-11-27,100000.0,1327.6637699999999,0,0.0,100000.0,0.0
2023-11-28,100000.0,1327.6637699999999,0,0.0,100000.0,0.0
2023-11-29,100000.0,1327.6637699999999,0,0.0,100000.0,0.0
2023-11-30,100000.0,1327.6637699999999,0,0.0,100000.0,0.0
2023-12-01,100000.0,1327.6637699999999,0,0.0,100000.0,0.0
2023-12-04,100000.0,1327.6637699999999,0,0.0,100000.0,0.0
2023-12-05,100000.0,1327.6637699999999,0,0.0,100000.0,0.0
2023-12-06,100000.0,1327.6637699999999,0,0.0,100000.0,0.0
2023-12-07,100000.0,1327.6637699999999,0,0.0,100000.0,0.0
2023-12-08,100000.0,1327.6637699999999,0,0.0,100000.0,0.0
2023-12-11,100000.0,1327.6637699999999,0,0.0,100000.0,0.0
2023-12-12,100000.0,1327.6637699999999,0,0.0,100000.0,0.0
2023-12-13,100000.0,1327.6637699999999,0,0.0,100000.0,0.0
2023-12-14,100000.0,1327.6637699999999,0,0.0,100000.0,0.0
2023-12-15,100000.0,1327.6637699999999,0,0.0,100000.0,0.0
2023-12-18,100000.0,1327.6637699999999,0,0.0,100000.0,0.0
2023-12-19,100000.0,1327.6637699999999,0,0.0,100000.0,0.0
2023-12-20,100000.0,1327.6637699999999,0,0.0,100000.0,0.0
2023-12-21,100000.0,1327.6637699999999,0,0.0,100000.0,0.0
2023-12-22,100000.0,1327.6637699999999,0,0.0,100000.0,0.0
2023-12-25,100000.0,1327.6637699999999,0,0.0,100000.0,0.0
2023-12-26,100000.0,1327.6637699999999,0,0.0,100000.0,0.0
2023-12-27,100000.0,1327.6637699999999,0,0.0,100000.0,0.0
2023-12-28,100000.0,1327.6637699999999,0,0.0,100000.0,0.0
2023-12-29,100000.0,1327.6637699999999,0,0.0,100000.0,0.0
2024-01-02,100000.0,1327.6637699999999,0,0.0,100000.0,0.0
2024-01-03,100000.0,1327.6637699999999,0,0.0,100000.0,0.0
2024-01-04,100000.0,1327.6637699999999,0,0.0,100000.0,0.0
2024-01-05,100000.0,1327.6637699999999,0,0.0,100000.0,0.0
2024-01-08,100000.0,1327.6637699999999,0,0.0,100000.0,0.0
2024-01-09,100000.0,1327.6637699999999,0,0.0,100000.0,0.0
2024-01-10,100000.0,1327.6637699999999,0,0.0,100000.0,0.0
2024-01-11,100000.0,1327.6637699999999,0,0.0,100000.0,0.0
2024-01-12,100000.0,1327.6637699999999,0,0.0,100000.0,0.0
2024-01-15,100000.0,1327.6637699999999,0,0.0,100000.0,0.0
2024-01-16,100000.0,1327.6637699999999,0,0.0,100000.0,0.0
2024-01-17,100000.0,1327.6637699999999,0,0.0,100000.0,0.0
2024-01-18,100000.0,1327.6637699999999,0,0.0,100000.0,0.0
2024-01-19,100000.0,1327.6637699999999,0,0.0,100000.0,0.0
2024-01-22,100000.0,1327.6637699999999,0,0.0,100000.0,0.0
2024-01-23,100000.0,1327.6637699999999,0,0.0,100000.0,0.0
2024-01-24,100000.0,1327.6637699999999,0,0.0,100000.0,0.0
2024-01-25,100000.0,1327.6637699999999,0,0.0,100000.0,0.0
2024-01-26,100000.0,1327.6637699999999,0,0.0,100000.0,0.0
2024-01-29,100000.0,1327.6637699999999,0,0.0,100000.0,0.0
2024-01-30,100000.0,1327.6637699999999,0,0.0,100000.0,0.0
2024-01-31,100000.0,1327.6637699999999,0,0.0,100000.0,0.0
2024-02-01,100000.0,1327.6637699999999,0,0.0,100000.0,0.0
2024-02-02,100000.0,1327.6637699999999,0,0.0,100000.0,0.0
2024-02-05,100000.0,1327.6637699999999,0,0.0,100000.0,0.0
2024-02-06,100000.0,1327.6637699999999,0,0.0,100000.0,0.0
2024-02-07,100000.0,1327.6637699999999,0,0.0,100000.0,0.0
2024-02-08,100000.0,1327.6637699999999,0,0.0,100000.0,0.0
2024-02-19,100000.0,1327.6637699999999,0,0.0,100000.0,0.0
2024-02-20,100000.0,1327.6637699999999,0,0.0,100000.0,0.0
2024-02-21,100000.0,1327.6637699999999,0,0.0,100000.0,0.0
2024-02-22,100000.0,1327.6637699999999,0,0.0,100000.0,0.0
2024-02-23,100000.0,1327.6637699999999,0,0.0,100000.0,0.0
2024-02-26,100000.0,1327.6637699999999,0,0.0,100000.0,0.0
2024-02-27,100000.0,1327.6637699999999,0,0.0,100000.0,0.0
2024-02-28,100000.0,1327.6637699999999,0,0.0,100000.0,0.0
2024-02-29,100000.0,1327.6637699999999,0,0.0,100000.0,0.0
2024-03-01,100000.0,1327.6637699999999,0,0.0,100000.0,0.0
2024-03-04,100000.0,1327.6637699999999,0,0.0,100000.0,0.0
2024-03-05,100000.0,1327.6637699999999,0,0.0,100000.0,0.0
2024-03-06,100000.0,1327.6637699999999,0,0.0,100000.0,0.0
2024-03-07,100000.0,1327.6637699999999,0,0.0,100000.0,0.0
2024-03-08,100000.0,1327.6637699999999,0,0.0,100000.0,0.0
2024-03-11,100000.0,1327.6637699999999,0,0.0,100000.0,0.0
2024-03-12,100000.0,1327.6637699999999,0,0.0,100000.0,0.0
2024-03-13,100000.0,1327.6637699999999,0,0.0,100000.0,0.0
2024-03-14,100000.0,1327.6637699999999,0,0.0,100000.0,0.0
2024-03-15,100000.0,1327.6637699999999,0,0.0,100000.0,0.0
2024-03-18,100000.0,1327.6637699999999,0,0.0,100000.0,0.0
2024-03-19,100000.0,1327.6637699999999,0,0.0,100000.0,0.0
2024-03-20,100000.0,1327.6637699999999,0,0.0,100000.0,0.0
2024-03-21,100000.0,1327.6637699999999,0,0.0,100000.0,0.0
2024-03-22,100000.0,1327.6637699999999,0,0.0,100000.0,0.0
2024-03-25,100000.0,1327.6637699999999,0,0.0,100000.0,0.0
2024-03-26,100000.0,1327.6637699999999,0,0.0,100000.0,0.0
2024-03-27,100000.0,1327.6637699999999,0,0.0,100000.0,0.0
2024-03-28,100000.0,1327.6637699999999,0,0.0,100000.0,0.0
2024-03-29,100000.0,1327.6637699999999,0,0.0,100000.0,0.0
2024-04-01,100000.0,1327.6637699999999,0,0.0,100000.0,0.0
2024-04-02,100000.0,1327.6637699999999,0,0.0,100000.0,0.0
2024-04-03,100000.0,1327.6637699999999,0,0.0,100000.0,0.0
2024-04-08,100000.0,1327.6637699999999,0,0.0,100000.0,0.0
2024-04-09,100000.0,1327.6637699999999,0,0.0,100000.0,0.0
2024-04-10,100000.0,1327.6637699999999,0,0.0,100000.0,0.0
2024-04-11,100000.0,1327.6637699999999,0,0.0,100000.0,0.0
2024-04-12,100000.0,1327.6637699999999,0,0.0,100000.0,0.0
2024-04-15,100000.0,1327.6637699999999,0,0.0,100000.0,0.0
2024-04-16,100000.0,1327.6637699999999,0,0.0,100000.0,0.0
2024-04-17,100000.0,1327.6637699999999,0,0.0,100000.0,0.0
2024-04-18,100000.0,1327.6637699999999,0,0.0,100000.0,0.0
2024-04-19,100000.0,1327.6637699999999,0,0.0,100000.0,0.0
2024-04-22,100000.0,1327.6637699999999,0,0.0,100000.0,0.0
2024-04-23,100000.0,1327.6637699999999,0,0.0,100000.0,0.0
2024-04-24,100000.0,1327.6637699999999,0,0.0,100000.0,0.0
2024-04-25,100000.0,1327.6637699999999,0,0.0,100000.0,0.0
2024-04-26,100000.0,1327.6637699999999,0,0.0,100000.0,0.0
2024-04-29,100000.0,1327.6637699999999,0,0.0,100000.0,0.0
2024-04-30,100000.0,1327.6637699999999,0,0.0,100000.0,0.0
2024-05-06,100000.0,1327.6637699999999,0,0.0,100000.0,0.0
2024-05-07,100000.0,1327.6637699999999,0,0.0,100000.0,0.0
2024-05-08,100000.0,1327.6637699999999,0,0.0,100000.0,0.0
2024-05-09,100000.0,1327.6637699999999,0,0.0,100000.0,0.0
2024-05-10,100000.0,1327.6637699999999,0,0.0,100000.0,0.0
2024-05-13,100000.0,1327.6637699999999,0,0.0,100000.0,0.0
2024-05-14,100000.0,1327.6637699999999,0,0.0,100000.0,0.0
2024-05-15,100000.0,1327.6637699999999,0,0.0,100000.0,0.0
2024-05-16,100000.0,1327.6637699999999,0,0.0,100000.0,0.0
2024-05-17,100000.0,1327.6637699999999,0,0.0,100000.0,0.0
2024-05-20,100000.0,1327.6637699999999,0,0.0,100000.0,0.0
2024-05-21,100000.0,1327.6637699999999,0,0.0,100000.0,0.0
2024-05-22,100000.0,1327.6637699999999,0,0.0,100000.0,0.0
2024-05-23,100000.0,1327.6637699999999,0,0.0,100000.0,0.0
2024-05-24,100000.0,1327.6637699999999,0,0.0,100000.0,0.0
2024-05-27,100000.0,1327.6637699999999,0,0.0,100000.0,0.0
2024-05-28,100000.0,1327.6637699999999,0,0.0,100000.0,0.0
2024-05-29,100000.0,1327.6637699999999,0,0.0,100000.0,0.0
2024-05-30,100000.0,1327.6637699999999,0,0.0,100000.0,0.0
2024-05-31,100000.0,1327.6637699999999,0,0.0,100000.0,0.0
2024-06-03,100000.0,1327.6637699999999,0,0.0,100000.0,0.0
2024-06-04,100000.0,1327.6637699999999,0,0.0,100000.0,0.0
2024-06-05,100000.0,1327.6637699999999,0,0.0,100000.0,0.0
2024-06-06,100000.0,1327.6637699999999,0,0.0,100000.0,0.0
2024-06-07,100000.0,1327.6637699999999,0,0.0,100000.0,0.0
2024-06-11,100000.0,1327.6637699999999,0,0.0,100000.0,0.0
2024-06-12,100000.0,1327.6637699999999,0,0.0,100000.0,0.0
2024-06-13,100000.0,1327.6637699999999,0,0.0,100000.0,0.0
2024-06-14,100000.0,1327.6637699999999,0,0.0,100000.0,0.0
2024-06-17,100000.0,1327.6637699999999,0,0.0,100000.0,0.0
2024-06-18,100000.0,1327.6637699999999,0,0.0,100000.0,0.0
2024-06-19,100000.0,1327.6637699999999,0,0.0,100000.0,0.0
2024-06-20,100000.0,1327.6637699999999,0,0.0,100000.0,0.0
2024-06-21,100000.0,1327.6637699999999,0,0.0,100000.0,0.0
2024-06-24,100000.0,1327.6637699999999,0,0.0,100000.0,0.0
2024-06-25,100000.0,1327.6637699999999,0,0.0,100000.0,0.0
2024-06-26,100000.0,1327.6637699999999,0,0.0,100000.0,0.0
2024-06-27,100000.0,1327.6637699999999,0,0.0,100000.0,0.0
2024-06-28,100000.0,1327.6637699999999,0,0.0,100000.0,0.0
2024-07-01,100000.0,1327.6637699999999,0,0.0,100000.0,0.0
2024-07-02,100000.0,1327.6637699999999,0,0.0,100000.0,0.0
2024-07-03,100000.0,1327.6637699999999,0,0.0,100000.0,0.0
2024-07-04,100000.0,1327.6637699999999,0,0.0,100000.0,0.0
2024-07-05,100000.0,1327.6637699999999,0,0.0,100000.0,0.0
2024-07-08,100000.0,1327.6637699999999,0,0.0,100000.0,0.0
2024-07-09,100000.0,1327.6637699999999,0,0.0,100000.0,0.0
2024-07-10,100000.0,1327.6637699999999,0,0.0,100000.0,0.0
2024-07-11,100000.0,1327.6637699999999,0,0.0,100000.0,0.0
2024-07-12,100000.0,1327.6637699999999,0,0.0,100000.0,0.0
2024-07-15,100000.0,1327.6637699999999,0,0.0,100000.0,0.0
2024-07-16,100000.0,1327.6637699999999,0,0.0,100000.0,0.0
2024-07-17,100000.0,1327.6637699999999,0,0.0,100000.0,0.0
2024-07-18,100000.0,1327.6637699999999,0,0.0,100000.0,0.0
2024-07-19,100000.0,1327.6637699999999,0,0.0,100000.0,0.0
2024-07-22,100000.0,1327.6637699999999,0,0.0,100000.0,0.0
2024-07-23,100000.0,1327.6637699999999,0,0.0,100000.0,0.0
2024-07-24,100000.0,1327.6637699999999,0,0.0,100000.0,0.0
2024-07-25,100000.0,1327.6637699999999,0,0.0,100000.0,0.0
2024-07-26,100000.0,1327.6637699999999,0,0.0,100000.0,0.0
2024-07-29,100000.0,1327.6637699999999,0,0.0,100000.0,0.0
2024-07-30,100000.0,1327.6637699999999,0,0.0,100000.0,0.0
2024-07-31,100000.0,1327.6637699999999,0,0.0,100000.0,0.0
2024-08-01,100000.0,1327.6637699999999,0,0.0,100000.0,0.0
2024-08-02,100000.0,1327.6637699999999,0,0.0,100000.0,0.0
2024-08-05,100000.0,1327.6637699999999,0,0.0,100000.0,0.0
2024-08-06,100000.0,1327.6637699999999,0,0.0,100000.0,0.0
2024-08-07,100000.0,1327.6637699999999,0,0.0,100000.0,0.0
2024-08-08,100000.0,1327.6637699999999,0,0.0,100000.0,0.0
2024-08-09,100000.0,1327.6637699999999,0,0.0,100000.0,0.0
2024-08-12,100000.0,1327.6637699999999,0,0.0,100000.0,0.0
2024-08-13,100000.0,1327.6637699999999,0,0.0,100000.0,0.0
2024-08-14,100000.0,1327.6637699999999,0,0.0,100000.0,0.0
2024-08-15,100000.0,1327.6637699999999,0,0.0,100000.0,0.0
2024-08-16,100000.0,1327.6637699999999,0,0.0,100000.0,0.0
2024-08-19,100000.0,1321.90377,0,0.0,100000.0,0.0
2024-08-20,100000.0,1319.1837699999999,0,0.0,100000.0,0.0
2024-08-21,100706.1176421768,1314.04377,-306,0.007061176421768067,100706.1176421768,0.0
2024-08-22,101155.2998139537,1306.5137699999998,0,0.004460326564994732,101155.2998139537,0.0
2024-08-23,99571.68734502507,1311.4537699999998,-223,-0.015655259505346963,101155.2998139537,-0.015655259505346963
2024-08-26,99098.44347829645,1308.4637699999998,0,-0.004752795491842821,101155.2998139537,-0.02033364875038912
2024-08-27,99098.44347829645,1300.53377,0,0.0,101155.2998139537,-0.02033364875038912
2024-08-28,99098.44347829645,1285.4637699999998,0,0.0,101155.2998139537,-0.02033364875038912
2024-08-29,94688.45415751002,1309.7637699999998,-132,-0.044501095738726404,101155.2998139537,-0.06392987483935686
2024-08-30,94713.29283432354,1339.65377,0,0.00026232001604120647,101155.2998139537,-0.06368432490910891
2024-09-02,94713.29283432354,1291.4637699999998,0,0.0,101155.2998139537,-0.06368432490910891
2024-09-03,94713.29283432354,1306.4637699999998,0,0.0,101155.2998139537,-0.06368432490910891
2024-09-04,94713.29283432354,1296.4637699999998,0,0.0,101155.2998139537,-0.06368432490910891
2024-09-05,94713.29283432354,1301.34377,0,0.0,101155.2998139537,-0.06368432490910891
2024-09-06,94713.29283432354,1294.4637699999998,0,0.0,101155.2998139537,-0.06368432490910891
2024-09-09,94713.29283432354,1271.4637699999998,0,0.0,101155.2998139537,-0.06368432490910891
2024-09-10,94171.38626748836,1274.4637699999998,-67,-0.005721547109370451,101155.2998139537,-0.06904149915338353
2024-09-11,94037.38626748836,1276.4637699999998,-67,-0.0014229375324196214,101155.2998139537,-0.07036619494536334
2024-09-12,97048.36626748835,1231.52377,-67,0.0320189673438529,101155.2998139537,-0.04060028049957709
2024-09-13,100673.05639394282,1200.5937699999997,-125,0.037349316282810685,101155.2998139537,-0.004767356934316069
2024-09-18,107207.68224760317,1163.36377,-182,0.06490938179218242,107207.68224760317,0.0
2024-09-19,108332.84307766357,1157.4637699999998,-239,0.01049515115401678,108332.84307766357,0.0
2024-09-20,107634.96307766356,1160.38377,-239,-0.006441998383626801,108332.84307766357,-0.006441998383626801
2024-09-23,108203.78307766351,1158.00377,-239,0.005284714034690774,108332.84307766357,-0.001191328468205466
2024-09-24,81660.4430776636,1269.0637699999997,-239,-0.2453087983157517,108332.84307766357,-0.24620788342902233
2024-09-25,75073.43045370965,1295.4637699999998,0,-0.08066344457241481,108332.84307766357,-0.30701135204316865
2024-09-26,75073.43045370965,1425.4637699999998,0,0.0,108332.84307766357,-0.30701135204316865
2024-09-27,75740.03045370964,1525.6637699999999,23,0.008879306513254637,108332.84307766357,-0.30085809342775405
2024-09-30,79643.43045370965,1644.4637699999998,44,0.051536815824039905,108332.84307766357,-0.2648265457538721
2024-10-08,78543.43045370965,1619.4637699999998,44,-0.013811559770009474,108332.84307766357,-0.2749804378585168
2024-10-09,72918.03045370965,1491.61377,44,-0.07162152159008872,108332.84307766357,-0.32690744208166966
2024-10-10,74105.16369727149,1536.4637699999998,0,0.01628037998524201,108332.84307766357,-0.3159492394735208
2024-10-11,74105.16369727149,1501.4537699999998,0,0.0,108332.84307766357,-0.3159492394735208
2024-10-14,74105.16369727149,1498.4537699999998,0,0.0,108332.84307766357,-0.3159492394735208
2024-10-15,74105.16369727149,1450.7137699999998,0,0.0,108332.84307766357,-0.3159492394735208
2024-10-16,74105.16369727149,1418.9637699999998,0,0.0,108332.84307766357,-0.3159492394735208
2024-10-17,74105.16369727149,1391.06377,0,0.0,108332.84307766357,-0.3159492394735208
2024-10-18,74105.16369727149,1437.4637699999998,0,0.0,108332.84307766357,-0.3159492394735208
2024-10-21,74105.16369727149,1425.2637699999998,0,0.0,108332.84307766357,-0.3159492394735208
2024-10-22,74105.16369727149,1439.4637699999998,0,0.0,108332.84307766357,-0.3159492394735208
2024-10-23,74105.16369727149,1463.9637699999998,0,0.0,108332.84307766357,-0.3159492394735208
2024-10-24,74105.16369727149,1448.6637699999999,0,0.0,108332.84307766357,-0.3159492394735208
2024-10-25,74105.16369727149,1455.3137699999997,0,0.0,108332.84307766357,-0.3159492394735208
2024-10-28,74105.16369727149,1461.4637699999998,0,0.0,108332.84307766357,-0.3159492394735208
2024-10-29,74105.16369727149,1428.0837699999997,0,0.0,108332.84307766357,-0.3159492394735208
2024-10-30,74105.16369727149,1428.4637699999998,0,0.0,108332.84307766357,-0.3159492394735208
2024-10-31,74105.16369727149,1424.2537699999998,0,0.0,108332.84307766357,-0.3159492394735208
2024-11-01,74105.16369727149,1430.2137699999998,0,0.0,108332.84307766357,-0.3159492394735208
2024-11-04,74105.16369727149,1444.6637699999999,0,0.0,108332.84307766357,-0.3159492394735208
2024-11-05,74105.16369727149,1473.4537699999998,0,0.0,108332.84307766357,-0.3159492394735208
2024-11-06,74105.16369727149,1467.4637699999998,0,0.0,108332.84307766357,-0.3159492394735208
2024-11-07,74105.16369727149,1545.6037699999997,0,0.0,108332.84307766357,-0.3159492394735208
2024-11-08,74105.16369727149,1506.4337699999999,0,0.0,108332.84307766357,-0.3159492394735208
2024-11-11,74220.31369727149,1494.4737699999998,15,0.0015538728241717426,108332.84307766357,-0.3148863115863846
2024-11-12,73908.16369727149,1473.6637699999999,15,-0.004205721916956451,108332.84307766357,-0.31776770924135256
2024-11-13,74080.16369727149,1474.9637699999998,30,0.002327212467414519,108332.84307766357,-0.31618000974862637
2024-11-14,73939.16369727149,1470.26377,30,-0.0019033435262939546,108332.84307766357,-0.3174815541002217
2024-11-15,73330.16369727149,1455.4637699999998,46,-0.008236501057726664,108332.84307766357,-0.32310311800179314
2024-11-18,73330.16369727149,1455.4637699999998,46,0.0,108332.84307766357,-0.32310311800179314
2024-11-19,72544.4836972715,1438.38377,46,-0.01071428127780416,108332.84307766357,-0.3303555815915906
2024-11-20,72588.50890779743,1441.2737699999998,0,0.0006068719257779076,108332.84307766357,-0.32994919319380467
2024-11-21,72588.50890779743,1441.59377,0,0.0,108332.84307766357,-0.32994919319380467
2024-11-22,72588.50890779743,1404.2837699999998,0,0.0,108332.84307766357,-0.32994919319380467
2024-11-25,72794.81890779742,1395.03377,-17,0.002842185396893182,108332.84307766357,-0.32804478457552355
2024-11-26,72617.50890779743,1405.4637699999998,-17,-0.0024357502726201075,108332.84307766357,-0.3296814996746822
2024-11-27,72260.75890779743,1415.5137699999998,-35,-0.0049127270456628125,108332.84307766357,-0.3329745915004385
2024-11-28,72297.50890779743,1414.4637699999998,-35,0.0005085747860313905,108332.84307766357,-0.3326353591960334
2024-11-29,72026.60890779742,1422.2037699999998,-35,-0.003747017070055536,108332.84307766357,-0.33513598589707727
2024-12-02,72052.50890779741,1421.46377,-35,0.0003595893294539021,108332.84307766357,-0.33489690789206805
2024-12-03,71991.60890779742,1423.2037699999998,-35,-0.0008452169247559205,108332.84307766357,-0.33545906428222516
2024-12-04,72227.50890779743,1416.4637699999998,-35,0.003276770773412485,108332.84307766357,-0.33328151596632893
2024-12-05,72542.50890779743,1407.4637699999998,-35,0.004361219219149781,108332.84307766357,-0.3303738104999989
2024-12-06,72192.15890779742,1417.4737699999998,-35,-0.004829582065397076,108332.84307766357,-0.3336078251353283
2024-12-09,72269.50890779743,1415.2637699999998,-35,0.0010714460014804583,108332.84307766357,-0.3328938219041516
2024-12-10,71296.8589077974,1443.05377,-35,-0.013458649639378928,108332.84307766357,-0.3418721702274088
2024-12-11,71522.50890779743,1432.0637699999997,0,0.0031649360638992263,108332.84307766357,-0.3397892377243058
2024-12-12,71522.50890779743,1462.2637699999998,0,0.0,108332.84307766357,-0.3397892377243058
2024-12-13,71522.50890779743,1415.4637699999998,0,0.0,108332.84307766357,-0.3397892377243058
2024-12-16,71522.50890779743,1423.6637699999999,0,0.0,108332.84307766357,-0.3397892377243058
2024-12-17,71522.50890779743,1454.4637699999998,0,0.0,108332.84307766357,-0.3397892377243058
2024-12-18,71522.50890779743,1467.96377,0,0.0,108332.84307766357,-0.3397892377243058
2024-12-19,71522.50890779743,1447.4737699999998,0,0.0,108332.84307766357,-0.3397892377243058
2024-12-20,71522.50890779743,1442.34577,0,0.0,108332.84307766357,-0.3397892377243058
2024-12-23,71522.50890779743,1446.79577,0,0.0,108332.84307766357,-0.3397892377243058
2024-12-24,71522.50890779743,1459.1657699999998,0,0.0,108332.84307766357,-0.3397892377243058
2024-12-25,71522.50890779743,1450.3457700000001,0,0.0,108332.84307766357,-0.3397892377243058
2024-12-26,71522.50890779743,1448.1357699999999,0,0.0,108332.84307766357,-0.3397892377243058
2024-12-27,71522.50890779743,1449.31577,0,0.0,108332.84307766357,-0.3397892377243058
2024-12-30,71522.50890779743,1445.34577,0,0.0,108332.84307766357,-0.3397892377243058
2024-12-31,71522.50890779743,1444.34577,0,0.0,108332.84307766357,-0.3397892377243058
2025-01-02,71522.50890779743,1408.34577,0,0.0,108332.84307766357,-0.3397892377243058
2025-01-03,71985.50890779743,1395.34577,-24,0.006473486557873276,108332.84307766357,-0.3355153722293508
2025-01-06,73132.50890779743,1360.34577,-48,0.01593376246695888,108332.84307766357,-0.3249276320075076
2025-01-07,73224.94890779741,1360.54577,-72,0.0012640069564211487,108332.84307766357,-0.3240743358382774
2025-01-08,73059.34890779742,1362.84577,-72,-0.002261524281956251,108332.84307766357,-0.3256029581405766
2025-01-09,73071.09890779742,1364.34577,-97,0.00016082815102591574,108332.84307766357,-0.325494496111277
2025-01-10,73847.09890779742,1356.34577,-97,0.010619793757025153,108332.84307766357,-0.31833138677200035
2025-01-13,73073.03890779743,1364.32577,-97,-0.010481928355323133,108332.84307766357,-0.3254765883379288
2025-01-14,70306.59890779742,1392.84577,-97,-0.03785855961855722,108332.84307766357,-0.3510130731324499
2025-01-15,70425.90890779745,1391.6157699999999,-97,0.0016969957564936244,108332.84307766357,-0.3499117450715359
2025-01-16,72840.23890779744,1366.72577,-97,0.034281843677173685,108332.84307766357,-0.32762552113971166
2025-01-17,72028.34890779742,1375.09577,-97,-0.011146174314827784,108332.84307766357,-0.33511992428592996
2025-01-20,70083.49890779745,1395.1457699999999,-97,-0.02700117425278703,108332.84307766357,-0.35307246706749174
2025-01-21,69470.4904397079,1388.49577,0,-0.008746830247388648,108332.84307766357,-0.35873103238041437
2025-01-22,69470.4904397079,1361.34577,0,0.0,108332.84307766357,-0.35873103238041437
2025-01-23,69470.4904397079,1363.34577,0,0.0,108332.84307766357,-0.35873103238041437
2025-01-24,69470.4904397079,1356.34577,0,0.0,108332.84307766357,-0.35873103238041437
2025-01-27,69470.4904397079,1355.33577,0,0.0,108332.84307766357,-0.35873103238041437
2025-02-05,69470.4904397079,1324.1457699999999,0,0.0,108332.84307766357,-0.35873103238041437
2025-02-06,69144.7404397079,1333.1857699999998,-25,-0.004689041317229692,108332.84307766357,-0.36173796906503974
2025-02-07,68565.7404397079,1356.34577,-25,-0.008373738860222746,108332.84307766357,-0.36708260863648456
2025-02-10,68677.9904397079,1351.85577,-25,0.0016371149684981656,108332.84307766357,-0.3660464501012606
2025-02-11,69015.7404397079,1338.34577,-25,0.004917878316438307,108332.84307766357,-0.3629287436845845
2025-02-12,68390.7404397079,1363.34577,-25,-0.009055905160446742,108332.84307766357,-0.36869800056222346
2025-02-13,67839.2404397079,1385.4057699999998,-25,-0.00806395714469843,108332.84307766357,-0.37378879283105215
2025-02-14,67834.2404397079,1395.34577,0,-7.370365540049217e-05,108332.84307766357,-0.3738349468860733
2025-02-17,67834.2404397079,1391.96577,0,0.0,108332.84307766357,-0.3738349468860733
2025-02-18,67954.2404397079,1395.34577,25,0.0017690181127134608,108332.84307766357,-0.3727272495655666
2025-02-19,68354.2404397079,1411.34577,25,0.0058863140462130925,108332.84307766357,-0.3690349251638776
2025-02-20,67929.2404397079,1394.34577,25,-0.00621760986979103,108332.84307766357,-0.3729580198406721
2025-02-21,68284.4904397079,1408.55577,25,0.0052297066432724915,108332.84307766357,-0.36967877423142215
2025-02-24,68055.9904397079,1399.4157699999998,25,-0.0033462942833519804,108332.84307766357,-0.37178801454588695
2025-02-25,67429.2404397079,1374.34577,25,-0.009209328906251812,108332.84307766357,-0.3775734253427834
2025-02-26,67579.4904397079,1380.35577,25,0.0022282617899922474,108332.84307766357,-0.3761864959893989
2025-02-27,68218.2404397079,1405.9057699999998,25,0.009451832143805072,108332.84307766357,-0.3702903154604519
2025-02-28,68598.9904397079,1421.1357699999999,25,0.005581351813618074,108332.84307766357,-0.36677568417059414
2025-03-03,68254.7404397079,1407.3657699999999,25,-0.005018295426702624,108332.84307766357,-0.36995339085879775
2025-03-04,67484.52043970789,1390.45577,48,-0.011284490938477276,108332.84307766357,-0.37706314611047
2025-03-05,67305.0004397079,1386.71577,48,-0.0026601656028715226,108332.84307766357,-0.3787202613019479
2025-03-06,69206.2804397079,1426.32577,48,0.028248718335618594,108332.84307766357,-0.3611699049558399
2025-03-07,69927.2404397079,1441.34577,48,0.01041755163576652,108332.84307766357,-0.35451485945423566
2025-03-10,70018.4404397079,1443.24577,48,0.001304212770681934,108332.84307766357,-0.3536730094906505
2025-03-11,71255.8804397079,1469.02577,48,0.017673058586124002,108332.84307766357,-0.34225043472158556
2025-03-12,70963.0804397079,1462.92577,48,-0.0041091345471162555,108332.84307766357,-0.34495321618362185
2025-03-13,70732.2004397079,1458.11577,48,-0.0032535227976210335,108332.84307766357,-0.3470844258282768
2025-03-14,75063.72043970789,1548.35577,48,0.06123830409732789,108332.84307766357,-0.3071009833472672
2025-03-17,75536.52043970789,1558.20577,48,0.006298648631195336,108332.84307766357,-0.30273665590447085
2025-03-18,74871.2404397079,1544.34577,48,-0.008807395364882065,108332.84307766357,-0.3088777298493599
2025-03-19,75433.3204397079,1556.05577,48,0.007507288468829865,108332.84307766357,-0.3036892756001066
2025-03-20,73911.2404397079,1524.34577,48,-0.020177820505946853,108332.84307766357,-0.31773930841341347
2025-03-21,72459.2404397079,1494.09577,48,-0.019645185108000618,108332.84307766357,-0.3311424459915445
2025-03-24,72903.2404397079,1503.34577,48,0.006127582863215908,108332.84307766357,-0.32704396590566975
2025-03-25,72543.2404397079,1495.84577,48,-0.0049380521061711535,108332.84307766357,-0.3303670578671898
2025-03-26,72567.2404397079,1496.34577,48,0.00033083716490378556,108332.84307766357,-0.3301455184030885
2025-03-27,73191.2404397079,1509.34577,48,0.008598921444703977,108332.84307766357,-0.32438549233645364
2025-03-28,73009.3204397079,1505.55577,48,-0.0024855433369770363,108332.84307766357,-0.3260647614743418
2025-03-31,71847.2404397079,1481.34577,48,-0.015916871887058037,108332.84307766357,-0.33679170232612865
2025-04-01,71985.15580952751,1476.3657699999999,0,0.0019195639105353823,108332.84307766357,-0.3355186316127463
2025-04-02,71985.15580952751,1469.3657699999999,0,0.0,108332.84307766357,-0.3355186316127463
2025-04-03,71985.15580952751,1489.2257699999998,0,0.0,108332.84307766357,-0.3355186316127463
2025-04-07,71985.15580952751,1420.34577,0,0.0,108332.84307766357,-0.3355186316127463
2025-04-08,71308.15580952751,1465.34577,-21,-0.009404716741759134,108332.84307766357,-0.34176789066260493
2025-04-09,71065.9158095275,1461.3857699999999,-41,-0.003397086872461763,108332.84307766357,-0.34400396232026775
2025-04-10,70739.5558095275,1469.34577,-41,-0.004592356212994142,108332.84307766357,-0.34701652979960584
2025-04-11,69920.3758095275,1489.32577,-41,-0.011580225386284893,108332.84307766357,-0.35457822555804486
2025-04-14,70616.9658095275,1472.33577,-41,0.009962618077133945,108332.84307766357,-0.3481481349206136
2025-04-15,70370.5558095275,1478.34577,-41,-0.0034893880978208447,108332.84307766357,-0.3504226990601639
2025-04-16,70322.5858095275,1479.51577,-41,-0.0006816771510209652,108332.84307766357,-0.35086550106403647
2025-04-17,69878.5558095275,1490.34577,-41,-0.006314187609691713,108332.84307766357,-0.35496425807424137
2025-04-18,70045.01580952751,1486.28577,-41,0.0023821328027118227,108332.84307766357,-0.3534276972744784
2025-04-21,70657.5558095275,1471.34577,-41,0.008744947701427641,108332.84307766357,-0.3477734563019521
2025-04-22,70747.7558095275,1469.1457699999999,-41,0.001276579680213441,108332.84307766357,-0.3469408371493712
2025-04-23,70616.5558095275,1472.34577,-41,-0.0018544757851149951,108332.84307766357,-0.3481519195531252
2025-04-24,70606.3058095275,1472.59577,-41,-0.00014515009805415868,108332.84307766357,-0.34824653536591843
2025-04-25,70698.5558095275,1470.34577,-41,0.001306540526972988,108332.84307766357,-0.3473949930507789
2025-04-28,70698.55580952749,1470.3457700000001,-41,-2.220446049250313e-16,108332.84307766357,-0.34739499305077903
2025-04-29,70944.5558095275,1464.34577,-41,0.003479561883311666,108332.84307766357,-0.34512421354374023
2025-04-30,70821.5558095275,1467.34577,-41,-0.001733748257304324,108332.84307766357,-0.3462596032972596
2025-05-06,70690.35580952751,1470.5457699999997,-41,-0.0018525433182075002,108332.84307766357,-0.3474706857010136
2025-05-07,70493.5558095275,1475.34577,-41,-0.002783972406791624,108332.84307766357,-0.34928730930664453
2025-05-08,69542.76580952751,1498.5357699999997,-41,-0.013487615840645284,108332.84307766357,-0.35806387210134916
2025-05-09,69504.71603526242,1511.52577,0,-0.0005471420905130975,108332.84307766357,-0.35841510237634355
2025-05-12,69668.71603526242,1524.8457700000001,26,0.0023595521189785362,108332.84307766357,-0.356901249371651
2025-05-13,69299.51603526241,1510.64577,26,-0.005299365640858755,108332.84307766357,-0.36030926479441006
2025-05-14,70461.45603526241,1555.33577,26,0.01676692806063418,108332.84307766357,-0.34958361625616385
2025-05-15,70383.97603526243,1552.3557700000001,26,-0.0010996082732268597,108332.84307766357,-0.35029881949277086
2025-05-16,69919.09603526242,1534.47577,26,-0.006604912455742795,108332.84307766357,-0.3545900389124138
2025-05-19,69005.19603526242,1499.32577,26,-0.013070821160775625,108332.84307766357,-0.3630260770891728
2025-05-20,69187.71603526242,1506.3457700000001,26,0.00264501820858154,108332.84307766357,-0.36134126946468204
2025-05-21,69056.93603526242,1501.31577,26,-0.0018902199334538405,108332.84307766357,-0.3625484749278143
2025-05-22,69031.71603526242,1500.3457700000001,26,-0.0003652058931071789,108332.84307766357,-0.3627812759813408
2025-05-23,68839.31603526243,1492.94577,26,-0.002787124687755327,108332.84307766357,-0.36455728401855314
2025-05-26,68264.71603526242,1470.84577,26,-0.008346974274202168,108332.84307766357,-0.36986130802157935
2025-05-27,68272.71603526242,1464.24577,0,0.00011719084857642059,108332.84307766357,-0.3697874615335456
2025-05-28,68272.71603526242,1457.34577,0,0.0,108332.84307766357,-0.3697874615335456
2025-05-29,68272.71603526242,1460.34577,0,0.0,108332.84307766357,-0.3697874615335456
2025-05-30,68757.76603526242,1442.34577,-27,0.007104595044226336,108332.84307766357,-0.3653100566559475
2025-06-03,69077.03603526243,1429.34577,-54,0.004643402751570935,108332.84307766357,-0.36236293562662936
2025-06-04,69025.19603526243,1430.30577,-54,-0.0007504664788097193,108332.84307766357,-0.3628414608690882
2025-06-05,68807.03603526243,1434.34577,-54,-0.003160585011429018,108332.84307766357,-0.36485525459776935
2025-06-06,69217.97603526241,1426.73577,-54,0.005972354335818109,108332.84307766357,-0.3610619451236943
2025-06-09,70313.09603526242,1406.45577,-54,0.015821323631914908,108332.84307766357,-0.3509530993767501
2025-06-10,71237.19603526243,1395.35577,-84,0.01314264414607158,108332.84307766357,-0.3424229069277481
2025-06-11,70818.03603526241,1400.3457700000001,-84,-0.0058840047521316885,108332.84307766357,-0.3462920936682782
2025-06-12,72582.03603526241,1379.3457700000001,-84,0.024908908785915118,108332.84307766357,-0.3300089430568298
2025-06-13,75810.49603526239,1347.29577,-115,0.04448015206450662,108332.84307766357,-0.300207638962138
2025-06-16,76346.39603526241,1342.6357699999999,-115,0.007068942007063983,108332.84307766357,-0.29526084734497504
2025-06-17,75804.74603526242,1347.34577,-115,-0.00709463744365646,108332.84307766357,-0.30026071612541205
2025-06-18,76034.74603526242,1345.34577,-115,0.0030341108179823273,108332.84307766357,-0.2981376295944409
2025-06-19,75919.74603526242,1346.34577,-115,-0.0015124664182697423,108332.84307766357,-0.2991991728599265
2025-06-20,75613.8460352624,1349.00577,-115,-0.004029254785150926,108332.84307766357,-0.30202287794611826
2025-06-23,76609.74603526242,1340.34577,-115,0.013170868197017516,108332.84307766357,-0.2928299132670129
2025-06-24,74631.74603526239,1357.54577,-115,-0.025819169261957597,108332.84307766357,-0.3110884574333652
2025-06-25,74785.84603526242,1356.2057699999998,-115,0.002064804968213263,108332.84307766357,-0.30966598945761425
2025-06-26,73427.3510352624,1368.01877,-115,-0.018165135142811373,108332.84307766357,-0.32220600005279565
2025-06-27,75372.00103526242,1351.1087699999998,-115,0.02648400047914201,108332.84307766357,-0.3042553034334342
2025-06-30,74632.55103526241,1357.5387699999999,-115,-0.009810672263484976,108332.84307766357,-0.31108102663050663
2025-07-01,75140.8510352624,1353.1187699999998,-115,0.006810701134412955,108332.84307766357,-0.3063890053970605
2025-07-02,74623.3510352624,1357.6187699999998,-115,-0.006887065994995778,108332.84307766357,-0.3111659500917455
2025-07-03,73933.3510352624,1363.6187699999998,-115,-0.009246435471303771,108332.84307766357,-0.3175352096846591
2025-07-04,73172.05103526241,1370.23877,-115,-0.010297112052135793,108332.84307766357,-0.32456262610217346
2025-07-07,73151.69333104225,1358.71877,0,-0.0002782169411973401,108332.84307766357,-0.32475054422230965
2025-07-08,73151.69333104225,1364.12877,0,0.0,108332.84307766357,-0.32475054422230965
2025-07-09,73151.69333104225,1366.89877,0,0.0,108332.84307766357,-0.32475054422230965
2025-07-10,73151.69333104225,1374.51877,0,0.0,108332.84307766357,-0.32475054422230965
2025-07-11,73151.69333104225,1375.01877,0,0.0,108332.84307766357,-0.32475054422230965
2025-07-14,72929.09333104224,1371.61877,34,-0.0030429917595024003,108332.84307766357,-0.3268053227518497
2025-07-15,72500.69333104225,1359.01877,34,-0.0058741989024241326,108332.84307766357,-0.3307598021860585
2025-07-16,72501.71333104224,1359.0487699999999,34,1.4068830974212077e-05,108332.84307766357,-0.3307503867588343
2025-07-17,72682.59333104224,1364.36877,34,0.002494837593342236,108332.84307766357,-0.3290807176643905
2025-07-18,73384.69333104225,1385.01877,34,0.009659809423725463,108332.84307766357,-0.3225997652583259
2025-07-21,73588.69333104225,1391.01877,34,0.002779871261159972,108332.84307766357,-0.3207166798134645
2025-07-22,74336.01333104224,1412.99877,34,0.010155364447608006,108332.84307766357,-0.313818310133789
2025-07-23,74693.69333104225,1423.51877,34,0.004811665086303929,108332.84307766357,-0.31051663365379867
2025-07-24,75237.69333104225,1439.51877,34,0.007283078071785631,108332.84307766357,-0.3054950724675016
2025-07-25,73996.69333104225,1403.01877,34,-0.01649439190725399,108332.84307766357,-0.31695050892374177
2025-07-28,73441.13333104223,1386.6787699999998,34,-0.007507903056080845,108332.84307766357,-0.32207877828524767
2025-07-29,73452.69333104225,1387.01877,34,0.00015740497832328337,108332.84307766357,-0.3219720701100387
2025-07-30,73807.65333104224,1397.45877,34,0.004832498086901005,108332.84307766357,-0.31869550143598
2025-07-31,72863.47333104225,1369.68877,34,-0.012792440314626341,108332.84307766357,-0.32741104856994674
2025-08-01,72704.69333104225,1365.01877,34,-0.0021791439900018528,108332.84307766357,-0.3288767167411971
2025-08-04,72631.69333104225,1367.01877,0,-0.0010040617277293773,108332.84307766357,-0.3295505659445054
2025-08-05,72631.69333104225,1375.7587700000001,0,0.0,108332.84307766357,-0.3295505659445054
2025-08-06,72631.69333104225,1371.8987699999998,0,0.0,108332.84307766357,-0.3295505659445054
2025-08-07,72631.69333104225,1370.3687699999998,0,0.0,108332.84307766357,-0.3295505659445054
2025-08-08,72631.69333104225,1368.98877,0,0.0,108332.84307766357,-0.3295505659445054
2025-08-11,72631.69333104225,1393.01877,0,0.0,108332.84307766357,-0.3295505659445054
2025-08-12,72631.69333104225,1385.0587699999999,0,0.0,108332.84307766357,-0.3295505659445054
2025-08-13,72631.69333104225,1368.0687699999999,0,0.0,108332.84307766357,-0.3295505659445054
2025-08-14,72631.69333104225,1375.00877,0,0.0,108332.84307766357,-0.3295505659445054
2025-08-15,72631.69333104225,1370.0987699999998,0,0.0,108332.84307766357,-0.3295505659445054
2025-08-18,72631.69333104225,1376.5187700000001,0,0.0,108332.84307766357,-0.3295505659445054
2025-08-19,72631.69333104225,1386.01877,0,0.0,108332.84307766357,-0.3295505659445054
2025-08-20,72631.69333104225,1398.01877,0,0.0,108332.84307766357,-0.3295505659445054
2025-08-21,72631.69333104225,1396.26877,0,0.0,108332.84307766357,-0.3295505659445054
2025-08-22,72631.69333104225,1411.96877,0,0.0,108332.84307766357,-0.3295505659445054
2025-08-25,72631.69333104225,1438.3487699999998,0,0.0,108332.84307766357,-0.3295505659445054
2025-08-26,72304.42333104226,1429.6287699999998,37,-0.004505884208266364,108332.84307766357,-0.3325715334618572
2025-08-27,71060.85333104225,1396.01877,37,-0.01719908606844678,108332.84307766357,-0.3440506931023781
2025-08-28,71054.74333104225,1394.1187699999998,0,-8.598264323589344e-05,108332.84307766357,-0.3441070933576139
2025-08-29,71054.74333104225,1428.01877,0,0.0,108332.84307766357,-0.3441070933576139
2025-09-01,71054.74333104225,1424.11877,0,0.0,108332.84307766357,-0.3441070933576139
2025-09-02,71054.74333104225,1439.3187699999999,0,0.0,108332.84307766357,-0.3441070933576139
2025-09-03,70704.89333104224,1428.5687699999999,33,-0.0049236684786836404,108332.84307766357,-0.34733649258744115
2025-09-04,70444.52333104225,1420.67877,33,-0.00368248911402691,108332.84307766357,-0.34973991884861055
2025-09-05,70785.74333104225,1431.01877,33,0.0048438116104001505,108332.84307766357,-0.3465901815177498
2025-09-08,71387.33333104225,1449.24877,33,0.008498745251378503,108332.84307766357,-0.3410370179257196
2025-09-09,71511.74333104225,1453.01877,33,0.0017427461454972981,108332.84307766357,-0.3398886127286843
2025-09-10,72073.07333104225,1470.02877,33,0.007849480013394361,108332.84307766357,-0.33470708158768403
2025-09-11,72122.24333104225,1471.51877,33,0.000682224272220866,108332.84307766357,-0.3342532026106064
2025-09-12,71874.74333104225,1464.01877,33,-0.003431673622019349,108332.84307766357,-0.33653782833415147
2025-09-15,71845.04333104225,1463.1187699999998,33,-0.00041321886692802234,108332.84307766357,-0.33681198342097685
2025-09-16,71346.08333104225,1447.99877,33,-0.006944946747417746,108332.84307766357,-0.3414177888796438
2025-09-17,71115.74333104225,1441.01877,33,-0.003228488366084914,108332.84307766357,-0.34354401388635636
2025-09-18,70289.42333104226,1415.97877,33,-0.01161936810747366,108332.84307766357,-0.3511716176353654
2025-09-19,70289.75333104224,1415.98877,33,4.694874198074572e-06,108332.84307766357,-0.35116857146773406
2025-09-22,70189.71333104224,1401.3687699999998,0,-0.0014232515446291893,108332.84307766357,-0.3520920218005966
2025-09-23,70189.71333104224,1395.43877,0,0.0,108332.84307766357,-0.3520920218005966
2025-09-24,70189.71333104224,1390.01877,0,0.0,108332.84307766357,-0.3520920218005966
2025-09-25,70303.44333104225,1387.01877,-31,0.0016203229020699261,108332.84307766357,-0.35104220166508626
2025-09-26,70427.44333104225,1383.01877,-31,0.0017637827412821938,108332.84307766357,-0.3498975811005627
2025-09-29,68933.42333104224,1408.8787699999998,-63,-0.02121360551138285,108332.84307766357,-0.36368859735709114
2025-09-30,69996.23333104224,1392.00877,-63,0.015417919909417765,108332.84307766357,-0.35387799911369355
2025-10-09,70450.46333104224,1384.7987699999999,-63,0.006489349189002125,108332.84307766357,-0.34968508783124563
2025-10-10,71108.20333104224,1378.01877,-94,0.009336205454169022,108332.84307766357,-0.3436136142013283
2025-10-13,72123.40333104224,1367.21877,-94,0.014276833789116594,108332.84307766357,-0.3342424948698417
2025-10-14,68433.33333104226,1399.0387699999999,-127,-0.05116328167519735,108332.84307766357,-0.3683048336321926
2025-10-15,67038.87333104224,1410.01877,-127,-0.020376911837019618,108332.84307766357,-0.3811768303451408
2025-10-16,64129.30333104223,1432.92877,-127,-0.04340123655766659,108332.84307766357,-0.4080345211186963
2025-10-17,64343.651703086594,1403.01877,0,0.0033424403651771684,108332.84307766357,-0.40605591180729206
2025-10-20,64343.651703086594,1405.94877,0,0.0,108332.84307766357,-0.40605591180729206
2025-10-21,64343.651703086594,1410.27877,0,0.0,108332.84307766357,-0.40605591180729206
2025-10-22,64343.651703086594,1406.71877,0,0.0,108332.84307766357,-0.40605591180729206
2025-10-23,64343.651703086594,1415.99877,0,0.0,108332.84307766357,-0.40605591180729206
2025-10-24,64343.651703086594,1398.01877,0,0.0,108332.84307766357,-0.40605591180729206
2025-10-27,64343.651703086594,1388.42877,0,0.0,108332.84307766357,-0.40605591180729206
2025-10-28,64343.651703086594,1393.0187700000001,0,0.0,108332.84307766357,-0.40605591180729206
2025-10-29,64343.651703086594,1379.9187699999998,0,0.0,108332.84307766357,-0.40605591180729206
2025-10-30,64343.651703086594,1374.75877,0,0.0,108332.84307766357,-0.40605591180729206
2025-10-31,64343.651703086594,1378.0287700000001,0,0.0,108332.84307766357,-0.40605591180729206
2025-11-03,64343.651703086594,1383.0187700000001,0,0.0,108332.84307766357,-0.40605591180729206
2025-11-04,64343.651703086594,1377.01877,0,0.0,108332.84307766357,-0.40605591180729206
2025-11-05,64343.651703086594,1368.0987699999998,0,0.0,108332.84307766357,-0.40605591180729206
2025-11-06,64343.651703086594,1383.14877,0,0.0,108332.84307766357,-0.40605591180729206
2025-11-07,64343.651703086594,1381.34877,0,0.0,108332.84307766357,-0.40605591180729206
2025-11-10,64343.651703086594,1410.3187699999999,0,0.0,108332.84307766357,-0.40605591180729206
2025-11-11,64343.651703086594,1407.00877,0,0.0,108332.84307766357,-0.40605591180729206
2025-11-12,64343.651703086594,1413.16877,0,0.0,108332.84307766357,-0.40605591180729206
2025-11-13,64343.651703086594,1418.39877,0,0.0,108332.84307766357,-0.40605591180729206
2025-11-14,64343.651703086594,1404.6187699999998,0,0.0,108332.84307766357,-0.40605591180729206
2025-11-17,64343.651703086594,1419.01877,0,0.0,108332.84307766357,-0.40605591180729206
2025-11-18,64343.651703086594,1424.01877,0,0.0,108332.84307766357,-0.40605591180729206
2025-11-19,64242.971703086594,1419.02877,32,-0.0015647231286248786,108332.84307766357,-0.40698526985919725
2025-11-20,64118.17170308659,1415.1287699999998,32,-0.0019426249547855878,108332.84307766357,-0.4081372750725242
2025-11-21,64101.85170308659,1414.6187699999998,32,-0.0002545300273933959,108332.84307766357,-0.40828792190811314
2025-11-24,63634.651703086594,1400.01877,32,-0.007288400999147737,108332.84307766357,-0.41260055680928576
2025-11-25,63399.4517030866,1392.66877,32,-0.0036960994317595253,108332.84307766357,-0.41477164355747886
2025-11-26,63529.81170308659,1397.1687699999998,0,0.002056169201754221,108332.84307766357,-0.4135683150349685
2025-11-27,63529.81170308659,1395.3187699999999,0,0.0,108332.84307766357,-0.4135683150349685
2025-11-28,63529.81170308659,1398.51877,0,0.0,108332.84307766357,-0.4135683150349685
2025-12-01,63529.81170308659,1396.01877,0,0.0,108332.84307766357,-0.4135683150349685
2025-12-02,63529.81170308659,1384.0487699999999,0,0.0,108332.84307766357,-0.4135683150349685
2025-12-03,63529.81170308659,1377.1187699999998,0,0.0,108332.84307766357,-0.4135683150349685
2025-12-04,63529.81170308659,1371.99877,0,0.0,108332.84307766357,-0.4135683150349685
2025-12-05,63307.731703086596,1378.02877,-36,-0.0034956816972464555,108332.84307766357,-0.41561829354278623
2025-12-08,63732.1717030866,1366.23877,-36,0.006704394369879241,108332.84307766357,-0.411700368120154
2025-12-09,64351.731703086596,1349.02877,-36,0.009721306891696369,108332.84307766357,-0.40598132685437793
2025-12-10,64181.491703086605,1350.8187699999999,-72,-0.0026454610543421575,108332.84307766357,-0.4075527801197367
2025-12-11,63322.93170308659,1360.00877,-108,-0.013377065213314832,108332.84307766357,-0.41547798521552204
2025-12-12,62387.651703086594,1368.6687699999998,-108,-0.01477000471780765,108332.84307766357,-0.4241113781315512
2025-12-15,61809.85170308658,1374.01877,-108,-0.0092614481267842,108332.84307766357,-0.4294449407297911
2025-12-16,62241.85170308658,1370.01877,-108,0.00698917709874447,108332.84307766357,-0.42545723037596694
2025-12-17,61043.05170308656,1381.11877,-108,-0.01926035243486446,108332.84307766357,-0.436523126607829
2025-12-18,61269.85170308655,1379.0187700000001,-108,0.0037154105778187674,108332.84307766357,-0.43442957867207144
2025-12-19,60950.49570308658,1381.97577,-108,-0.005212286159065105,108332.84307766357,-0.43737749355113564
2025-12-22,61138.41570308656,1380.23577,-108,0.0030831578616754562,108332.84307766357,-0.4356428395472224
2025-12-23,61181.61570308657,1379.8357700000001,-108,0.0007065933832797189,108332.84307766357,-0.43524406851183983
2025-12-24,61933.295703086565,1372.87577,-108,0.012286043631928312,108332.84307766357,-0.4283054524961859
2025-12-25,60500.13570308656,1386.14577,-108,-0.02314038004485819,108332.84307766357,-0.4415346815949974
2025-12-26,60487.3510034207,1386.1057700000001,0,-0.000211316875859624,108332.84307766357,-0.4416526947413587
2025-12-29,60487.3510034207,1373.97577,0,0.0,108332.84307766357,-0.4416526947413587
2025-12-30,60487.3510034207,1361.69577,0,0.0,108332.84307766357,-0.4416526947413587
2025-12-31,60487.3510034207,1349.15577,0,0.0,108332.84307766357,-0.4416526947413587
2026-01-05,60487.3510034207,1397.97577,0,0.0,108332.84307766357,-0.4416526947413587
2026-01-06,60327.9910034207,1399.98577,34,-0.0026346004140764823,108332.84307766357,-0.4431237167829917
2026-01-07,60169.89100342071,1395.3357700000001,34,-0.002620674041524551,108332.84307766357,-0.44458310800275913
2026-01-08,59793.85100342071,1384.2757700000002,34,-0.006249637380573381,108332.84307766357,-0.448054262172787
2026-01-09,60025.051003420696,1391.07577,34,0.0038666183247966224,108332.84307766357,-0.4459200986686108
2026-01-12,60165.47100342071,1395.2057700000003,34,0.0023393566128251386,108332.84307766357,-0.44462390818739783
2026-01-13,59749.6510034207,1382.97577,34,-0.00691127307847994,108332.84307766357,-0.44846226401917366
2026-01-14,59307.9910034207,1369.98577,34,-0.007391842338538845,108332.84307766357,-0.45253914400729855
2026-01-15,59235.3310034207,1360.8657699999999,0,-0.0012251300165572188,108332.84307766357,-0.4532098547348653
2026-01-16,59235.3310034207,1353.97577,0,0.0,108332.84307766357,-0.4532098547348653
2026-01-19,59235.3310034207,1347.97577,0,0.0,108332.84307766357,-0.4532098547348653
2026-01-20,59432.631003420705,1345.52577,-34,0.0033307824343651316,108332.84307766357,-0.45138861572373223
2026-01-21,60197.29100342071,1323.03577,-34,0.012865996121827372,108332.84307766357,-0.44433018378124345
2026-01-22,60972.59100342072,1312.03577,-68,0.012879317110066513,108332.84307766357,-0.4371735360096697
2026-01-23,61281.071003420715,1308.97577,-102,0.005059322474629369,108332.84307766357,-0.4343260154310872
2026-01-26,60771.071003420686,1313.9757700000002,-102,-0.008322308857355964,108332.84307766357,-0.4390337290432409
2026-01-27,60728.061003420735,1314.98577,-135,-0.0007077380617092066,108332.84307766357,-0.43943074622453204
2026-01-28,63336.26100342072,1295.66577,-135,0.0429488436960479,108332.84307766357,-0.41535494496331926
2026-01-29,47942.21100342073,1409.69577,-135,-0.24305271192387834,108332.84307766357,-0.5574545111028697
2026-01-30,48293.18997976838,1372.97577,0,0.007320875883730205,108332.84307766357,-0.554214690505749
2026-02-02,48293.18997976838,1398.9757700000002,0,0.0,108332.84307766357,-0.554214690505749
2026-02-03,48826.74997976838,1446.89577,18,0.011048348643432515,108332.84307766357,-0.5492894989863362
2026-02-04,49728.18997976838,1496.97577,18,0.018462011097882147,108332.84307766357,-0.5409684767146898
2026-02-05,50268.18997976838,1526.97577,18,0.010859031873464486,108332.84307766357,-0.5359838387724096
2026-02-06,49548.36997976838,1486.9857700000002,18,-0.014319592575139595,108332.84307766357,-0.5426283611494691
2026-02-09,49826.86997976838,1496.93577,33,0.0056207701709201086,108332.84307766357,-0.5400575802847931
2026-02-10,49161.58997976838,1476.77577,33,-0.013351832059090407,108332.84307766357,-0.5461986542296822
2026-02-11,49146.07997976837,1476.30577,33,-0.0003154902029489648,108332.84307766357,-0.5463418241083577
2026-02-12,48560.98997976839,1458.5757700000001,33,-0.011905120413283066,108332.84307766357,-0.5517426793188182
2026-02-13,48518.08997976838,1457.27577,33,-0.0008834251529443726,108332.84307766357,-0.5521386811108994
2026-02-24,47907.58997976838,1438.7757700000002,33,-0.012582935565983222,108332.84307766357,-0.5577740912289771
2026-02-25,48727.969979768386,1463.63577,33,0.017124217693823773,108332.84307766357,-0.5502013184973331
2026-02-26,47888.11997976838,1438.18577,33,-0.017235480984508667,108332.84307766357,-0.5579538151192294
2026-02-27,47518.849979768376,1426.99577,33,-0.007711098288176954,108332.84307766357,-0.5613624766987586
2026-03-02,47348.18997976839,1412.0857700000001,0,-0.0035914168813565572,108332.84307766357,-0.5629378069047392
2026-03-03,47348.18997976839,1398.16577,0,0.0,108332.84307766357,-0.5629378069047392
2026-03-04,47348.18997976839,1373.1557699999998,0,0.0,108332.84307766357,-0.5629378069047392
2026-03-05,47348.18997976839,1371.01577,0,0.0,108332.84307766357,-0.5629378069047392
2026-03-06,47348.18997976839,1373.97577,0,0.0,108332.84307766357,-0.5629378069047392
2026-03-09,47348.18997976839,1368.97577,0,0.0,108332.84307766357,-0.5629378069047392
2026-03-10,47388.48997976838,1373.8557700000001,-15,0.0008511413005907187,108332.84307766357,-0.562565805221269
2026-03-11,47416.68997976839,1371.97577,-15,0.0005950812109025705,108332.84307766357,-0.56230549635095
2026-03-12,47536.68997976839,1363.97577,-15,0.002530754467492402,108332.84307766357,-0.5611977990304432
2026-03-13,46847.36997976839,1385.61577,-32,-0.014500799283529764,108332.84307766357,-0.5675607816718737
2026-03-16,45358.08997976839,1432.15577,-32,-0.03179004500451488,108332.84307766357,-0.5813080438842422
2026-03-17,45102.84997976839,1456.97577,0,-0.005627221078176925,108332.84307766357,-0.5836641160849599
2026-03-18,45102.84997976839,1440.7757700000002,0,0.0,108332.84307766357,-0.5836641160849599
2026-03-19,45102.84997976839,1424.84577,0,0.0,108332.84307766357,-0.5836641160849599
2026-03-20,45102.84997976839,1416.97577,0,0.0,108332.84307766357,-0.5836641160849599
2026-03-23,45102.84997976839,1380.04577,0,0.0,108332.84307766357,-0.5836641160849599
2026-03-24,45102.84997976839,1379.3057700000002,0,0.0,108332.84307766357,-0.5836641160849599
2026-03-25,45102.84997976839,1382.24577,0,0.0,108332.84307766357,-0.5836641160849599
2026-03-26,45102.84997976839,1373.15577,0,0.0,108332.84307766357,-0.5836641160849599
2026-03-27,45102.84997976839,1387.99577,0,0.0,108332.84307766357,-0.5836641160849599
2026-03-30,45102.84997976839,1391.97577,0,0.0,108332.84307766357,-0.5836641160849599
2026-03-31,45102.84997976839,1421.97577,0,0.0,108332.84307766357,-0.5836641160849599
2026-04-01,45102.84997976839,1431.41577,0,0.0,108332.84307766357,-0.5836641160849599
2026-04-02,45102.84997976839,1431.8557700000001,0,0.0,108332.84307766357,-0.5836641160849599
2026-04-03,45102.84997976839,1431.97577,0,0.0,108332.84307766357,-0.5836641160849599
2026-04-07,45102.84997976839,1411.99577,0,0.0,108332.84307766357,-0.5836641160849599
2026-04-08,45102.84997976839,1436.9957700000002,0,0.0,108332.84307766357,-0.5836641160849599
2026-04-09,45102.84997976839,1432.46577,0,0.0,108332.84307766357,-0.5836641160849599
2026-04-10,45102.84997976839,1425.93577,0,0.0,108332.84307766357,-0.5836641160849599
2026-04-13,45102.84997976839,1415.28577,0,0.0,108332.84307766357,-0.5836641160849599
2026-04-14,45102.84997976839,1418.87577,0,0.0,108332.84307766357,-0.5836641160849599
2026-04-15,45102.84997976839,1439.47577,0,0.0,108332.84307766357,-0.5836641160849599
2026-04-16,45102.84997976839,1434.81577,0,0.0,108332.84307766357,-0.5836641160849599
2026-04-17,45102.84997976839,1379.21577,0,0.0,108332.84307766357,-0.5836641160849599
2026-04-20,45102.84997976839,1382.86577,0,0.0,108332.84307766357,-0.5836641160849599
2026-04-21,45102.84997976839,1383.98577,0,0.0,108332.84307766357,-0.5836641160849599
2026-04-22,45102.84997976839,1381.47577,0,0.0,108332.84307766357,-0.5836641160849599
2026-04-23,45102.84997976839,1390.9757700000002,0,0.0,108332.84307766357,-0.5836641160849599
2026-04-24,45102.84997976839,1430.4657700000002,0,0.0,108332.84307766357,-0.5836641160849599
2026-04-27,45102.84997976839,1375.17577,0,0.0,108332.84307766357,-0.5836641160849599
2026-04-28,45102.84997976839,1376.9757700000002,0,0.0,108332.84307766357,-0.5836641160849599
2026-04-29,45102.84997976839,1373.14577,0,0.0,108332.84307766357,-0.5836641160849599
2026-04-30,45102.84997976839,1356.76577,0,0.0,108332.84307766357,-0.5836641160849599
2026-05-06,44929.54997976839,1346.97577,-17,-0.0038423292558616984,108332.84307766357,-0.5852638156319917
2026-05-07,44996.6999797684,1343.02577,-17,0.0014945620428035156,108332.84307766357,-0.5846439666730581
2026-05-08,44963.71997976839,1344.96577,-17,-0.0007329426383453352,108332.84307766357,-0.5849483988199773
2026-05-11,45161.939979768395,1333.30577,-17,0.00440844307564392,108332.84307766357,-0.5831186674627205
2026-05-12,45277.1999797684,1326.52577,-17,0.002552149000942805,108332.84307766357,-0.5820547241863736
2026-05-13,45647.8099797684,1316.06577,-36,0.008185355988568288,108332.84307766357,-0.5786336933200988
2026-05-14,45632.69997976838,1314.14577,-55,-0.0003310125941794473,108332.84307766357,-0.5787731708743727
2026-05-15,46139.79997976839,1304.92577,-55,0.01111264510372667,108332.84307766357,-0.5740922266141315
2026-05-18,46687.04997976837,1294.9757700000002,-55,0.011860692942751161,108332.84307766357,-0.5690406652920709
2026-05-19,46562.54997976839,1296.27577,-75,-0.0026666923708809076,108332.84307766357,-0.5701899012620965
2026-05-20,47260.04997976837,1286.97577,-75,0.01497984969257593,108332.84307766357,-0.5637514105866515
2026-05-21,47560.04997976837,1282.97577,-75,0.006347856172992383,108332.84307766357,-0.5609821672853847
2026-05-22,49120.04997976837,1262.17577,-75,0.03280063836483804,108332.84307766357,-0.5465821021187978
2026-05-25,49444.04997976837,1257.8557700000001,-75,0.0065960844936732155,108332.84307766357,-0.5435913193534296
2026-05-26,50381.54997976839,1245.35577,-75,0.01896082542557953,108332.84307766357,-0.5349374340369709
2026-05-27,48160.04997976836,1274.9757700000002,-75,-0.0440935223487986,108332.84307766357,-0.5554436806828513
2026-05-28,50186.54997976837,1247.95577,-75,0.042078444703677276,108332.84307766357,-0.5367374421827944
2026-05-29,46435.04997976837,1297.97577,-75,-0.07475110366248205,108332.84307766357,-0.571366829665135
2026-06-01,47665.04997976839,1281.57577,-75,0.02648861152375037,108332.84307766357,-0.5600129321299412
2026-06-02,47843.54997976837,1279.19577,-75,0.003744882258085447,108332.84307766357,-0.5583652323656876
2026-06-03,49741.79997976837,1253.88577,-75,0.03967619461354177,108332.84307766357,-0.5408428453769224
2026-06-04,50785.04997976837,1239.97577,-75,0.0209733061615045,108332.84307766357,-0.5312128017967673
2026-06-05,50420.54997976839,1244.83577,-75,-0.007177309073146398,108332.84307766357,-0.5345774324078063
2026-06-08,51161.54997976837,1234.95577,-75,0.014696388680752515,108332.84307766357,-0.5277374014536775
2026-06-09,51685.04997976837,1227.97577,-75,0.010232293591711183,108332.84307766357,-0.5229050718929671
2026-06-10,50194.04997976837,1247.8557700000001,-75,-0.02884780029396583,108332.84307766357,-0.5366682111002627
2026-06-11,49960.04997976837,1250.97577,-75,-0.0046619071402749235,108332.84307766357,-0.5388282208752508
2026-06-12,48991.79997976837,1263.88577,-75,-0.019380485015369264,108332.84307766357,-0.5477659536300892
2026-06-15,50552.54997976837,1243.0757700000001,-75,0.031857372063172296,108332.84307766357,-0.5333589653552491
2026-06-16,51709.79997976837,1227.64577,-75,0.022892020293004967,108332.84307766357,-0.5226766093206126
2026-06-17,52885.04997976837,1211.97577,-75,0.022727800155092792,108332.84307766357,-0.5118280986879002
2026-06-18,54760.04997976837,1186.97577,-75,0.03545425409860248,108332.84307766357,-0.49452032805498314
2026-06-22,52779.29997976837,1213.38577,-75,-0.03617144251569904,108332.84307766357,-0.5128042569515967
2026-06-23,54201.29997976837,1194.42577,-75,0.026942380830080825,108332.84307766357,-0.49967804370359237
2026-06-24,55309.04997976837,1179.65577,-75,0.020437701686370824,108332.84307766357,-0.48945261281366503
2026-06-25,54977.54997976839,1184.07577,-75,-0.005993594178913653,108332.84307766357,-0.4925126266615646
2026-06-26,56135.982729768366,1168.63,-75,0.021071014449102865,108332.84307766357,-0.48181935288521316
2026-06-29,54161.23272976838,1194.96,-75,-0.0351779714894489,108332.84307766357,-0.5000478969158013
2026-06-30,54871.48272976838,1185.49,-75,0.013113623235713856,108332.84307766357,-0.49349171340005227
2026-07-01,54307.48272976838,1193.01,-75,-0.010278563143219399,108332.84307766357,-0.4986978908064337
2026-07-02,53558.23272976838,1203.0,-75,-0.01379644134360336,108332.84307766357,-0.5056140759513474
2026-07-03,54199.48272976838,1194.45,-75,0.011972949205315775,108332.84307766357,-0.4996948183948897
2026-07-06,53264.98272976838,1206.91,-75,-0.01724186196867039,108332.84307766357,-0.5083210112783356
2026-07-07,54623.232729768366,1188.8000000000002,-75,0.02549986746247268,108332.84307766357,-0.49578326223185065
2026-07-08,53835.73272976838,1199.3,-75,-0.014416942400606314,108332.84307766357,-0.5030525258976757
2026-07-09,55118.98272976838,1182.19,-75,0.02383639889218836,108332.84307766357,-0.4912070876765072
2026-07-10,53409.73272976838,1204.98,-75,-0.031010187694862412,108332.84307766357,-0.5069848513854744
2026-07-13,52958.98272976838,1210.99,-75,-0.008439473050363522,108332.84307766357,-0.5111456394456277
2026-07-14,52667.232729768366,1214.88,-75,-0.00550898044036674,108332.84307766357,-0.5138387285561097
2026-07-15,53501.02328746838,1251.0600000000002,0,0.015831296130141004,108332.84307766357,-0.5061421655008757
2026-07-16,53621.84328746838,1258.99,18,0.0022582745632886425,108332.84307766357,-0.5050268989153455
2026-07-17,53220.84328746838,1253.0,36,-0.007478295698456816,108332.84307766357,-0.5087284541280388
2026-07-20,55902.84328746838,1327.5,36,0.050393789995272664,108332.84307766357,-0.4839714190147141
2026-07-21,55200.843287468386,1308.0000000000002,36,-0.012557500812438227,108332.84307766357,-0.49045144833967824
2026-07-22,55092.84328746838,1305.0,36,-0.001956491849908537,108332.84307766357,-0.4914483759281343
2026-07-23,54625.20328746838,1292.01,36,-0.008488216837165274,108332.84307766357,-0.49576507238614886
2026-07-24,54819.60328746838,1297.41,36,0.0035587968245529567,108332.84307766357,-0.49397060272692805
2026-07-27,54534.84328746838,1289.5,36,-0.005194492169283804,108332.84307766357,-0.4965991684684904
2026-07-28,55632.84328746838,1320.0,36,0.02013391684674204,108332.84307766357,-0.4864637379858542
2026-07-29,55668.84328746838,1321.0,36,0.0006470997682785917,108332.84307766357,-0.48613142878970217
2026-07-30,57136.20328746838,1361.76,36,0.026358729827072214,108332.84307766357,-0.4725865059545463
2026-07-31,56734.44328746838,1350.6,36,-0.007031618779053894,108332.84307766357,-0.4762950765836028
2026-08-03,57036.12328746838,1358.98,36,0.005317404781279178,108332.84307766357,-0.47351032551984895
2026-08-04,55933.803287468385,1328.3600000000001,36,-0.019326699229612387,108332.84307766357,-0.4836856331060233
2026-08-05,55145.04328746838,1306.45,36,-0.014101669359872004,108332.84307766357,-0.49096652759371384
2026-08-06,55220.643287468374,1308.55,36,0.0013709301052842182,108332.84307766357,-0.49026867828179477
2026-08-07,55244.76328746838,1309.22,36,0.00043679317306088983,108332.84307766357,-0.4900460311203728
2026-08-10,56671.80328746838,1348.86,36,0.025831226619152048,108332.84307766357,-0.47687329458490724
2026-08-11,56586.84328746838,1346.5,36,-0.001499158224576691,108332.84307766357,-0.47765754428782603
2026-08-12,56460.84328746838,1343.0,36,-0.002226666000078925,108332.84307766357,-0.47882062647435797
2026-08-13,56903.28328746838,1355.29,36,0.007836227272542295,108332.84307766357,-0.4747365464536498
2026-08-14,56424.48328746838,1341.99,36,-0.008414277214570665,108332.84307766357,-0.4791562587624716
2026-08-17,54664.08328746838,1293.09,36,-0.03119922234876682,108332.84307766357,-0.4954061784543048
2026-08-18,54583.84328746838,1297.99,0,-0.001467874245288825,108332.84307766357,-0.49614685872928355
2026-08-19,54583.84328746838,1307.88,0,0.0,108332.84307766357,-0.49614685872928355
2026-08-20,54583.84328746838,1291.5,0,0.0,108332.84307766357,-0.49614685872928355
2026-08-21,54583.84328746838,1272.83,0,0.0,108332.84307766357,-0.49614685872928355
2026-08-24,53939.49328746839,1304.6599999999999,-19,-0.011804775208050011,108332.84307766357,-0.5020947317998542
2026-08-25,53952.03328746838,1304.0000000000002,-19,0.00023248271786990848,108332.84307766357,-0.5019789774298613
2026-08-26,53974.833287468384,1302.8,-19,0.0004225976040332924,108332.84307766357,-0.501768514938965
