Date,Stock,Selected,Weight,Momentum,AdjMomentum
2025-02-12,中国人保,False,0.0,0.00033390231073225364,0.018619657870600825
2025-02-12,中芯国际,False,0.0,0.007021638941220892,0.21599985454003656
2025-02-12,中际旭创,False,0.0,,
2025-02-12,农业银行,False,0.0,,
2025-02-12,北方稀土,False,0.0,0.004055075488939586,0.1728963321918076
2025-02-12,天孚通信,False,0.0,0.0008601095745174647,0.011785607950649672
2025-02-12,宁德时代,False,0.0,0.0038723457445221767,0.1731917716344087
2025-02-12,寒武纪,False,0.0,,
2025-02-12,工业富联,False,0.0,0.0038665940837009694,0.09099440834742578
2025-02-12,建设银行,False,0.0,0.0009126399467421275,0.056427773963499676
2025-02-12,新华保险,False,0.0,0.0017679831672896996,0.07848137591404986
2025-02-12,新易盛,False,0.0,,
2025-02-12,比亚迪,True,0.25440788266908226,0.01255208303489388,0.4307639862290409
2025-02-12,海光信息,False,0.0,,
2025-02-12,科创50ETF,False,0.0,,
2025-02-12,科大讯飞,True,0.19741526160520645,0.008232881244067842,0.33426395495033273
2025-02-12,紫金矿业,True,0.14021469051854119,0.003984533457867018,0.23741182223587734
2025-02-12,胜宏科技,False,0.0,0.009379258452607541,0.1490111840575819
2025-02-12,药明康德,True,0.1353514047926299,0.005155037767518661,0.2291772961532508
2025-02-12,贵州茅台,False,0.0,0.000898673703397157,0.07223544834208526
2025-02-12,赣锋锂业,False,0.0,0.0028083560003279275,0.11664823225491905
2025-02-12,赤峰黄金,True,0.27261076041454024,0.010440663641894544,0.4615851388451044
2025-02-12,长城军工,False,0.0,0.005176033589105738,0.19433262531286227
2025-02-19,中国人保,False,0.0,0.0010493242052395935,0.06742295599317222
2025-02-19,中芯国际,False,0.0,0.00038196562178743345,0.011385723424073681
2025-02-19,中际旭创,False,0.0,0.003469641714119648,0.060257065219762644
2025-02-19,农业银行,False,0.0,0.002168798403327993,0.17025804641564143
2025-02-19,北方稀土,False,0.0,0.0034708052038565085,0.1508038116580463
2025-02-19,天孚通信,False,0.0,0.010705555262176375,0.14525343790571457
2025-02-19,宁德时代,True,0.1100688571246356,0.00441533777276642,0.20661341117270907
2025-02-19,寒武纪,False,0.0,,
2025-02-19,工业富联,False,0.0,0.007160636438961515,0.17292091954855873
2025-02-19,建设银行,False,0.0,0.0030056756644337547,0.20190093429453262
2025-02-19,新华保险,False,0.0,0.002602264645411273,0.11639864322930096
2025-02-19,新易盛,False,0.0,0.005430843228460292,0.0851323075745246
2025-02-19,比亚迪,True,0.26636962027792516,0.014648593539103572,0.5000100602124203
2025-02-19,海光信息,False,0.0,,
2025-02-19,科创50ETF,False,0.0,,
2025-02-19,科大讯飞,True,0.16088971990414597,0.0074887617544351585,0.3020107114801421
2025-02-19,紫金矿业,False,0.0,0.0023683420381859664,0.14339821500162617
2025-02-19,胜宏科技,False,0.0,0.00781870823680802,0.1337806764104492
2025-02-19,药明康德,True,0.22656146568923596,0.010444674650143032,0.4252850305635142
2025-02-19,贵州茅台,False,0.0,0.00017170542901047138,0.014154984495794685
2025-02-19,赣锋锂业,False,0.0,0.0009566733038056996,0.04357876531649026
2025-02-19,赤峰黄金,True,0.23611033700405734,0.009970888916165871,0.44320949100349544
2025-02-19,长城军工,False,0.0,0.0038748238075802023,0.1436355616738511
2025-02-26,中国人保,False,0.0,0.001277476553552509,0.08083807897458252
2025-02-26,中芯国际,False,0.0,0.0015970028840216755,0.049594184104998836
2025-02-26,中际旭创,False,0.0,,
2025-02-26,农业银行,False,0.0,0.0025459755680157237,0.2010162281662082
2025-02-26,北方稀土,False,0.0,0.0037592199292026786,0.16797613888804824
2025-02-26,天孚通信,False,0.0,,
2025-02-26,宁德时代,False,0.0,0.0028031169026207724,0.16292978402045888
2025-02-26,寒武纪,False,0.0,0.012430563862369126,0.21707585967216517
2025-02-26,工业富联,False,0.0,,
2025-02-26,建设银行,False,0.0,0.002742287941619026,0.18962513780778226
2025-02-26,新华保险,True,0.14886089777806963,0.005799475567292089,0.2235398684940006
2025-02-26,新易盛,False,0.0,,
2025-02-26,比亚迪,True,0.321593916483446,0.015026070310163325,0.4829277726536116
2025-02-26,海光信息,True,0.20450063707741284,0.013492370514112794,0.3070923674488201
2025-02-26,科创50ETF,False,0.0,,
2025-02-26,科大讯飞,True,0.1661623929412795,0.006815664806024429,0.24952099591739907
2025-02-26,紫金矿业,False,0.0,,
2025-02-26,胜宏科技,False,0.0,,
2025-02-26,药明康德,True,0.1588821557197921,0.007767095368142652,0.2385884857996469
2025-02-26,贵州茅台,False,0.0,0.0016802630761665772,0.1435383603492844
2025-02-26,赣锋锂业,False,0.0,0.004657436723525521,0.22016392757706038
2025-02-26,赤峰黄金,False,0.0,0.002821776584317276,0.11446849957989755
2025-02-26,长城军工,False,0.0,0.005028646709149454,0.18874922839424274
2025-03-05,中国人保,False,0.0,,
2025-03-05,中芯国际,False,0.0,,
2025-03-05,中际旭创,False,0.0,0.002641096217159167,0.07741659810808933
2025-03-05,农业银行,False,0.0,0.0007897419087957603,0.08339890954448116
2025-03-05,北方稀土,False,0.0,,
2025-03-05,天孚通信,False,0.0,0.003960402131958219,0.09137439620807317
2025-03-05,宁德时代,False,0.0,0.0025109651416516166,0.12015247061714841
2025-03-05,寒武纪,True,0.2102815548167599,0.01782382453606112,0.2912588512758394
2025-03-05,工业富联,False,0.0,0.002464338198735527,0.10324956635553974
2025-03-05,建设银行,False,0.0,0.0012914825311604427,0.10215438778824434
2025-03-05,新华保险,False,0.0,0.0017425510419628143,0.07044057660231719
2025-03-05,新易盛,False,0.0,,
2025-03-05,比亚迪,True,0.20284332866041407,0.007658375830490177,0.2809562395811758
2025-03-05,海光信息,False,0.0,0.00839602193327918,0.18164160456921447
2025-03-05,科创50ETF,False,0.0,,
2025-03-05,科大讯飞,False,0.0,,
2025-03-05,紫金矿业,False,0.0,0.0001301454904387489,0.007220181613011523
2025-03-05,胜宏科技,True,0.24414857064381532,0.011442091592857246,0.33816771180107386
2025-03-05,药明康德,False,0.0,0.00439344086616481,0.1325577104561027
2025-03-05,贵州茅台,True,0.19965698598654227,0.003460155965821715,0.2765428686235006
2025-03-05,赣锋锂业,False,0.0,0.004259149881839975,0.1786580312518763
2025-03-05,赤峰黄金,False,0.0,,
2025-03-05,长城军工,True,0.14306955989246847,0.005576448536757356,0.19816419801124213
2025-03-12,中国人保,False,0.0,,
2025-03-12,中芯国际,False,0.0,,
2025-03-12,中际旭创,False,0.0,,
2025-03-12,农业银行,False,0.0,,
2025-03-12,北方稀土,False,0.0,0.0014154039837222133,0.09051422209873597
2025-03-12,天孚通信,False,0.0,0.0009309807488792121,0.022265501731836314
2025-03-12,宁德时代,False,0.0,,
2025-03-12,寒武纪,True,0.1339052838947513,0.00926943810298363,0.15537107119081922
2025-03-12,工业富联,False,0.0,,
2025-03-12,建设银行,False,0.0,,
2025-03-12,新华保险,False,0.0,0.0018112964390072095,0.072366472060186
2025-03-12,新易盛,False,0.0,,
2025-03-12,比亚迪,False,0.0,0.0022069947952752913,0.09300607095090799
2025-03-12,海光信息,True,0.1489681208357586,0.00816150480495908,0.17284856754216885
2025-03-12,科创50ETF,False,0.0,,
2025-03-12,科大讯飞,False,0.0,,
2025-03-12,紫金矿业,False,0.0,,
2025-03-12,胜宏科技,True,0.35975591359399045,0.015835429783854615,0.4174268560325352
2025-03-12,药明康德,False,0.0,0.004385618157142612,0.13378386491090175
2025-03-12,贵州茅台,True,0.19601270987847866,0.0026272805870699136,0.22743467483159
2025-03-12,赣锋锂业,False,0.0,0.0006970064164732615,0.03664607188928771
2025-03-12,赤峰黄金,False,0.0,,
2025-03-12,长城军工,True,0.1613579717970211,0.0033988799330523624,0.18722458288491672
2025-03-19,中国人保,False,0.0,0.0004940225539608212,0.025431710103341852
2025-03-19,中芯国际,False,0.0,,
2025-03-19,中际旭创,False,0.0,,
2025-03-19,农业银行,False,0.0,,
2025-03-19,北方稀土,False,0.0,,
2025-03-19,天孚通信,False,0.0,,
2025-03-19,宁德时代,False,0.0,,
2025-03-19,寒武纪,False,0.0,0.008125502154949388,0.13750595064568585
2025-03-19,工业富联,False,0.0,,
2025-03-19,建设银行,False,0.0,,
2025-03-19,新华保险,False,0.0,0.004578222423423728,0.12976499745810116
2025-03-19,新易盛,False,0.0,,
2025-03-19,比亚迪,True,0.15063192924905774,0.005278842283042368,0.2079096367220578
2025-03-19,海光信息,False,0.0,0.006446447580376135,0.13944444738701015
2025-03-19,科创50ETF,False,0.0,,
2025-03-19,科大讯飞,False,0.0,,
2025-03-19,紫金矿业,True,0.23186613275713389,0.005575880789644483,0.3200331010165674
2025-03-19,胜宏科技,True,0.32611409958246446,0.024842567803948768,0.45011880490507156
2025-03-19,药明康德,False,0.0,0.004775921991740528,0.1321336059354983
2025-03-19,贵州茅台,True,0.1864249389328315,0.004625118439810139,0.2573129184674454
2025-03-19,赣锋锂业,False,0.0,0.0007843741665760184,0.03998177727673459
2025-03-19,赤峰黄金,False,0.0,0.003723949605147203,0.14427316053614783
2025-03-19,长城军工,True,0.10496289947851241,0.002104619129130886,0.1448749837346181
2025-03-26,中国人保,False,0.0,0.0005557965357062822,0.029471288128247
2025-03-26,中芯国际,False,0.0,,
2025-03-26,中际旭创,False,0.0,,
2025-03-26,农业银行,False,0.0,,
2025-03-26,北方稀土,False,0.0,0.0017153861606761744,0.10482950612199197
2025-03-26,天孚通信,False,0.0,,
2025-03-26,宁德时代,False,0.0,,
2025-03-26,寒武纪,False,0.0,,
2025-03-26,工业富联,False,0.0,,
2025-03-26,建设银行,False,0.0,0.0003497184788782082,0.040236706085824914
2025-03-26,新华保险,False,0.0,0.0013676333285100816,0.04203594946950416
2025-03-26,新易盛,False,0.0,,
2025-03-26,比亚迪,False,0.0,0.001871731375870761,0.0658933682890043
2025-03-26,海光信息,False,0.0,,
2025-03-26,科创50ETF,False,0.0,,
2025-03-26,科大讯飞,False,0.0,,
2025-03-26,紫金矿业,True,0.25314026995903277,0.00703813933985809,0.35215248316324477
2025-03-26,胜宏科技,True,0.3057052158072479,0.024534090316138762,0.42527745933075134
2025-03-26,药明康德,True,0.12230048558033445,0.004936171222449154,0.1701365795973727
2025-03-26,贵州茅台,True,0.15006867944080024,0.003710585419430251,0.20876590721286403
2025-03-26,赣锋锂业,False,0.0,,
2025-03-26,赤峰黄金,True,0.16878534921258465,0.0056583774603526146,0.23480333593863334
2025-03-26,长城军工,False,0.0,0.00014620122760785614,0.00853408721364071
2025-04-02,中国人保,True,0.14211104900834473,0.002261715895701033,0.14135229486672118
2025-04-02,中芯国际,False,0.0,,
2025-04-02,中际旭创,False,0.0,,
2025-04-02,农业银行,True,0.14240348444971718,0.0011838154361038188,0.14164316894742643
2025-04-02,北方稀土,False,0.0,1.1816511863566025e-05,0.0007565172313335572
2025-04-02,天孚通信,False,0.0,,
2025-04-02,宁德时代,False,0.0,,
2025-04-02,寒武纪,False,0.0,,
2025-04-02,工业富联,False,0.0,,
2025-04-02,建设银行,True,0.2006035141400043,0.0024781144722833158,0.1995324591570168
2025-04-02,新华保险,False,0.0,0.003257395958465753,0.10910766363071929
2025-04-02,新易盛,False,0.0,,
2025-04-02,比亚迪,False,0.0,0.00013734226712499575,0.005295833233044206
2025-04-02,海光信息,False,0.0,,
2025-04-02,科创50ETF,False,0.0,,
2025-04-02,科大讯飞,False,0.0,,
2025-04-02,紫金矿业,False,0.0,0.00284572289031178,0.1379785529241676
2025-04-02,胜宏科技,True,0.2234824241276384,0.013631518958240985,0.22228921490097964
2025-04-02,药明康德,False,0.0,0.0013947515567480917,0.0468486744185286
2025-04-02,贵州茅台,False,0.0,0.002301544455032012,0.13526477682303378
2025-04-02,赣锋锂业,False,0.0,,
2025-04-02,赤峰黄金,True,0.2913995282742954,0.007955182035501296,0.28984369851659453
2025-04-02,长城军工,False,0.0,,
2025-04-10,中国人保,False,0.0,,
2025-04-10,中芯国际,False,0.0,0.0002225085081631717,0.0096284146853638
2025-04-10,中际旭创,False,0.0,,
2025-04-10,农业银行,True,0.05598876059444664,0.0006089107988670517,0.0483379527018567
2025-04-10,北方稀土,True,0.18285513658626368,0.0032568145842235942,0.15786816585604252
2025-04-10,天孚通信,False,0.0,,
2025-04-10,宁德时代,False,0.0,,
2025-04-10,寒武纪,False,0.0,,
2025-04-10,工业富联,False,0.0,,
2025-04-10,建设银行,True,0.18409246708681548,0.0021477636989962858,0.15893641638663508
2025-04-10,新华保险,False,0.0,,
2025-04-10,新易盛,False,0.0,,
2025-04-10,比亚迪,False,0.0,0.0007923347542052484,0.021082149365343996
2025-04-10,海光信息,False,0.0,,
2025-04-10,科创50ETF,False,0.0,,
2025-04-10,科大讯飞,False,0.0,,
2025-04-10,紫金矿业,False,0.0,0.001238089519805713,0.035263031376050545
2025-04-10,胜宏科技,False,0.0,0.001928977251076408,0.02856232560247472
2025-04-10,药明康德,False,0.0,,
2025-04-10,贵州茅台,True,0.07061891831538246,0.0012766247651830487,0.060968914066724694
2025-04-10,赣锋锂业,False,0.0,,
2025-04-10,赤峰黄金,True,0.5064447174170917,0.016233588946132714,0.43723955552323324
2025-04-10,长城军工,False,0.0,,
2025-04-17,中国人保,True,0.0871484719213548,0.002100769044926604,0.08675499512894175
2025-04-17,中芯国际,False,0.0,,
2025-04-17,中际旭创,False,0.0,,
2025-04-17,农业银行,True,0.21503072252259017,0.0029551926858861766,0.21405985525316973
2025-04-17,北方稀土,True,0.0405498577321829,0.0008782370472208923,0.04036677445371
2025-04-17,天孚通信,False,0.0,,
2025-04-17,宁德时代,False,0.0,,
2025-04-17,寒武纪,False,0.0,,
2025-04-17,工业富联,False,0.0,,
2025-04-17,建设银行,True,0.3022873552787821,0.004211758480935079,0.30092252286899
2025-04-17,新华保险,False,0.0,,
2025-04-17,新易盛,False,0.0,,
2025-04-17,比亚迪,False,0.0,,
2025-04-17,海光信息,False,0.0,,
2025-04-17,科创50ETF,False,0.0,,
2025-04-17,科大讯飞,False,0.0,,
2025-04-17,紫金矿业,False,0.0,,
2025-04-17,胜宏科技,False,0.0,,
2025-04-17,药明康德,False,0.0,,
2025-04-17,贵州茅台,False,0.0,,
2025-04-17,赣锋锂业,False,0.0,,
2025-04-17,赤峰黄金,True,0.35498359254509004,0.014689818204123118,0.3533808357522922
2025-04-17,长城军工,False,0.0,,
2025-04-24,中国人保,False,0.0,0.002016142650526226,0.08228649060035868
2025-04-24,中芯国际,False,0.0,,
2025-04-24,中际旭创,False,0.0,,
2025-04-24,农业银行,True,0.27018652009403427,0.004147889379954556,0.27125139290461525
2025-04-24,北方稀土,False,0.0,,
2025-04-24,天孚通信,False,0.0,,
2025-04-24,宁德时代,False,0.0,,
2025-04-24,寒武纪,True,0.11999137700071484,0.004682914639592944,0.12046429309892642
2025-04-24,工业富联,False,0.0,,
2025-04-24,建设银行,True,0.2382189789058492,0.0036037634337978686,0.23915785962244793
2025-04-24,新华保险,False,0.0,,
2025-04-24,新易盛,False,0.0,0.002232924709143197,0.034303208139560164
2025-04-24,比亚迪,False,0.0,,
2025-04-24,海光信息,True,0.08983185577937715,0.0019939605803772353,0.09018590564356059
2025-04-24,科创50ETF,False,0.0,,
2025-04-24,科大讯飞,False,0.0,,
2025-04-24,紫金矿业,False,0.0,6.880348577903428e-06,0.00019402213147874024
2025-04-24,胜宏科技,False,0.0,,
2025-04-24,药明康德,False,0.0,,
2025-04-24,贵州茅台,False,0.0,,
2025-04-24,赣锋锂业,False,0.0,,
2025-04-24,赤峰黄金,True,0.28177126822002446,0.014866157192563923,0.282881799427229
2025-04-24,长城军工,False,0.0,,
2025-05-06,中国人保,False,0.0,0.0025818198825277084,0.10387226157995047
2025-05-06,中芯国际,False,0.0,0.0015442040162660597,0.0780864009263229
2025-05-06,中际旭创,False,0.0,,
2025-05-06,农业银行,True,0.1795595809922999,0.0025647369430141344,0.15145523162152433
2025-05-06,北方稀土,False,0.0,0.003132280752715916,0.1298531610477263
2025-05-06,天孚通信,False,0.0,,
2025-05-06,宁德时代,False,0.0,0.0005966668440013035,0.018044064369830144
2025-05-06,寒武纪,True,0.21098154582309708,0.006923182997181393,0.17795908585838546
2025-05-06,工业富联,False,0.0,,
2025-05-06,建设银行,True,0.15805890880332935,0.0019355101170866694,0.13331980677589247
2025-05-06,新华保险,False,0.0,,
2025-05-06,新易盛,False,0.0,0.002953512224900157,0.046108811281520744
2025-05-06,比亚迪,False,0.0,0.0007709470168297761,0.023957156459379722
2025-05-06,海光信息,True,0.17314831939266764,0.00325929613907322,0.1460474493957453
2025-05-06,科创50ETF,False,0.0,,
2025-05-06,科大讯飞,False,0.0,,
2025-05-06,紫金矿业,False,0.0,0.00350857985530349,0.10136426078308397
2025-05-06,胜宏科技,False,0.0,0.004521045676168229,0.08535467959337768
2025-05-06,药明康德,False,0.0,,
2025-05-06,贵州茅台,False,0.0,,
2025-05-06,赣锋锂业,False,0.0,,
2025-05-06,赤峰黄金,True,0.2782516449886061,0.011936846062330924,0.23470018758078248
2025-05-06,长城军工,False,0.0,0.004549536876292398,0.12258963054977404
2025-05-13,中国人保,True,0.19612700082506193,0.012313408352048787,0.49644760068049093
2025-05-13,中芯国际,False,0.0,,
2025-05-13,中际旭创,False,0.0,0.012255741303357099,0.3589736842197912
2025-05-13,农业银行,False,0.0,0.005207547844786364,0.3678130375064096
2025-05-13,北方稀土,False,0.0,,
2025-05-13,天孚通信,False,0.0,0.007298408665395583,0.2261022646281844
2025-05-13,宁德时代,True,0.26176705009369294,0.00948661225338715,0.6625993535287759
2025-05-13,寒武纪,False,0.0,0.005613440028972022,0.2408749032915915
2025-05-13,工业富联,False,0.0,0.0053523380888828185,0.2642223057730124
2025-05-13,建设银行,False,0.0,0.004010312922170389,0.29007882652930583
2025-05-13,新华保险,False,0.0,0.006444224563832574,0.3376904933178636
2025-05-13,新易盛,True,0.1943433145377508,0.02290492754943496,0.49193263449033264
2025-05-13,比亚迪,False,0.0,0.002684359330244468,0.15094509307601173
2025-05-13,海光信息,False,0.0,,
2025-05-13,科创50ETF,False,0.0,,
2025-05-13,科大讯飞,True,0.1544695252794362,0.003564077581179098,0.3910018757265944
2025-05-13,紫金矿业,False,0.0,0.002501991586927671,0.12836349240741338
2025-05-13,胜宏科技,False,0.0,0.00756912756433506,0.19275750422430887
2025-05-13,药明康德,True,0.1932931092640581,0.008670648051411472,0.48927429634130953
2025-05-13,贵州茅台,False,0.0,0.0022108579860496747,0.24572077701834735
2025-05-13,赣锋锂业,False,0.0,0.0022513756633603167,0.17373659713020717
2025-05-13,赤峰黄金,False,0.0,0.002203077214657773,0.04979472397901874
2025-05-13,长城军工,False,0.0,0.006688062715008996,0.32552389279770877
2025-05-20,中国人保,True,0.13140311511936098,0.008061578546775267,0.3285158741005737
2025-05-20,中芯国际,False,0.0,,
2025-05-20,中际旭创,False,0.0,0.010386615518489689,0.292160181472305
2025-05-20,农业银行,False,0.0,0.001654654261372468,0.12180802114967547
2025-05-20,北方稀土,False,0.0,0.0005050273571230556,0.029659106053473598
2025-05-20,天孚通信,False,0.0,0.009211495080790805,0.2599569671155728
2025-05-20,宁德时代,True,0.29393595920293897,0.011393512413915946,0.7348579862770429
2025-05-20,寒武纪,False,0.0,,
2025-05-20,工业富联,False,0.0,0.00443371507152856,0.22836293248534553
2025-05-20,建设银行,False,0.0,0.0009832722716882735,0.07484548403092793
2025-05-20,新华保险,False,0.0,0.002871915736681352,0.1359483831304104
2025-05-20,新易盛,True,0.18987899501455124,0.021879258581872302,0.47470917233493304
2025-05-20,比亚迪,True,0.15924964748737022,0.007556891183203296,0.3981339186441661
2025-05-20,海光信息,False,0.0,,
2025-05-20,科创50ETF,False,0.0,,
2025-05-20,科大讯飞,False,0.0,0.002426585913807189,0.23402507947569928
2025-05-20,紫金矿业,False,0.0,0.002873175611557388,0.12175873390075818
2025-05-20,胜宏科技,False,0.0,0.0016251773544069925,0.04243608387594263
2025-05-20,药明康德,True,0.2255322831757786,0.009922646740970436,0.5638445867747349
2025-05-20,贵州茅台,False,0.0,0.0005578979020282482,0.05323812563881071
2025-05-20,赣锋锂业,False,0.0,0.001500968230258809,0.10412131348157497
2025-05-20,赤峰黄金,False,0.0,5.575012525674827e-05,0.0014791305665013232
2025-05-20,长城军工,False,0.0,0.006105434690803957,0.2611344948133766
2025-05-27,中国人保,True,0.21549998501052472,0.007181242774634933,0.28886645735393535
2025-05-27,中芯国际,False,0.0,,
2025-05-27,中际旭创,False,0.0,0.004794601215787259,0.14044953987310374
2025-05-27,农业银行,False,0.0,,
2025-05-27,北方稀土,False,0.0,,
2025-05-27,天孚通信,False,0.0,0.005758927624480686,0.17736951741503626
2025-05-27,宁德时代,True,0.14300794943851666,0.003810747506990292,0.19169467564342282
2025-05-27,寒武纪,False,0.0,,
2025-05-27,工业富联,False,0.0,0.0011777878036451973,0.06452146067196098
2025-05-27,建设银行,False,0.0,0.000335559120357426,0.028579162048023306
2025-05-27,新华保险,False,0.0,0.0009280053165325985,0.04296904425864011
2025-05-27,新易盛,True,0.22489812430446396,0.012177735148934998,0.3014641714717644
2025-05-27,比亚迪,False,0.0,,
2025-05-27,海光信息,False,0.0,,
2025-05-27,科创50ETF,False,0.0,,
2025-05-27,科大讯飞,False,0.0,7.441215852358463e-05,0.0072712500249195984
2025-05-27,紫金矿业,False,0.0,0.0011842952551822327,0.061176018771052554
2025-05-27,胜宏科技,False,0.0,0.004796909559237861,0.13439075784490012
2025-05-27,药明康德,True,0.22004053026689535,0.005153038026992141,0.29495282075947776
2025-05-27,贵州茅台,False,0.0,,
2025-05-27,赣锋锂业,False,0.0,,
2025-05-27,赤峰黄金,False,0.0,,
2025-05-27,长城军工,True,0.1965534109795993,0.006962942172793712,0.26346956593865195
2025-06-04,中国人保,True,0.1569438393094169,0.007155775487011601,0.29394096665494424
2025-06-04,中芯国际,False,0.0,,
2025-06-04,中际旭创,False,0.0,0.009485558270276357,0.2517117174758977
2025-06-04,农业银行,False,0.0,0.001102214543402008,0.13852290105135395
2025-06-04,北方稀土,False,0.0,,
2025-06-04,天孚通信,True,0.1842463414229279,0.011525500363333857,0.3450759707344739
2025-06-04,宁德时代,False,0.0,0.0029122839782001362,0.15619903791143475
2025-06-04,寒武纪,False,0.0,,
2025-06-04,工业富联,False,0.0,0.005762859523934632,0.20869735330418332
2025-06-04,建设银行,False,0.0,,
2025-06-04,新华保险,False,0.0,0.005069250492487553,0.23286365937137074
2025-06-04,新易盛,True,0.2582208042968149,0.01966827939340371,0.4836231428987905
2025-06-04,比亚迪,False,0.0,0.00046124799183956954,0.021066026083572536
2025-06-04,海光信息,False,0.0,,
2025-06-04,科创50ETF,False,0.0,,
2025-06-04,科大讯飞,False,0.0,0.0010460292242319147,0.07480645830102392
2025-06-04,紫金矿业,False,0.0,,
2025-06-04,胜宏科技,True,0.17270060704390106,0.014849046288897777,0.3234519022839658
2025-06-04,药明康德,True,0.22788840792693935,0.006639334658834273,0.42681343345652145
2025-06-04,贵州茅台,False,0.0,,
2025-06-04,赣锋锂业,False,0.0,0.0011541608912487788,0.06855264738841814
2025-06-04,赤峰黄金,False,0.0,,
2025-06-04,长城军工,False,0.0,0.004854191885080583,0.19621217214758363
2025-06-11,中国人保,False,0.0,0.0015479935335522554,0.15308912581845968
2025-06-11,中芯国际,False,0.0,,
2025-06-11,中际旭创,True,0.15454872684204835,0.00895484774411492,0.27054765944378334
2025-06-11,农业银行,False,0.0,,
2025-06-11,北方稀土,False,0.0,0.002005957862933283,0.13867782789118385
2025-06-11,天孚通信,True,0.250384039006395,0.017549409115317494,0.4383136445018631
2025-06-11,宁德时代,False,0.0,,
2025-06-11,寒武纪,False,0.0,,
2025-06-11,工业富联,False,0.0,0.0033408363401716047,0.12818294660633767
2025-06-11,建设银行,False,0.0,,
2025-06-11,新华保险,False,0.0,0.002389366480499805,0.13833276672783038
2025-06-11,新易盛,True,0.18719718870545582,0.00931405448146036,0.3277009283323195
2025-06-11,比亚迪,False,0.0,,
2025-06-11,海光信息,False,0.0,,
2025-06-11,科创50ETF,False,0.0,,
2025-06-11,科大讯飞,False,0.0,0.0002829845510650686,0.020513808497650755
2025-06-11,紫金矿业,False,0.0,0.004744238027318726,0.2135101868997371
2025-06-11,胜宏科技,True,0.18872484803933642,0.014795430925136055,0.33037519596075005
2025-06-11,药明康德,True,0.21914519740676444,0.0067204039293573435,0.3836280081254934
2025-06-11,贵州茅台,False,0.0,,
2025-06-11,赣锋锂业,False,0.0,,
2025-06-11,赤峰黄金,False,0.0,0.0029999718792109165,0.1289650290429439
2025-06-11,长城军工,False,0.0,,
2025-06-18,中国人保,False,0.0,0.0006966292352304781,0.05843480781762567
2025-06-18,中芯国际,False,0.0,,
2025-06-18,中际旭创,True,0.22308504840721258,0.015671060616940968,0.5105769299978977
2025-06-18,农业银行,False,0.0,0.001535390892857502,0.2401524933407462
2025-06-18,北方稀土,False,0.0,0.001126012266813531,0.0733887315253739
2025-06-18,天孚通信,True,0.19470008773425865,0.01712030881102025,0.4456119931633442
2025-06-18,宁德时代,False,0.0,,
2025-06-18,寒武纪,False,0.0,,
2025-06-18,工业富联,False,0.0,0.005422896182992238,0.19768839265638363
2025-06-18,建设银行,False,0.0,0.00031149102524336003,0.04177210802564463
2025-06-18,新华保险,False,0.0,0.00409381884797203,0.24870652274409347
2025-06-18,新易盛,True,0.23506145980732132,0.01610009450489413,0.5379874597878522
2025-06-18,比亚迪,False,0.0,,
2025-06-18,海光信息,False,0.0,,
2025-06-18,科创50ETF,False,0.0,,
2025-06-18,科大讯飞,False,0.0,0.0004310318913152755,0.03235805150909297
2025-06-18,紫金矿业,False,0.0,0.0006257863806421015,0.03465912158474293
2025-06-18,胜宏科技,True,0.21372807979117453,0.021076721521768167,0.48916154450176724
2025-06-18,药明康德,False,0.0,0.002538705526068802,0.13407892520653442
2025-06-18,贵州茅台,False,0.0,,
2025-06-18,赣锋锂业,False,0.0,,
2025-06-18,赤峰黄金,False,0.0,,
2025-06-18,长城军工,True,0.1334253242600329,0.011802541828344332,0.3053718432994683
2025-06-25,中国人保,False,0.0,0.004909079524814069,0.31998691049704936
2025-06-25,中芯国际,False,0.0,0.0032330723379030424,0.2128901522857522
2025-06-25,中际旭创,True,0.19479376793877787,0.017887515880384265,0.6193658852133043
2025-06-25,农业银行,True,0.2400822007521052,0.005202275778907872,0.7633648979957135
2025-06-25,北方稀土,False,0.0,0.002853107099131796,0.18712908443994647
2025-06-25,天孚通信,False,0.0,0.015460096630723785,0.4072652699825837
2025-06-25,宁德时代,False,0.0,,
2025-06-25,寒武纪,False,0.0,0.0002682416165118162,0.012494771660570846
2025-06-25,工业富联,False,0.0,0.007189000474851159,0.25431561778594336
2025-06-25,建设银行,False,0.0,0.0029497322566927665,0.3774256615189942
2025-06-25,新华保险,True,0.18491398243831872,0.01039294921864643,0.5879521384750992
2025-06-25,新易盛,True,0.1752740105185646,0.016860272375624687,0.5573009025311113
2025-06-25,比亚迪,False,0.0,,
2025-06-25,海光信息,False,0.0,0.002177630160101579,0.12606030844518368
2025-06-25,科创50ETF,False,0.0,,
2025-06-25,科大讯飞,False,0.0,0.0021099586628688994,0.1436144543280645
2025-06-25,紫金矿业,False,0.0,0.0038351118805375504,0.23524044520076157
2025-06-25,胜宏科技,False,0.0,0.02312278787338921,0.5503226697093371
2025-06-25,药明康德,False,0.0,0.0035079514012191283,0.17030398939070054
2025-06-25,贵州茅台,False,0.0,,
2025-06-25,赣锋锂业,False,0.0,0.00544293963219023,0.33900118583344097
2025-06-25,赤峰黄金,False,0.0,,
2025-06-25,长城军工,True,0.20493603835223365,0.032060001505795965,0.6516142284697325
2025-07-02,中国人保,False,0.0,0.0017818872162982447,0.11024188205871563
2025-07-02,中芯国际,False,0.0,0.0011972308225865424,0.07943167799518532
2025-07-02,中际旭创,True,0.19588234286867523,0.01724188265102048,0.5626894452290159
2025-07-02,农业银行,False,0.0,0.0036019393235923124,0.31511507097416025
2025-07-02,北方稀土,False,0.0,0.0014681244695046835,0.09763211259564877
2025-07-02,天孚通信,False,0.0,0.012421060417850344,0.3014586204939944
2025-07-02,宁德时代,False,0.0,0.002403317045357678,0.13237953169459593
2025-07-02,寒武纪,False,0.0,,
2025-07-02,工业富联,False,0.0,0.007127714313270828,0.24799993149502914
2025-07-02,建设银行,False,0.0,0.0038707654780498423,0.34284423897300875
2025-07-02,新华保险,False,0.0,0.005373168839974113,0.2875249802233859
2025-07-02,新易盛,True,0.18674197611765242,0.015195544257134746,0.5364329290928428
2025-07-02,比亚迪,False,0.0,,
2025-07-02,海光信息,False,0.0,,
2025-07-02,科创50ETF,False,0.0,,
2025-07-02,科大讯飞,False,0.0,,
2025-07-02,紫金矿业,True,0.14713794977662353,0.007710250439051413,0.42266684234755003
2025-07-02,胜宏科技,True,0.22250430807946678,0.018111338759820794,0.6391634071797844
2025-07-02,药明康德,False,0.0,0.005015709881203345,0.24181721335210918
2025-07-02,贵州茅台,False,0.0,,
2025-07-02,赣锋锂业,False,0.0,0.006047471252451031,0.38380184474014734
2025-07-02,赤峰黄金,False,0.0,,
2025-07-02,长城军工,True,0.2477334231575821,0.04063571207439996,0.7116362832901196
2025-07-09,中国人保,False,0.0,0.0008045126638972,0.04906163146569692
2025-07-09,中芯国际,False,0.0,0.00212810620832512,0.1485133219727839
2025-07-09,中际旭创,False,0.0,0.012612030214873133,0.39917795045060867
2025-07-09,农业银行,True,0.2003504108218719,0.006175623750014398,0.5143651678333908
2025-07-09,北方稀土,False,0.0,0.0035313512038745607,0.1387533359767281
2025-07-09,天孚通信,False,0.0,0.008926554717830553,0.2112731751715582
2025-07-09,宁德时代,False,0.0,0.004580466638491504,0.25634277670399763
2025-07-09,寒武纪,False,0.0,,
2025-07-09,工业富联,False,0.0,0.01338168977027997,0.3729968808264669
2025-07-09,建设银行,True,0.1940582678999327,0.005531377245423607,0.49821117475297516
2025-07-09,新华保险,False,0.0,0.0038975563597532627,0.22048649439963278
2025-07-09,新易盛,True,0.18082281160023053,0.01457620039090719,0.46423142061610667
2025-07-09,比亚迪,False,0.0,,
2025-07-09,海光信息,False,0.0,,
2025-07-09,科创50ETF,False,0.0,,
2025-07-09,科大讯飞,False,0.0,,
2025-07-09,紫金矿业,False,0.0,,
2025-07-09,胜宏科技,True,0.17626867134924193,0.0167603657001315,0.4525394500085733
2025-07-09,药明康德,False,0.0,0.0020124557935076504,0.10455218871499071
2025-07-09,贵州茅台,False,0.0,,
2025-07-09,赣锋锂业,False,0.0,0.004297319084616014,0.2508345462041776
2025-07-09,赤峰黄金,False,0.0,,
2025-07-09,长城军工,True,0.248499838328723,0.03874627056997483,0.637980528835383
2025-07-16,中国人保,False,0.0,,
2025-07-16,中芯国际,False,0.0,0.0043251074499554894,0.2721532412843472
2025-07-16,中际旭创,False,0.0,0.017359680321099087,0.37093776565323316
2025-07-16,农业银行,False,0.0,0.004675834161351933,0.37576495042007657
2025-07-16,北方稀土,False,0.0,0.011436379397395386,0.34939132312306975
2025-07-16,天孚通信,False,0.0,0.011429530487443284,0.2253436916298028
2025-07-16,宁德时代,False,0.0,0.00495740389378232,0.2786575609222656
2025-07-16,寒武纪,False,0.0,0.0005291161887605644,0.016642254322318265
2025-07-16,工业富联,True,0.18821311958960374,0.015688932195578924,0.43367531168771256
2025-07-16,建设银行,False,0.0,0.002493614194017868,0.22804568613100382
2025-07-16,新华保险,False,0.0,0.005697246275630502,0.30911922349359816
2025-07-16,新易盛,True,0.2107521408147921,0.026042118879244607,0.48560908270369146
2025-07-16,比亚迪,False,0.0,,
2025-07-16,海光信息,False,0.0,0.0015176400743316665,0.10773998350120263
2025-07-16,科创50ETF,False,0.0,,
2025-07-16,科大讯飞,False,0.0,0.0008478115815073406,0.07591225231374475
2025-07-16,紫金矿业,False,0.0,0.002140303339737698,0.1195931708762361
2025-07-16,胜宏科技,True,0.17712517221610574,0.020233010469799084,0.40812677902610156
2025-07-16,药明康德,True,0.18284122252022753,0.011904801245852036,0.4212975393995967
2025-07-16,贵州茅台,False,0.0,0.000683756310887651,0.1120176601015126
2025-07-16,赣锋锂业,False,0.0,0.006302526246241174,0.3166383946371577
2025-07-16,赤峰黄金,False,0.0,,
2025-07-16,长城军工,True,0.24106834485927095,0.032045231973876834,0.5554628169537021
2025-07-23,中国人保,False,0.0,,
2025-07-23,中芯国际,False,0.0,0.0025741030719055036,0.21122714415749322
2025-07-23,中际旭创,True,0.17277984820553383,0.01915786966951607,0.41123644097155887
2025-07-23,农业银行,False,0.0,0.002202677275770637,0.16113287099756135
2025-07-23,北方稀土,True,0.2390354528869864,0.02377103461599634,0.5689326037278036
2025-07-23,天孚通信,False,0.0,0.010106988609176226,0.19858541754693704
2025-07-23,宁德时代,False,0.0,0.006415085297150047,0.3729814935661926
2025-07-23,寒武纪,False,0.0,,
2025-07-23,工业富联,True,0.18604924936713235,0.016993110630624447,0.442819182617612
2025-07-23,建设银行,False,0.0,,
2025-07-23,新华保险,False,0.0,0.003039154688737411,0.19069042022525268
2025-07-23,新易盛,True,0.1671439119090473,0.02122842358436719,0.3978222470815835
2025-07-23,比亚迪,False,0.0,0.0008516780406459034,0.07554704452068256
2025-07-23,海光信息,False,0.0,,
2025-07-23,科创50ETF,False,0.0,,
2025-07-23,科大讯飞,False,0.0,0.0010787384504438169,0.12137132280582799
2025-07-23,紫金矿业,False,0.0,0.0032574225185174888,0.17408409295616267
2025-07-23,胜宏科技,False,0.0,0.010736475537070207,0.2107831516047893
2025-07-23,药明康德,True,0.23499153763130015,0.01497465002623009,0.5593076079044438
2025-07-23,贵州茅台,False,0.0,0.002575837102710932,0.3616684760976694
2025-07-23,赣锋锂业,False,0.0,0.008695450461563036,0.3565870636965697
2025-07-23,赤峰黄金,False,0.0,,
2025-07-23,长城军工,False,0.0,0.011059522529877635,0.19824842900256381
2025-07-30,中国人保,False,0.0,,
2025-07-30,中芯国际,False,0.0,0.0019419020302547329,0.14845982491185447
2025-07-30,中际旭创,True,0.1930853550612117,0.02263253188854883,0.4950075041386511
2025-07-30,农业银行,False,0.0,0.0041620747626172185,0.37515183718131684
2025-07-30,北方稀土,True,0.19231040058801885,0.02232232751842584,0.49302077511161196
2025-07-30,天孚通信,False,0.0,0.016991626142955334,0.30875863347733223
2025-07-30,宁德时代,False,0.0,0.0006425452829700196,0.029307464222263692
2025-07-30,寒武纪,True,0.153673627583579,0.013670738527069482,0.393968764839594
2025-07-30,工业富联,True,0.24732698097898975,0.0228674803723077,0.6340652377377101
2025-07-30,建设银行,False,0.0,,
2025-07-30,新华保险,False,0.0,0.006702803585096817,0.3377016646774659
2025-07-30,新易盛,False,0.0,0.020594595691048857,0.37422789651970767
2025-07-30,比亚迪,False,0.0,,
2025-07-30,海光信息,False,0.0,0.00147940416638776,0.11846899500421311
2025-07-30,科创50ETF,False,0.0,,
2025-07-30,科大讯飞,False,0.0,0.001924879175689931,0.1495330621203552
2025-07-30,紫金矿业,False,0.0,,
2025-07-30,胜宏科技,False,0.0,0.01693566938189215,0.27574408220732266
2025-07-30,药明康德,True,0.21360363578820077,0.01645309921129815,0.5476096444131592
2025-07-30,贵州茅台,False,0.0,0.0002763848358960486,0.0266002419922121
2025-07-30,赣锋锂业,False,0.0,0.0018078261386969441,0.06771525398458174
2025-07-30,赤峰黄金,False,0.0,,
2025-07-30,长城军工,False,0.0,0.007571845096358815,0.1588463161297948
2025-08-06,中国人保,False,0.0,,
2025-08-06,中芯国际,False,0.0,0.002886221296399194,0.21414251587533148
2025-08-06,中际旭创,False,0.0,0.018828921517326964,0.4230719989877951
2025-08-06,农业银行,False,0.0,0.004316419283462147,0.37628336091894526
2025-08-06,北方稀土,True,0.17623817803403535,0.01928734751083854,0.44192755526309035
2025-08-06,天孚通信,False,0.0,0.008928516111494594,0.18813969829856061
2025-08-06,宁德时代,False,0.0,,
2025-08-06,寒武纪,True,0.1804292723487964,0.015445455145765846,0.45243696976714687
2025-08-06,工业富联,True,0.19973365511757604,0.018066294254703713,0.500843840389823
2025-08-06,建设银行,False,0.0,,
2025-08-06,新华保险,False,0.0,0.006165496676008797,0.2832839466447459
2025-08-06,新易盛,False,0.0,0.017708663147613896,0.3248005706573535
2025-08-06,比亚迪,False,0.0,,
2025-08-06,海光信息,False,0.0,0.0006935337209321823,0.04130281604563764
2025-08-06,科创50ETF,False,0.0,,
2025-08-06,科大讯飞,False,0.0,0.002247608037512017,0.17991147745171465
2025-08-06,紫金矿业,False,0.0,0.004056899926978852,0.2713740259453688
2025-08-06,胜宏科技,False,0.0,0.015747787651333934,0.27258609653084775
2025-08-06,药明康德,True,0.17276035153601146,0.014156195735208682,0.4332067015919631
2025-08-06,贵州茅台,False,0.0,,
2025-08-06,赣锋锂业,False,0.0,0.003129739553698091,0.12200649338546178
2025-08-06,赤峰黄金,False,0.0,0.0033514795355822856,0.15799325748395562
2025-08-06,长城军工,True,0.2708385429635807,0.03494461226246706,0.6791435119114644
2025-08-13,中国人保,False,0.0,0.0017035718491196284,0.10789171211549949
2025-08-13,中芯国际,False,0.0,0.0004953467289885605,0.032193073449952404
2025-08-13,中际旭创,True,0.1540097757440798,0.016096231781519404,0.41659060727955355
2025-08-13,农业银行,True,0.20567692507624796,0.006388124896539854,0.556348288327399
2025-08-13,北方稀土,False,0.0,0.013163503109998864,0.33254062328483724
2025-08-13,天孚通信,False,0.0,0.00976825648761916,0.21721540182222787
2025-08-13,宁德时代,False,0.0,0.0029924997606824823,0.13297331729025105
2025-08-13,寒武纪,True,0.17711189023089166,0.026127559947861236,0.47908095152559194
2025-08-13,工业富联,True,0.22540123870361767,0.025655945623414,0.6097018092483862
2025-08-13,建设银行,False,0.0,,
2025-08-13,新华保险,False,0.0,0.005175561981902499,0.23979009090912407
2025-08-13,新易盛,False,0.0,0.012599411642667474,0.27983293686077004
2025-08-13,比亚迪,False,0.0,,
2025-08-13,海光信息,False,0.0,0.005328166625966762,0.20897415095201424
2025-08-13,科创50ETF,False,0.0,,
2025-08-13,科大讯飞,False,0.0,0.0010475950097009635,0.08357683682184078
2025-08-13,紫金矿业,False,0.0,0.00566396091470236,0.3312140194656748
2025-08-13,胜宏科技,False,0.0,0.015760994229457547,0.2994106619361291
2025-08-13,药明康德,False,0.0,0.01058245487491451,0.3719100294031045
2025-08-13,贵州茅台,False,0.0,0.00045090610149146616,0.040434586610473444
2025-08-13,赣锋锂业,False,0.0,0.004614529765186265,0.13968864225845348
2025-08-13,赤峰黄金,False,0.0,0.002340746685837741,0.0978434874392928
2025-08-13,长城军工,True,0.23780017024516292,0.03893539602586227,0.6432404492181838
2025-08-20,中国人保,False,0.0,0.0025473340207741004,0.14768051925227538
2025-08-20,中芯国际,False,0.0,,
2025-08-20,中际旭创,False,0.0,0.019155048644331117,0.43823806332011206
2025-08-20,农业银行,True,0.26938762189758203,0.0080623549728986,0.8193513480217993
2025-08-20,北方稀土,False,0.0,0.008444403824826219,0.24832477835555594
2025-08-20,天孚通信,False,0.0,0.017573883139529022,0.35859287097882797
2025-08-20,宁德时代,False,0.0,,
2025-08-20,寒武纪,True,0.16844583998623786,0.02922414757402486,0.5123335849256669
2025-08-20,工业富联,True,0.18539265373787017,0.026476097618124965,0.5638778785879547
2025-08-20,建设银行,False,0.0,,
2025-08-20,新华保险,False,0.0,0.004741990156838532,0.20859077803226447
2025-08-20,新易盛,True,0.15813115381501702,0.02123256208429581,0.48096112631275895
2025-08-20,比亚迪,False,0.0,,
2025-08-20,海光信息,False,0.0,0.006704347750606077,0.24111197726919012
2025-08-20,科创50ETF,False,0.0,,
2025-08-20,科大讯飞,False,0.0,0.002847452762320191,0.2157292714329989
2025-08-20,紫金矿业,False,0.0,0.0014007763843074672,0.0785353645989303
2025-08-20,胜宏科技,False,0.0,0.018288666862279722,0.35268341978274975
2025-08-20,药明康德,False,0.0,0.0032470307169804426,0.09838294168565617
2025-08-20,贵州茅台,False,0.0,,
2025-08-20,赣锋锂业,False,0.0,,
2025-08-20,赤峰黄金,False,0.0,0.0006538692257711698,0.027613747437746538
2025-08-20,长城军工,True,0.21864273056329286,0.03930515258633481,0.6650090852738214
2025-08-27,中国人保,False,0.0,0.0040775849247286665,0.2792577276126895
2025-08-27,中芯国际,False,0.0,0.01564432613487493,0.3061434121980844
2025-08-27,中际旭创,True,0.18464987137192865,0.026836648942679963,0.5029649841208375
2025-08-27,农业银行,False,0.0,0.005713186244653196,0.4644751810759684
2025-08-27,北方稀土,True,0.17463874390051504,0.021429475719475122,0.4756958258361342
2025-08-27,天孚通信,False,0.0,0.029158459562386257,0.4755564410677049
2025-08-27,宁德时代,False,0.0,0.0027738986911645114,0.16666317550079762
2025-08-27,寒武纪,True,0.22079870932067708,0.043572291226220354,0.601430255554777
2025-08-27,工业富联,False,0.0,0.019075891660462457,0.38944666675713463
2025-08-27,建设银行,False,0.0,,
2025-08-27,新华保险,False,0.0,0.0001257132126436966,0.006309738117796594
2025-08-27,新易盛,True,0.22246698825941058,0.033531137600706785,0.6059744552538882
2025-08-27,比亚迪,False,0.0,0.0020048555572524883,0.145269668897324
2025-08-27,海光信息,False,0.0,0.02122267981311517,0.3559600769289826
2025-08-27,科创50ETF,False,0.0,,
2025-08-27,科大讯飞,False,0.0,0.004878052317633297,0.47506974087416237
2025-08-27,紫金矿业,False,0.0,0.008790383175573974,0.4043063968496334
2025-08-27,胜宏科技,False,0.0,0.01699469414202733,0.2754515404816484
2025-08-27,药明康德,False,0.0,0.00017956108462093833,0.005719114146925571
2025-08-27,贵州茅台,False,0.0,0.0009291499366514966,0.09821025731728278
2025-08-27,赣锋锂业,False,0.0,0.0035672564315792077,0.13497028475286293
2025-08-27,赤峰黄金,False,0.0,0.004959433481644393,0.19539278743676053
2025-08-27,长城军工,True,0.1974456871474687,0.03191704251313765,0.537819312642921
2025-09-03,中国人保,False,0.0,0.0014893416608351584,0.08439511269614201
2025-09-03,中芯国际,False,0.0,0.013151944512577108,0.2521945396318299
2025-09-03,中际旭创,True,0.2156974310542481,0.03169524064906016,0.4392778885212949
2025-09-03,农业银行,True,0.18397748552479118,0.00605191990326141,0.37467873855420075
2025-09-03,北方稀土,False,0.0,0.01349081232951424,0.2705146881470524
2025-09-03,天孚通信,True,0.18465676339805415,0.03065984971941805,0.376062119656274
2025-09-03,宁德时代,False,0.0,0.008078892297886353,0.2829370761581477
2025-09-03,寒武纪,False,0.0,0.0308443022060875,0.3546041686492216
2025-09-03,工业富联,True,0.21420994781893865,0.021837719427063546,0.43624855946705493
2025-09-03,建设银行,False,0.0,,
2025-09-03,新华保险,False,0.0,,
2025-09-03,新易盛,True,0.20145837220396784,0.029602404255331345,0.41027938039947837
2025-09-03,比亚迪,False,0.0,,
2025-09-03,海光信息,False,0.0,0.014275226136891967,0.2057879025092826
2025-09-03,科创50ETF,False,0.0,,
2025-09-03,科大讯飞,False,0.0,0.00047365593463024604,0.027821002591178454
2025-09-03,紫金矿业,False,0.0,0.008888399481330467,0.3289280140423145
2025-09-03,胜宏科技,False,0.0,0.014763477660882323,0.22847403044287345
2025-09-03,药明康德,False,0.0,0.006636585324699929,0.15465676409696652
2025-09-03,贵州茅台,False,0.0,0.0018660834350533839,0.1678178095773713
2025-09-03,赣锋锂业,False,0.0,0.005731777357022544,0.20396510689739578
2025-09-03,赤峰黄金,False,0.0,0.0023911785171101376,0.08150514256026702
2025-09-03,长城军工,False,0.0,0.008347665065087767,0.13182891681337594
2025-09-10,中国人保,False,0.0,,
2025-09-10,中芯国际,False,0.0,0.012104468255098505,0.20916675322730333
2025-09-10,中际旭创,True,0.22548398847052872,0.03414319664331243,0.4288695232934127
2025-09-10,农业银行,False,0.0,0.0027824720230082258,0.15929057632961272
2025-09-10,北方稀土,False,0.0,0.015161229750629746,0.30689540162424234
2025-09-10,天孚通信,True,0.20868834674926273,0.03391011001713536,0.39692428892326687
2025-09-10,宁德时代,False,0.0,0.00799216641491427,0.2522332477639609
2025-09-10,寒武纪,False,0.0,0.02222661816420271,0.28056595341024115
2025-09-10,工业富联,False,0.0,0.017644212404205363,0.3078745236922057
2025-09-10,建设银行,False,0.0,,
2025-09-10,新华保险,False,0.0,8.625115022056206e-05,0.003746347558397802
2025-09-10,新易盛,True,0.19209920074364453,0.028282260151809246,0.3653718084676349
2025-09-10,比亚迪,False,0.0,0.00033702893069944005,0.01558039161035863
2025-09-10,海光信息,False,0.0,0.021717937651992432,0.27191982123879765
2025-09-10,科创50ETF,False,0.0,,
2025-09-10,科大讯飞,False,0.0,0.003249815061084488,0.13777073333640744
2025-09-10,紫金矿业,True,0.18893512199035134,0.010641518924880512,0.3593537450308822
2025-09-10,胜宏科技,False,0.0,0.0239928096766322,0.2802380509353317
2025-09-10,药明康德,False,0.0,0.0039574380041375815,0.09091923443159258
2025-09-10,贵州茅台,False,0.0,0.003451128454668273,0.3331267813567037
2025-09-10,赣锋锂业,True,0.18479334204621262,0.011624572727312788,0.35147609836391647
2025-09-10,赤峰黄金,False,0.0,0.010222522221695618,0.2890057248980827
2025-09-10,长城军工,False,0.0,,
2025-09-17,中国人保,False,0.0,,
2025-09-17,中芯国际,False,0.0,0.016424703406538614,0.28097259432110316
2025-09-17,中际旭创,False,0.0,0.02516175529299805,0.3152936814692648
2025-09-17,农业银行,False,0.0,,
2025-09-17,北方稀土,False,0.0,0.0049879774945151,0.10153000995711091
2025-09-17,天孚通信,False,0.0,0.024495987609809276,0.2842809237561376
2025-09-17,宁德时代,True,0.21961857186108166,0.01489933521335236,0.380026026686798
2025-09-17,寒武纪,False,0.0,0.01897686464389608,0.2397933683271764
2025-09-17,工业富联,True,0.2127302407509394,0.019429899425812275,0.3681065196974426
2025-09-17,建设银行,False,0.0,,
2025-09-17,新华保险,False,0.0,,
2025-09-17,新易盛,False,0.0,0.01799491127526907,0.22472356462898374
2025-09-17,比亚迪,False,0.0,0.0014694161264540817,0.0642336769148083
2025-09-17,海光信息,True,0.18775664523971985,0.02592708516858025,0.3248924317731515
2025-09-17,科创50ETF,False,0.0,,
2025-09-17,科大讯飞,False,0.0,0.0018184072948424612,0.07848577951542289
2025-09-17,紫金矿业,True,0.18256019977319998,0.009383188135501725,0.31590054867874134
2025-09-17,胜宏科技,False,0.0,0.024015585441819764,0.27847290868422875
2025-09-17,药明康德,False,0.0,0.008945458159059005,0.22318927131129543
2025-09-17,贵州茅台,False,0.0,0.0007678711117568793,0.06642832380796819
2025-09-17,赣锋锂业,True,0.1973343423750591,0.012203181289420018,0.3414655938527903
2025-09-17,赤峰黄金,False,0.0,0.006953826946104519,0.18225979152032507
2025-09-17,长城军工,False,0.0,,
2025-09-24,中国人保,False,0.0,,
2025-09-24,中芯国际,False,0.0,0.006617333291370725,0.1760452113138215
2025-09-24,中际旭创,False,0.0,0.012178864667020067,0.1691890195641246
2025-09-24,农业银行,False,0.0,,
2025-09-24,北方稀土,False,0.0,,
2025-09-24,天孚通信,False,0.0,0.003427656625645964,0.04748863516450945
2025-09-24,宁德时代,True,0.25289324731661195,0.018680050561793955,0.5000692116490988
2025-09-24,寒武纪,False,0.0,,
2025-09-24,工业富联,True,0.18308512475906538,0.01850185612551324,0.362031153359818
2025-09-24,建设银行,False,0.0,,
2025-09-24,新华保险,False,0.0,,
2025-09-24,新易盛,False,0.0,0.005288448008159014,0.07686444180200451
2025-09-24,比亚迪,False,0.0,,
2025-09-24,海光信息,True,0.1206339201401447,0.015509569098142445,0.23854060945762498
2025-09-24,科创50ETF,False,0.0,,
2025-09-24,科大讯飞,False,0.0,0.002633168828343502,0.09542037222103102
2025-09-24,紫金矿业,True,0.19198587740084036,0.010401596048458079,0.3796314349168957
2025-09-24,胜宏科技,False,0.0,0.009794368978179192,0.13490024951509974
2025-09-24,药明康德,False,0.0,0.006641626223616537,0.17468980609707496
2025-09-24,贵州茅台,False,0.0,,
2025-09-24,赣锋锂业,True,0.2514018303833377,0.01962377509926751,0.49712009498435505
2025-09-24,赤峰黄金,False,0.0,0.006725774854226557,0.17499558439414678
2025-09-24,长城军工,False,0.0,,
2025-10-09,中国人保,False,0.0,,
2025-10-09,中芯国际,False,0.0,0.006349872599289985,0.1515005589071337
2025-10-09,中际旭创,False,0.0,0.004117258253949668,0.07780799881073214
2025-10-09,农业银行,False,0.0,,
2025-10-09,北方稀土,False,0.0,0.003530102346613334,0.1019748601621559
2025-10-09,天孚通信,False,0.0,,
2025-10-09,宁德时代,True,0.18141294801380212,0.01245598505439991,0.3323748853634703
2025-10-09,寒武纪,False,0.0,0.0026883506912171785,0.06506272858030462
2025-10-09,工业富联,True,0.13935153058558467,0.01261243214370073,0.2553122558820001
2025-10-09,建设银行,False,0.0,,
2025-10-09,新华保险,False,0.0,1.5000889386224126e-05,0.0010264733780793833
2025-10-09,新易盛,False,0.0,0.006706577150144594,0.12127195855659884
2025-10-09,比亚迪,False,0.0,0.0019212633076996222,0.12174517452984439
2025-10-09,海光信息,True,0.17018130571332035,0.01838858542522555,0.3117968843831759
2025-10-09,科创50ETF,False,0.0,,
2025-10-09,科大讯飞,False,0.0,0.007020424406358977,0.2129164662440239
2025-10-09,紫金矿业,True,0.23173925177748667,0.014382022601187362,0.4245799877409986
2025-10-09,胜宏科技,False,0.0,0.006315735701547443,0.08714066363361685
2025-10-09,药明康德,False,0.0,0.002083078141743111,0.06397681783873002
2025-10-09,贵州茅台,False,0.0,,
2025-10-09,赣锋锂业,True,0.2773149639098062,0.024190143232086035,0.5080813158500911
2025-10-09,赤峰黄金,False,0.0,0.00674023422447374,0.1668814372174595
2025-10-09,长城军工,False,0.0,,
2025-10-16,中国人保,False,0.0,0.0010683896994097386,0.06057889157461717
2025-10-16,中芯国际,True,0.14715148400172706,0.005865180825637528,0.14585885643921856
2025-10-16,中际旭创,False,0.0,,
2025-10-16,农业银行,True,0.14095694589373142,0.0025273415880390005,0.13971873321361247
2025-10-16,北方稀土,False,0.0,0.0032180350217878794,0.07670469866184022
2025-10-16,天孚通信,False,0.0,,
2025-10-16,宁德时代,True,0.1620014957628154,0.006090888144756623,0.16057842075945244
2025-10-16,寒武纪,False,0.0,,
2025-10-16,工业富联,False,0.0,0.001628602920717953,0.04069305993927242
2025-10-16,建设银行,False,0.0,0.0004628343706526983,0.029638757147754647
2025-10-16,新华保险,False,0.0,0.0019419311233798199,0.09325416783653742
2025-10-16,新易盛,False,0.0,,
2025-10-16,比亚迪,False,0.0,,
2025-10-16,海光信息,False,0.0,0.002662019248900299,0.05895728177982169
2025-10-16,科创50ETF,False,0.0,,
2025-10-16,科大讯飞,False,0.0,0.00039699936944151415,0.012025074639365937
2025-10-16,紫金矿业,True,0.25912742814437056,0.009369183557493794,0.2568511666571441
2025-10-16,胜宏科技,False,0.0,,
2025-10-16,药明康德,False,0.0,,
2025-10-16,贵州茅台,False,0.0,,
2025-10-16,赣锋锂业,True,0.2907626461973556,0.014006360470966534,0.2882084904362203
2025-10-16,赤峰黄金,False,0.0,0.0027754265738568484,0.0724102154343927
2025-10-16,长城军工,False,0.0,0.0036324418595291784,0.07677776023238736
2025-10-23,中国人保,True,0.19784848560314292,0.00588716321520778,0.4013340350672286
2025-10-23,中芯国际,False,0.0,0.00539752385990896,0.14132522455580587
2025-10-23,中际旭创,False,0.0,0.010621334939120158,0.22238748147876888
2025-10-23,农业银行,True,0.2655720162147929,0.008743860671138803,0.5387106630788848
2025-10-23,北方稀土,False,0.0,0.003840748087421819,0.09976962189181875
2025-10-23,天孚通信,False,0.0,0.0005318308248112469,0.012328044151566854
2025-10-23,宁德时代,False,0.0,0.003001249439393644,0.10277771228041382
2025-10-23,寒武纪,False,0.0,0.004335987610198067,0.10838300696818322
2025-10-23,工业富联,False,0.0,0.0032256272054030644,0.07194654796819254
2025-10-23,建设银行,False,0.0,0.003505683937194548,0.24966877587922548
2025-10-23,新华保险,True,0.20867269443863537,0.007570338462223036,0.42329085417107687
2025-10-23,新易盛,False,0.0,0.004880896654210482,0.1066666204046342
2025-10-23,比亚迪,False,0.0,,
2025-10-23,海光信息,False,0.0,0.0020279122449219033,0.04581737501890241
2025-10-23,科创50ETF,False,0.0,,
2025-10-23,科大讯飞,False,0.0,0.000535643478234954,0.01591817192701286
2025-10-23,紫金矿业,True,0.1628346048712352,0.011813311440068096,0.3303086643414393
2025-10-23,胜宏科技,False,0.0,,
2025-10-23,药明康德,False,0.0,,
2025-10-23,贵州茅台,False,0.0,,
2025-10-23,赣锋锂业,True,0.1650721988721937,0.015831341332142652,0.33484760547363585
2025-10-23,赤峰黄金,False,0.0,0.0034770129418412233,0.08613062154301009
2025-10-23,长城军工,False,0.0,0.005958985112287651,0.1285787212631276
2025-10-30,中国人保,True,0.1651236058567795,0.004937626146711416,0.29111175848412435
2025-10-30,中芯国际,False,0.0,,
2025-10-30,中际旭创,False,0.0,0.005563437232492396,0.10973472537128423
2025-10-30,农业银行,True,0.364996355557594,0.009785198809763983,0.6434860137370564
2025-10-30,北方稀土,False,0.0,0.00440015257936352,0.10934847970665464
2025-10-30,天孚通信,False,0.0,,
2025-10-30,宁德时代,False,0.0,,
2025-10-30,寒武纪,False,0.0,0.0003188613696784415,0.008220612937764223
2025-10-30,工业富联,False,0.0,0.003964529843873149,0.07433373821095142
2025-10-30,建设银行,True,0.13157664192225677,0.0023978415930292875,0.2319686964603159
2025-10-30,新华保险,True,0.19596923767835914,0.007317483119926216,0.345492390947555
2025-10-30,新易盛,False,0.0,,
2025-10-30,比亚迪,False,0.0,,
2025-10-30,海光信息,False,0.0,,
2025-10-30,科创50ETF,False,0.0,,
2025-10-30,科大讯飞,False,0.0,,
2025-10-30,紫金矿业,False,0.0,0.006876116025898926,0.18444457958257637
2025-10-30,胜宏科技,False,0.0,0.00036532860209876337,0.007209438996661949
2025-10-30,药明康德,False,0.0,,
2025-10-30,贵州茅台,False,0.0,,
2025-10-30,赣锋锂业,True,0.14233415898501062,0.01187297345352259,0.250934123558471
2025-10-30,赤峰黄金,False,0.0,0.003568454508654645,0.08672693148074886
2025-10-30,长城军工,False,0.0,0.010333790361484695,0.19915532939417313
2025-11-06,中国人保,True,0.14453508682349595,0.004034418937328666,0.22801714112207427
2025-11-06,中芯国际,False,0.0,,
2025-11-06,中际旭创,True,0.16639545411787823,0.012719368049684094,0.2625038430287925
2025-11-06,农业银行,True,0.35618139865462817,0.008857200108577212,0.5619082952589168
2025-11-06,北方稀土,False,0.0,,
2025-11-06,天孚通信,False,0.0,0.006819762426105008,0.11629979942978043
2025-11-06,宁德时代,False,0.0,0.0020065083522663673,0.09162257089182697
2025-11-06,寒武纪,False,0.0,0.007802813680512844,0.1878409872354609
2025-11-06,工业富联,False,0.0,0.005971449619435226,0.11334909459393049
2025-11-06,建设银行,True,0.21181744572648492,0.004069184418822957,0.3341611332984773
2025-11-06,新华保险,False,0.0,0.003889068080955954,0.17947015724565177
2025-11-06,新易盛,False,0.0,0.0018119130664842164,0.03557614939871401
2025-11-06,比亚迪,False,0.0,,
2025-11-06,海光信息,False,0.0,,
2025-11-06,科创50ETF,False,0.0,,
2025-11-06,科大讯飞,False,0.0,,
2025-11-06,紫金矿业,False,0.0,,
2025-11-06,胜宏科技,True,0.12107061467751282,0.009202251373533804,0.19099981907072128
2025-11-06,药明康德,False,0.0,,
2025-11-06,贵州茅台,False,0.0,0.00016938880741591,0.017148382023158014
2025-11-06,赣锋锂业,False,0.0,0.005284577330038509,0.13664552539698205
2025-11-06,赤峰黄金,False,0.0,0.00019078857532213168,0.005604064584597136
2025-11-06,长城军工,False,0.0,0.002862288976436489,0.05812094423498902
2025-11-13,中国人保,False,0.0,0.001963149505480577,0.12452017762286172
2025-11-13,中芯国际,False,0.0,,
2025-11-13,中际旭创,True,0.19824024815130398,0.01186109328524786,0.2532052067278508
2025-11-13,农业银行,True,0.291075548477039,0.0057750979803747994,0.371780428610538
2025-11-13,北方稀土,False,0.0,,
2025-11-13,天孚通信,False,0.0,0.004856667427871742,0.0791883304854715
2025-11-13,宁德时代,True,0.20665119953343405,0.006490722585263215,0.2639482152912011
2025-11-13,寒武纪,False,0.0,0.003878492006349726,0.09201998644651353
2025-11-13,工业富联,False,0.0,0.004695177931507593,0.09492577163812324
2025-11-13,建设银行,True,0.1489731135131159,0.0019424784852536182,0.19027805077801493
2025-11-13,新华保险,False,0.0,0.0011464187303927564,0.061494528220557294
2025-11-13,新易盛,False,0.0,0.0002460831773051786,0.005069836321900428
2025-11-13,比亚迪,False,0.0,,
2025-11-13,海光信息,False,0.0,,
2025-11-13,科创50ETF,False,0.0,,
2025-11-13,科大讯飞,False,0.0,,
2025-11-13,紫金矿业,False,0.0,2.2502855093281537e-05,0.0009531001564982044
2025-11-13,胜宏科技,False,0.0,0.004117684219101969,0.08527226612853565
2025-11-13,药明康德,False,0.0,,
2025-11-13,贵州茅台,False,0.0,8.588701984365565e-05,0.011277128701436656
2025-11-13,赣锋锂业,True,0.15505989032510709,0.006714985920506572,0.19805247396078968
2025-11-13,赤峰黄金,False,0.0,,
2025-11-13,长城军工,False,0.0,,
2025-11-20,中国人保,False,0.0,,
2025-11-20,中芯国际,False,0.0,,
2025-11-20,中际旭创,False,0.0,,
2025-11-20,农业银行,True,0.07338291225733917,0.000509246119427037,0.0323505808979445
2025-11-20,北方稀土,False,0.0,,
2025-11-20,天孚通信,False,0.0,,
2025-11-20,宁德时代,False,0.0,,
2025-11-20,寒武纪,False,0.0,,
2025-11-20,工业富联,False,0.0,,
2025-11-20,建设银行,True,0.426902430319826,0.0024259900321326857,0.1881983309569378
2025-11-20,新华保险,False,0.0,,
2025-11-20,新易盛,False,0.0,,
2025-11-20,比亚迪,False,0.0,,
2025-11-20,海光信息,False,0.0,,
2025-11-20,科创50ETF,False,0.0,,
2025-11-20,科大讯飞,False,0.0,,
2025-11-20,紫金矿业,False,0.0,,
2025-11-20,胜宏科技,False,0.0,,
2025-11-20,药明康德,False,0.0,,
2025-11-20,贵州茅台,True,0.19174233673334165,0.0006168657310020587,0.08452888806457136
2025-11-20,赣锋锂业,False,0.0,0.0009050273732497616,0.019996835472777044
2025-11-20,赤峰黄金,True,0.21223669599720946,0.002783879818949381,0.09356374927302641
2025-11-20,长城军工,True,0.09573562469228371,0.0018968825635777731,0.04220469011317045
2025-11-27,中国人保,True,0.10675005639851161,0.0015406172560229303,0.07335647600480166
2025-11-27,中芯国际,False,0.0,,
2025-11-27,中际旭创,True,0.1731383086885817,0.005113246638516394,0.11897713795496385
2025-11-27,农业银行,False,0.0,0.000620945658927341,0.04275680581225001
2025-11-27,北方稀土,False,0.0,,
2025-11-27,天孚通信,False,0.0,0.0010172600707924417,0.022314497617741836
2025-11-27,宁德时代,False,0.0,,
2025-11-27,寒武纪,False,0.0,,
2025-11-27,工业富联,False,0.0,,
2025-11-27,建设银行,True,0.3558479341854944,0.0030232316689230766,0.2445314909060827
2025-11-27,新华保险,False,0.0,,
2025-11-27,新易盛,False,0.0,0.0011414658224529084,0.032077293719541995
2025-11-27,比亚迪,False,0.0,,
2025-11-27,海光信息,False,0.0,,
2025-11-27,科创50ETF,False,0.0,,
2025-11-27,科大讯飞,False,0.0,,
2025-11-27,紫金矿业,False,0.0,,
2025-11-27,胜宏科技,False,0.0,,
2025-11-27,药明康德,False,0.0,,
2025-11-27,贵州茅台,True,0.15375306378466494,0.0007642833313124042,0.10565599040134811
2025-11-27,赣锋锂业,False,0.0,,
2025-11-27,赤峰黄金,True,0.21051063694274735,0.003999797216448525,0.1446586447692169
2025-11-27,长城军工,False,0.0,0.002656802115797813,0.05795531680599446
2025-12-04,中国人保,False,0.0,0.0015834524951062966,0.060979137639922014
2025-12-04,中芯国际,False,0.0,,
2025-12-04,中际旭创,True,0.205184296244128,0.005529752315127539,0.12606469795242706
2025-12-04,农业银行,False,0.0,,
2025-12-04,北方稀土,False,0.0,,
2025-12-04,天孚通信,True,0.27373580836618544,0.007402128405807634,0.16818256870588452
2025-12-04,宁德时代,False,0.0,,
2025-12-04,寒武纪,False,0.0,,
2025-12-04,工业富联,False,0.0,,
2025-12-04,建设银行,False,0.0,,
2025-12-04,新华保险,False,0.0,2.6861915155868e-05,0.00137236479428961
2025-12-04,新易盛,True,0.2043839179914167,0.004468466419919176,0.1255729476356499
2025-12-04,比亚迪,False,0.0,,
2025-12-04,海光信息,False,0.0,,
2025-12-04,科创50ETF,False,0.0,,
2025-12-04,科大讯飞,False,0.0,,
2025-12-04,紫金矿业,True,0.15187356508755398,0.0021968586803873757,0.09331072338470289
2025-12-04,胜宏科技,False,0.0,,
2025-12-04,药明康德,False,0.0,,
2025-12-04,贵州茅台,False,0.0,,
2025-12-04,赣锋锂业,False,0.0,,
2025-12-04,赤峰黄金,True,0.16482241231071587,0.002701524773268882,0.1012664614402011
2025-12-04,长城军工,False,0.0,0.002095934138559008,0.04599267304330292
2025-12-11,中国人保,False,0.0,,
2025-12-11,中芯国际,False,0.0,,
2025-12-11,中际旭创,True,0.20786301874358204,0.012510636167108125,0.2803306328625369
2025-12-11,农业银行,False,0.0,,
2025-12-11,北方稀土,False,0.0,7.880691926165362e-05,0.003452462216284578
2025-12-11,天孚通信,True,0.23232322085878918,0.018086710537112378,0.31331843406136506
2025-12-11,宁德时代,False,0.0,,
2025-12-11,寒武纪,False,0.0,0.0010087820081113418,0.04149108357567323
2025-12-11,工业富联,False,0.0,,
2025-12-11,建设银行,False,0.0,,
2025-12-11,新华保险,False,0.0,,
2025-12-11,新易盛,True,0.35476753111271897,0.01683039497765995,0.47845069852753175
2025-12-11,比亚迪,False,0.0,,
2025-12-11,海光信息,False,0.0,,
2025-12-11,科创50ETF,False,0.0,,
2025-12-11,科大讯飞,False,0.0,,
2025-12-11,紫金矿业,True,0.09964445515902083,0.0030568567697347947,0.13438365970441993
2025-12-11,胜宏科技,True,0.10540177412588896,0.005540580378724719,0.14214816192000926
2025-12-11,药明康德,False,0.0,,
2025-12-11,贵州茅台,False,0.0,,
2025-12-11,赣锋锂业,False,0.0,,
2025-12-11,赤峰黄金,False,0.0,0.0012533605395218528,0.05034308645733296
2025-12-11,长城军工,False,0.0,0.0006554370449088354,0.015182697123553635
2025-12-18,中国人保,False,0.0,0.004138820721242531,0.17144475449572918
2025-12-18,中芯国际,False,0.0,0.00041891794404088636,0.024941527741324382
2025-12-18,中际旭创,True,0.15146514802673258,0.011494890532141427,0.2544167032806634
2025-12-18,农业银行,False,0.0,,
2025-12-18,北方稀土,False,0.0,0.0017707878767326823,0.08746212314061898
2025-12-18,天孚通信,True,0.20583065650834323,0.02027297694997395,0.3457346970255159
2025-12-18,宁德时代,False,0.0,0.0006541316749392401,0.0454026535942191
2025-12-18,寒武纪,False,0.0,0.0010502359916170878,0.043210514640205915
2025-12-18,工业富联,False,0.0,,
2025-12-18,建设银行,False,0.0,,
2025-12-18,新华保险,True,0.1746895115535865,0.005041604635337327,0.29342677313020404
2025-12-18,新易盛,True,0.30550838690318277,0.0194250698195734,0.5131638375765689
2025-12-18,比亚迪,False,0.0,0.0008714079556158327,0.08780882778586495
2025-12-18,海光信息,False,0.0,,
2025-12-18,科创50ETF,False,0.0,,
2025-12-18,科大讯飞,False,0.0,,
2025-12-18,紫金矿业,True,0.16250629700815497,0.00537979696130172,0.2729625718245502
2025-12-18,胜宏科技,False,0.0,0.006903450780573572,0.17420341169005396
2025-12-18,药明康德,False,0.0,0.0005419145238001021,0.029523564092910924
2025-12-18,贵州茅台,False,0.0,,
2025-12-18,赣锋锂业,False,0.0,0.0004872415889757009,0.01624187899934018
2025-12-18,赤峰黄金,False,0.0,0.003072977545111083,0.1241955373597099
2025-12-18,长城军工,False,0.0,,
2025-12-25,中国人保,False,0.0,0.00392907694733659,0.1792988803281166
2025-12-25,中芯国际,False,0.0,0.0038505877013576884,0.17597281387227665
2025-12-25,中际旭创,True,0.18459891059972394,0.010608523656328594,0.2905838782406584
2025-12-25,农业银行,False,0.0,,
2025-12-25,北方稀土,False,0.0,0.001413041881057553,0.07191780179276869
2025-12-25,天孚通信,True,0.18271031307852573,0.01685453053300482,0.28761096799778346
2025-12-25,宁德时代,False,0.0,0.0002814177526731021,0.018716467067118752
2025-12-25,寒武纪,False,0.0,,
2025-12-25,工业富联,False,0.0,0.003168113098511982,0.08989648921907796
2025-12-25,建设银行,False,0.0,,
2025-12-25,新华保险,True,0.17617149665321288,0.004938456681780179,0.27731797856573226
2025-12-25,新易盛,True,0.22867881621620445,0.013115033801351362,0.359971665443224
2025-12-25,比亚迪,False,0.0,0.0026006030905346366,0.17514781990142644
2025-12-25,海光信息,False,0.0,0.00034644916854060793,0.014614262931918882
2025-12-25,科创50ETF,False,0.0,,
2025-12-25,科大讯飞,False,0.0,,
2025-12-25,紫金矿业,True,0.22784046345233291,0.008511650241532914,0.3586519837795126
2025-12-25,胜宏科技,False,0.0,0.004562160285135642,0.11696705776304045
2025-12-25,药明康德,False,0.0,0.0009734224232308796,0.059955203178001314
2025-12-25,贵州茅台,False,0.0,,
2025-12-25,赣锋锂业,False,0.0,0.004869336298144888,0.2144742593472166
2025-12-25,赤峰黄金,False,0.0,0.0007495510418770723,0.029420781085264032
2025-12-25,长城军工,False,0.0,,
2026-01-05,中国人保,True,0.18903214200457288,0.006422785073365811,0.3116178997888533
2026-01-05,中芯国际,True,0.18549438204349997,0.0075137581356417345,0.30578593218093203
2026-01-05,中际旭创,False,0.0,0.006680549948819697,0.18016661781921087
2026-01-05,农业银行,False,0.0,,
2026-01-05,北方稀土,False,0.0,0.0009687973508954173,0.06606258758892668
2026-01-05,天孚通信,False,0.0,0.002162741446047017,0.039326949914490476
2026-01-05,宁德时代,False,0.0,,
2026-01-05,寒武纪,False,0.0,0.001417722457925219,0.05066547327616731
2026-01-05,工业富联,False,0.0,0.003048329289749746,0.0833908036373287
2026-01-05,建设银行,False,0.0,0.0002504387693037402,0.02492446388182497
2026-01-05,新华保险,True,0.23325609242186585,0.010544129175342105,0.38452071093654605
2026-01-05,新易盛,False,0.0,0.005780312489819367,0.15115009284850475
2026-01-05,比亚迪,False,0.0,0.002174650233093067,0.1399650514029433
2026-01-05,海光信息,False,0.0,0.0028962119582228163,0.12569106756436432
2026-01-05,科创50ETF,False,0.0,,
2026-01-05,科大讯飞,True,0.1679336665276996,0.005117805143612847,0.27683724001782434
2026-01-05,紫金矿业,True,0.22428371700236163,0.009743445213782526,0.3697298253511973
2026-01-05,胜宏科技,False,0.0,0.00826283900032541,0.19350649819934534
2026-01-05,药明康德,False,0.0,0.003346581132249127,0.20372292171813505
2026-01-05,贵州茅台,False,0.0,0.0008419321064633833,0.08264025333232351
2026-01-05,赣锋锂业,False,0.0,0.00609076292297051,0.22913274284271729
2026-01-05,赤峰黄金,False,0.0,0.0018624717645195966,0.07524785391577772
2026-01-05,长城军工,False,0.0,,
2026-01-12,中国人保,True,0.21286319236880885,0.0077576568446781295,0.4060852635836187
2026-01-12,中芯国际,False,0.0,0.0031481512040783697,0.12691777424845155
2026-01-12,中际旭创,False,0.0,0.000833805178416519,0.025822704126299726
2026-01-12,农业银行,False,0.0,0.0001260021953752133,0.011261688600631314
2026-01-12,北方稀土,False,0.0,0.004653743878897959,0.1897500569740963
2026-01-12,天孚通信,False,0.0,,
2026-01-12,宁德时代,False,0.0,,
2026-01-12,寒武纪,False,0.0,0.0028061960024257813,0.09175221817559291
2026-01-12,工业富联,False,0.0,,
2026-01-12,建设银行,False,0.0,0.0018599801457864385,0.19004896415553746
2026-01-12,新华保险,True,0.21150449946889757,0.011510741980326079,0.4034932458737945
2026-01-12,新易盛,False,0.0,,
2026-01-12,比亚迪,False,0.0,0.0002318569433827855,0.014068007950300446
2026-01-12,海光信息,False,0.0,0.006202621789179125,0.20810608023759739
2026-01-12,科创50ETF,False,0.0,,
2026-01-12,科大讯飞,True,0.22331539099518732,0.010519003750842198,0.42602522495968975
2026-01-12,紫金矿业,True,0.19935682070065,0.009985839988455869,0.380318768033652
2026-01-12,胜宏科技,False,0.0,,
2026-01-12,药明康德,False,0.0,0.0056626866611074024,0.26927234803557876
2026-01-12,贵州茅台,False,0.0,0.0005680419978898899,0.05757549798645717
2026-01-12,赣锋锂业,True,0.15296009646645628,0.00758243200269757,0.29180639640006834
2026-01-12,赤峰黄金,False,0.0,0.0012943690644018568,0.05155024644257636
2026-01-12,长城军工,False,0.0,0.0009320285915504822,0.0364655255252232
2026-01-19,中国人保,False,0.0,0.0012350399668182022,0.06301376312618069
2026-01-19,中芯国际,False,0.0,0.00391299475717295,0.16411163931027242
2026-01-19,中际旭创,False,0.0,0.0016010978095906292,0.053010373412887966
2026-01-19,农业银行,False,0.0,,
2026-01-19,北方稀土,False,0.0,0.004627474271122606,0.19723890700453403
2026-01-19,天孚通信,False,0.0,,
2026-01-19,宁德时代,False,0.0,,
2026-01-19,寒武纪,False,0.0,0.0033538519453889305,0.10988031133849939
2026-01-19,工业富联,False,0.0,0.001835535457167342,0.06715743945150207
2026-01-19,建设银行,False,0.0,,
2026-01-19,新华保险,True,0.1574169700225606,0.006979212319259942,0.24532601248430394
2026-01-19,新易盛,False,0.0,,
2026-01-19,比亚迪,False,0.0,0.00039209704129450904,0.02496028019503468
2026-01-19,海光信息,True,0.24089854534356453,0.011512637833009593,0.3754276272369878
2026-01-19,科创50ETF,False,0.0,,
2026-01-19,科大讯飞,True,0.21838338533202753,0.009628376855877752,0.340338942546355
2026-01-19,紫金矿业,True,0.2451950370344779,0.009645617143714086,0.38212348203620455
2026-01-19,胜宏科技,False,0.0,,
2026-01-19,药明康德,False,0.0,0.003936069199760389,0.19285024709365703
2026-01-19,贵州茅台,False,0.0,,
2026-01-19,赣锋锂业,False,0.0,0.003264279301133116,0.11867760927960178
2026-01-19,赤峰黄金,True,0.1381060622673695,0.004803195057700349,0.21523098526865944
2026-01-19,长城军工,False,0.0,,
2026-01-26,中国人保,False,0.0,,
2026-01-26,中芯国际,False,0.0,0.0010369552697060912,0.04660131281740831
2026-01-26,中际旭创,False,0.0,,
2026-01-26,农业银行,False,0.0,,
2026-01-26,北方稀土,False,0.0,0.005112961671065647,0.2096298478362788
2026-01-26,天孚通信,False,0.0,,
2026-01-26,宁德时代,False,0.0,,
2026-01-26,寒武纪,False,0.0,0.00033543501780827767,0.011244357854545672
2026-01-26,工业富联,False,0.0,,
2026-01-26,建设银行,False,0.0,,
2026-01-26,新华保险,True,0.14863994456616572,0.007617274347973801,0.24945865057289676
2026-01-26,新易盛,False,0.0,,
2026-01-26,比亚迪,False,0.0,,
2026-01-26,海光信息,True,0.16855564358344427,0.011832771200854176,0.2828826633210632
2026-01-26,科创50ETF,False,0.0,,
2026-01-26,科大讯飞,True,0.19151319817744564,0.009178989800826104,0.32141174516503473
2026-01-26,紫金矿业,True,0.24617157444498988,0.010135643191244725,0.4131435123289934
2026-01-26,胜宏科技,False,0.0,,
2026-01-26,药明康德,False,0.0,0.0018853508210308566,0.09165935496848211
2026-01-26,贵州茅台,False,0.0,,
2026-01-26,赣锋锂业,False,0.0,0.003519943502335432,0.11819719016508934
2026-01-26,赤峰黄金,True,0.2451196392279545,0.014722202738039054,0.4113780761234185
2026-01-26,长城军工,False,0.0,,
2026-02-02,中国人保,False,0.0,,
2026-02-02,中芯国际,False,0.0,,
2026-02-02,中际旭创,False,0.0,,
2026-02-02,农业银行,False,0.0,,
2026-02-02,北方稀土,True,0.09451932827911216,0.0035384350129026854,0.08669666486221803
2026-02-02,天孚通信,True,0.3445094399355005,0.016008879963776056,0.31599695003925465
2026-02-02,宁德时代,False,0.0,,
2026-02-02,寒武纪,False,0.0,,
2026-02-02,工业富联,False,0.0,,
2026-02-02,建设银行,False,0.0,,
2026-02-02,新华保险,False,0.0,1.3400043532302285e-05,0.000630733571480337
2026-02-02,新易盛,False,0.0,0.0019178767089679193,0.057841390593465776
2026-02-02,比亚迪,False,0.0,,
2026-02-02,海光信息,True,0.15666690177071788,0.006361012507219021,0.14370074486468348
2026-02-02,科创50ETF,False,0.0,,
2026-02-02,科大讯飞,True,0.15064178111606238,0.004261896473395682,0.13817427873694513
2026-02-02,紫金矿业,False,0.0,0.0023144425566877735,0.06269634370508828
2026-02-02,胜宏科技,False,0.0,,
2026-02-02,药明康德,False,0.0,,
2026-02-02,贵州茅台,False,0.0,0.0019096169244028516,0.08205236417821794
2026-02-02,赣锋锂业,False,0.0,0.001262212858674261,0.03925465510168393
2026-02-02,赤峰黄金,True,0.25366254889860707,0.01246383061718075,0.2326687820401965
2026-02-02,长城军工,False,0.0,,
2026-02-09,中国人保,False,0.0,,
2026-02-09,中芯国际,False,0.0,,
2026-02-09,中际旭创,False,0.0,,
2026-02-09,农业银行,False,0.0,,
2026-02-09,北方稀土,True,0.09766623228656095,0.0035164690179867396,0.08764144668971312
2026-02-09,天孚通信,True,0.41306609658350957,0.02293482720484315,0.37066762416750837
2026-02-09,宁德时代,False,0.0,0.000951787960682754,0.06434938292439153
2026-02-09,寒武纪,False,0.0,,
2026-02-09,工业富联,False,0.0,,
2026-02-09,建设银行,False,0.0,,
2026-02-09,新华保险,False,0.0,,
2026-02-09,新易盛,False,0.0,0.0021326050666850504,0.05174998419331633
2026-02-09,比亚迪,False,0.0,,
2026-02-09,海光信息,True,0.15144632740275443,0.005582535609606027,0.1359013746990599
2026-02-09,科创50ETF,False,0.0,,
2026-02-09,科大讯飞,False,0.0,,
2026-02-09,紫金矿业,False,0.0,0.0014933853353819803,0.03926970125991156
2026-02-09,胜宏科技,False,0.0,,
2026-02-09,药明康德,False,0.0,,
2026-02-09,贵州茅台,True,0.15753635706314195,0.003600599518515435,0.14136630354215882
2026-02-09,赣锋锂业,False,0.0,,
2026-02-09,赤峰黄金,True,0.1802849866640331,0.00885210807039325,0.16177993844701294
2026-02-09,长城军工,False,0.0,,
2026-02-24,中国人保,False,0.0,,
2026-02-24,中芯国际,False,0.0,,
2026-02-24,中际旭创,False,0.0,,
2026-02-24,农业银行,False,0.0,,
2026-02-24,北方稀土,True,0.19348239920955024,0.011021116744509613,0.23587189003933243
2026-02-24,天孚通信,True,0.3889774462007295,0.033834916792993705,0.4741973729541705
2026-02-24,宁德时代,False,0.0,0.0019463809872077632,0.11785632740535017
2026-02-24,寒武纪,False,0.0,,
2026-02-24,工业富联,False,0.0,,
2026-02-24,建设银行,False,0.0,,
2026-02-24,新华保险,False,0.0,,
2026-02-24,新易盛,False,0.0,0.0007698541336261077,0.018779420169327703
2026-02-24,比亚迪,False,0.0,,
2026-02-24,海光信息,False,0.0,,
2026-02-24,科创50ETF,False,0.0,,
2026-02-24,科大讯飞,False,0.0,,
2026-02-24,紫金矿业,False,0.0,0.00392296230793161,0.09684601534607329
2026-02-24,胜宏科技,True,0.16438099531567035,0.00612769993568425,0.20039474500035037
2026-02-24,药明康德,False,0.0,0.00034482897862376236,0.020260140344991955
2026-02-24,贵州茅台,True,0.14461104603898167,0.0045369040012068484,0.17629345557596268
2026-02-24,赣锋锂业,False,0.0,0.0029564625806472898,0.09013200580430213
2026-02-24,赤峰黄金,True,0.10854811323506819,0.007316561179737335,0.1323296006952514
2026-02-24,长城军工,False,0.0,,
2026-03-03,中国人保,False,0.0,,
2026-03-03,中芯国际,False,0.0,,
2026-03-03,中际旭创,False,0.0,,
2026-03-03,农业银行,False,0.0,,
2026-03-03,北方稀土,True,0.14758601108237965,0.006406265422605362,0.11913402331161513
2026-03-03,天孚通信,True,0.44851422705203975,0.026326163323196823,0.3620485707915997
2026-03-03,宁德时代,False,0.0,0.00011737150710005029,0.0059686055101611105
2026-03-03,寒武纪,False,0.0,,
2026-03-03,工业富联,False,0.0,,
2026-03-03,建设银行,True,0.13570013672426612,0.0010962382394455739,0.109539536527444
2026-03-03,新华保险,False,0.0,,
2026-03-03,新易盛,False,0.0,,
2026-03-03,比亚迪,True,0.131057371647235,0.0025116338680512993,0.1057918149184587
2026-03-03,海光信息,False,0.0,,
2026-03-03,科创50ETF,False,0.0,,
2026-03-03,科大讯飞,False,0.0,,
2026-03-03,紫金矿业,False,0.0,,
2026-03-03,胜宏科技,True,0.13714225349407952,0.004124817745329074,0.11070363854235056
2026-03-03,药明康德,False,0.0,,
2026-03-03,贵州茅台,False,0.0,0.0025073957763312948,0.0945959279420275
2026-03-03,赣锋锂业,False,0.0,,
2026-03-03,赤峰黄金,False,0.0,9.61062974934368e-05,0.0018750958208371203
2026-03-03,长城军工,False,0.0,0.0006672344817851783,0.02674480346606602
2026-03-10,中国人保,False,0.0,,
2026-03-10,中芯国际,False,0.0,,
2026-03-10,中际旭创,False,0.0,,
2026-03-10,农业银行,False,0.0,,
2026-03-10,北方稀土,False,0.0,0.002470101611654002,0.05688173303171887
2026-03-10,天孚通信,True,0.1655003933255341,0.01262109955264365,0.1792452503893285
2026-03-10,宁德时代,True,0.25165774004576075,0.007082586305238297,0.2725579904706813
2026-03-10,寒武纪,False,0.0,,
2026-03-10,工业富联,False,0.0,,
2026-03-10,建设银行,True,0.21965990910991423,0.0023653522067427824,0.23790273012498686
2026-03-10,新华保险,False,0.0,,
2026-03-10,新易盛,False,0.0,,
2026-03-10,比亚迪,True,0.26295514142272103,0.0066696747948889355,0.28479364440401583
2026-03-10,海光信息,False,0.0,,
2026-03-10,科创50ETF,False,0.0,,
2026-03-10,科大讯飞,False,0.0,,
2026-03-10,紫金矿业,False,0.0,,
2026-03-10,胜宏科技,True,0.10022681609606997,0.004385469305872891,0.10855068308827698
2026-03-10,药明康德,False,0.0,,
2026-03-10,贵州茅台,False,0.0,,
2026-03-10,赣锋锂业,False,0.0,0.0020515045711670564,0.07286463062184968
2026-03-10,赤峰黄金,False,0.0,0.002963064477372895,0.08825712477495468
2026-03-10,长城军工,False,0.0,,
2026-03-17,中国人保,False,0.0,,
2026-03-17,中芯国际,False,0.0,,
2026-03-17,中际旭创,False,0.0,0.002861698905488136,0.07549323350907308
2026-03-17,农业银行,False,0.0,0.0001692984930664665,0.01233244767587809
2026-03-17,北方稀土,False,0.0,,
2026-03-17,天孚通信,False,0.0,0.004688836143519304,0.0717702948955011
2026-03-17,宁德时代,True,0.2378195357714309,0.005251168263235795,0.21457451415326725
2026-03-17,寒武纪,False,0.0,,
2026-03-17,工业富联,False,0.0,,
2026-03-17,建设银行,True,0.1758581013873421,0.0015073791972878559,0.1586693311073143
2026-03-17,新华保险,False,0.0,,
2026-03-17,新易盛,True,0.13467273449634776,0.005692602938570263,0.12150951552617233
2026-03-17,比亚迪,True,0.25736257170485327,0.006020974018487574,0.23220736936380082
2026-03-17,海光信息,False,0.0,,
2026-03-17,科创50ETF,False,0.0,,
2026-03-17,科大讯飞,False,0.0,,
2026-03-17,紫金矿业,False,0.0,,
2026-03-17,胜宏科技,False,0.0,0.004609956856882841,0.11509903186978057
2026-03-17,药明康德,False,0.0,,
2026-03-17,贵州茅台,False,0.0,,
2026-03-17,赣锋锂业,False,0.0,0.001553670014902625,0.06166859750669436
2026-03-17,赤峰黄金,True,0.19428705664002602,0.005801023273128886,0.1752969984134078
2026-03-17,长城军工,False,0.0,,
2026-03-24,中国人保,False,0.0,,
2026-03-24,中芯国际,False,0.0,,
2026-03-24,中际旭创,True,0.11629771061504816,0.005996952795760601,0.15422052645276516
2026-03-24,农业银行,False,0.0,0.00043702628120697586,0.027745739057672674
2026-03-24,北方稀土,False,0.0,,
2026-03-24,天孚通信,False,0.0,,
2026-03-24,宁德时代,True,0.15449429913866358,0.005117764514319912,0.2048724091051258
2026-03-24,寒武纪,False,0.0,,
2026-03-24,工业富联,False,0.0,,
2026-03-24,建设银行,True,0.31124754599186466,0.004261069185545552,0.4127403724986622
2026-03-24,新华保险,False,0.0,,
2026-03-24,新易盛,True,0.19151682257299604,0.012252964953715756,0.25396738289658577
2026-03-24,比亚迪,True,0.22644362168142748,0.00807253284705543,0.3002832503141452
2026-03-24,海光信息,False,0.0,,
2026-03-24,科创50ETF,False,0.0,,
2026-03-24,科大讯飞,False,0.0,,
2026-03-24,紫金矿业,False,0.0,,
2026-03-24,胜宏科技,False,0.0,,
2026-03-24,药明康德,False,0.0,,
2026-03-24,贵州茅台,False,0.0,,
2026-03-24,赣锋锂业,False,0.0,,
2026-03-24,赤峰黄金,False,0.0,,
2026-03-24,长城军工,False,0.0,,
2026-03-31,中国人保,False,0.0,,
2026-03-31,中芯国际,False,0.0,,
2026-03-31,中际旭创,False,0.0,0.006148447914217053,0.17520777022086642
2026-03-31,农业银行,False,0.0,0.00018060721114688817,0.012550350177636494
2026-03-31,北方稀土,False,0.0,,
2026-03-31,天孚通信,False,0.0,0.0010741517751890416,0.020057935057189752
2026-03-31,宁德时代,True,0.2805014833210709,0.009514505713967041,0.4083727503620308
2026-03-31,寒武纪,False,0.0,,
2026-03-31,工业富联,False,0.0,,
2026-03-31,建设银行,True,0.19735696642903347,0.0031304276169326238,0.28732542241667774
2026-03-31,新华保险,False,0.0,,
2026-03-31,新易盛,True,0.18083122423187373,0.012171286373062102,0.26326614574931245
2026-03-31,比亚迪,False,0.0,0.0036184449679156237,0.161901832929294
2026-03-31,海光信息,False,0.0,,
2026-03-31,科创50ETF,False,0.0,,
2026-03-31,科大讯飞,False,0.0,,
2026-03-31,紫金矿业,False,0.0,,
2026-03-31,胜宏科技,False,0.0,,
2026-03-31,药明康德,True,0.1765667217782228,0.006491116771431877,0.2570575989163188
2026-03-31,贵州茅台,False,0.0,0.0021616818703004805,0.16846632666216196
2026-03-31,赣锋锂业,True,0.16474360423979909,0.007794569146648495,0.2398447165819566
2026-03-31,赤峰黄金,False,0.0,0.005204876559176735,0.12867122496738242
2026-03-31,长城军工,False,0.0,,
2026-04-08,中国人保,False,0.0,,
2026-04-08,中芯国际,False,0.0,,
2026-04-08,中际旭创,True,0.23756420625724523,0.01202936231869911,0.2936925377495382
2026-04-08,农业银行,False,0.0,,
2026-04-08,北方稀土,False,0.0,,
2026-04-08,天孚通信,False,0.0,0.003600326175677099,0.07203725149905794
2026-04-08,宁德时代,False,0.0,,
2026-04-08,寒武纪,False,0.0,0.004987042137664821,0.13592482659360544
2026-04-08,工业富联,False,0.0,0.001520278237558248,0.049344044922554973
2026-04-08,建设银行,False,0.0,0.0013083466858247461,0.10410258550167749
2026-04-08,新华保险,False,0.0,,
2026-04-08,新易盛,True,0.21294948117702425,0.012121217536573858,0.26326219140776125
2026-04-08,比亚迪,False,0.0,0.00014597117323533748,0.006596080896954757
2026-04-08,海光信息,False,0.0,,
2026-04-08,科创50ETF,False,0.0,,
2026-04-08,科大讯飞,False,0.0,,
2026-04-08,紫金矿业,False,0.0,,
2026-04-08,胜宏科技,False,0.0,,
2026-04-08,药明康德,True,0.2283984102969081,0.007175281223266388,0.2823611763525652
2026-04-08,贵州茅台,True,0.1327915859673626,0.0022533677886589776,0.16416571540373315
2026-04-08,赣锋锂业,True,0.1882963163014599,0.0077645537944341925,0.23278432325610046
2026-04-08,赤峰黄金,False,0.0,0.0057603024304432645,0.12827289410167192
2026-04-08,长城军工,False,0.0,,
2026-04-15,中国人保,False,0.0,,
2026-04-15,中芯国际,False,0.0,,
2026-04-15,中际旭创,True,0.27715104641872673,0.017548408676963705,0.4597056066556722
2026-04-15,农业银行,False,0.0,0.0020963235922851265,0.1153138613121603
2026-04-15,北方稀土,False,0.0,0.0007198579813821271,0.027872252162385702
2026-04-15,天孚通信,False,0.0,0.008957294944065497,0.20436603792905417
2026-04-15,宁德时代,False,0.0,0.006555037271737202,0.2506067394618256
2026-04-15,寒武纪,True,0.18040162883507455,0.010910856037282573,0.29922903520271815
2026-04-15,工业富联,False,0.0,0.007146831957398602,0.22022567671222648
2026-04-15,建设银行,False,0.0,0.001285729821217213,0.10126639157124173
2026-04-15,新华保险,False,0.0,,
2026-04-15,新易盛,True,0.17102058020211394,0.012012546191971923,0.28366885345847875
2026-04-15,比亚迪,False,0.0,0.00208532984683697,0.09934491185846023
2026-04-15,海光信息,False,0.0,0.004891546697764315,0.1690283811306214
2026-04-15,科创50ETF,False,0.0,,
2026-04-15,科大讯飞,False,0.0,,
2026-04-15,紫金矿业,False,0.0,0.0011277205151802416,0.03328693488978807
2026-04-15,胜宏科技,False,0.0,0.0032498267898492415,0.09646898770425709
2026-04-15,药明康德,True,0.15749840940814583,0.0065811731563591765,0.26123986461478843
2026-04-15,贵州茅台,False,0.0,,
2026-04-15,赣锋锂业,True,0.21392833513593898,0.013311411616904962,0.3548391981747171
2026-04-15,赤峰黄金,False,0.0,0.0048695146003913834,0.11045376496490539
2026-04-15,长城军工,False,0.0,,
2026-04-22,中国人保,False,0.0,,
2026-04-22,中芯国际,False,0.0,0.0031753307176373203,0.13795159249489095
2026-04-22,中际旭创,True,0.24402122681434257,0.018601319732175558,0.5188358190638029
2026-04-22,农业银行,False,0.0,0.0037313802335508573,0.2400054556364129
2026-04-22,北方稀土,False,0.0,,
2026-04-22,天孚通信,False,0.0,0.00603891627427271,0.12157643728309939
2026-04-22,宁德时代,False,0.0,0.00618930104536205,0.23034854212913963
2026-04-22,寒武纪,True,0.1824418036713551,0.012696902101674939,0.38790618289663265
2026-04-22,工业富联,True,0.23047223613060086,0.015795475183690337,0.4900280724154536
2026-04-22,建设银行,False,0.0,0.0019065539239009777,0.1435653575137713
2026-04-22,新华保险,False,0.0,,
2026-04-22,新易盛,False,0.0,0.013351079851653885,0.29231237556197504
2026-04-22,比亚迪,False,0.0,,
2026-04-22,海光信息,True,0.18478045457554398,0.009968202308782875,0.3928786021948206
2026-04-22,科创50ETF,False,0.0,,
2026-04-22,科大讯飞,False,0.0,0.0015073891541147744,0.09115357583480482
2026-04-22,紫金矿业,False,0.0,0.002086631564606012,0.0808000052886366
2026-04-22,胜宏科技,True,0.1582842788081574,0.012065178991491976,0.33654266275300443
2026-04-22,药明康德,False,0.0,0.0035252432011226797,0.15148065556977022
2026-04-22,贵州茅台,False,0.0,0.00039199712709845903,0.03171145185141583
2026-04-22,赣锋锂业,False,0.0,0.006802043844835143,0.19202983346034502
2026-04-22,赤峰黄金,False,0.0,0.004297910505526054,0.11434740657187648
2026-04-22,长城军工,False,0.0,,
2026-04-29,中国人保,False,0.0,,
2026-04-29,中芯国际,True,0.17478633791827217,0.010870839208532879,0.4004157671328486
2026-04-29,中际旭创,True,0.23574995590891765,0.018511753816698888,0.5400765332754084
2026-04-29,农业银行,False,0.0,0.0018316058785855683,0.12471002332240844
2026-04-29,北方稀土,False,0.0,0.005056189113113308,0.15213390296068938
2026-04-29,天孚通信,False,0.0,,
2026-04-29,宁德时代,False,0.0,0.004870906200929959,0.17510262857886136
2026-04-29,寒武纪,True,0.22782690242571935,0.025432780404313925,0.5219257122427435
2026-04-29,工业富联,False,0.0,0.009045418847741238,0.24459814573693942
2026-04-29,建设银行,False,0.0,0.00271263401956498,0.2191937870688375
2026-04-29,新华保险,False,0.0,0.0018929429710979773,0.08483462943183409
2026-04-29,新易盛,False,0.0,0.007966518433733794,0.1551772766342761
2026-04-29,比亚迪,False,0.0,0.000365862202658751,0.017999716889757843
2026-04-29,海光信息,True,0.21012121319128288,0.015432711890048662,0.48136397714455914
2026-04-29,科创50ETF,False,0.0,,
2026-04-29,科大讯飞,False,0.0,0.0009637322059456888,0.05749581954918711
2026-04-29,紫金矿业,False,0.0,,
2026-04-29,胜宏科技,True,0.15151559055580793,0.013450403122310706,0.3471051121476014
2026-04-29,药明康德,False,0.0,0.003165193773217534,0.10818866654460567
2026-04-29,贵州茅台,False,0.0,,
2026-04-29,赣锋锂业,False,0.0,0.007448599945205875,0.22381471971520792
2026-04-29,赤峰黄金,False,0.0,,
2026-04-29,长城军工,False,0.0,,
2026-05-11,中国人保,False,0.0,0.00024171434192767348,0.028717526297085374
2026-05-11,中芯国际,True,0.17088366714834996,0.010421136947931498,0.42618409383893513
2026-05-11,中际旭创,True,0.26607922228591313,0.019927780878482376,0.6636019353496503
2026-05-11,农业银行,False,0.0,0.0014392515734682476,0.12470516827282094
2026-05-11,北方稀土,False,0.0,0.0031690741007631474,0.08554444852973164
2026-05-11,天孚通信,False,0.0,0.0002805902678726602,0.0065133136200835155
2026-05-11,宁德时代,False,0.0,0.006440045539604433,0.20770319435180576
2026-05-11,寒武纪,True,0.20161765269877102,0.024602426907565523,0.5028346948030051
2026-05-11,工业富联,False,0.0,0.008548670472742038,0.25377032713134556
2026-05-11,建设银行,False,0.0,0.002009471679115271,0.18136349895420673
2026-05-11,新华保险,False,0.0,0.0034717148083097393,0.24995789944718372
2026-05-11,新易盛,False,0.0,0.010836546324797669,0.21469027076129377
2026-05-11,比亚迪,False,0.0,0.0002615255223925028,0.014539086601257864
2026-05-11,海光信息,True,0.19000772768426158,0.022887906217474146,0.4738795263283539
2026-05-11,科创50ETF,False,0.0,,
2026-05-11,科大讯飞,False,0.0,0.0018021689951490671,0.12135150830443922
2026-05-11,紫金矿业,False,0.0,0.001202551257772011,0.0623640605438071
2026-05-11,胜宏科技,True,0.1714117301827043,0.01620951211666154,0.4275010837510885
2026-05-11,药明康德,False,0.0,0.002379371990064777,0.08036751564650382
2026-05-11,贵州茅台,False,0.0,,
2026-05-11,赣锋锂业,False,0.0,0.002214917716684639,0.06345793274755482
2026-05-11,赤峰黄金,False,0.0,,
2026-05-11,长城军工,False,0.0,0.0016590065277099608,0.08663591155835736
2026-05-18,中国人保,False,0.0,,
2026-05-18,中芯国际,True,0.1731982043257582,0.006936201991574914,0.2646379622005467
2026-05-18,中际旭创,True,0.2753880507560332,0.012614228784957982,0.42077879993135037
2026-05-18,农业银行,False,0.0,,
2026-05-18,北方稀土,False,0.0,0.0016507027932941732,0.041389351101951695
2026-05-18,天孚通信,False,0.0,0.002154705540540125,0.04548098912591887
2026-05-18,宁德时代,False,0.0,,
2026-05-18,寒武纪,True,0.26387237045688383,0.022070365583730572,0.40318343178314464
2026-05-18,工业富联,False,0.0,0.008052711775417604,0.21039127480212783
2026-05-18,建设银行,True,0.1441486137729578,0.0026026570715968478,0.22025167957954356
2026-05-18,新华保险,False,0.0,,
2026-05-18,新易盛,False,0.0,0.004315446447276416,0.09001662363426709
2026-05-18,比亚迪,False,0.0,,
2026-05-18,海光信息,True,0.14339276068836693,0.011986120894898955,0.21909677488057275
2026-05-18,科创50ETF,False,0.0,,
2026-05-18,科大讯飞,False,0.0,0.001214041779531605,0.0674382119489634
2026-05-18,紫金矿业,False,0.0,,
2026-05-18,胜宏科技,False,0.0,0.006179141953995581,0.1429415288295081
2026-05-18,药明康德,False,0.0,,
2026-05-18,贵州茅台,False,0.0,,
2026-05-18,赣锋锂业,False,0.0,,
2026-05-18,赤峰黄金,False,0.0,,
2026-05-18,长城军工,False,0.0,,
2026-05-25,中国人保,False,0.0,,
2026-05-25,中芯国际,True,0.2013747469229264,0.018719159852789786,0.33310802986864924
2026-05-25,中际旭创,True,0.20120914381686458,0.010982537748096622,0.3328340942076823
2026-05-25,农业银行,False,0.0,,
2026-05-25,北方稀土,False,0.0,0.00441988765697709,0.11750715955971718
2026-05-25,天孚通信,False,0.0,0.008707132445172978,0.18029473748206692
2026-05-25,宁德时代,False,0.0,,
2026-05-25,寒武纪,True,0.2619858178475948,0.025056169576139264,0.4333690344506822
2026-05-25,工业富联,False,0.0,0.0021399339181097433,0.05965270240349453
2026-05-25,建设银行,True,0.1770303306592857,0.0030119644191267505,0.29283823107909496
2026-05-25,新华保险,False,0.0,,
2026-05-25,新易盛,False,0.0,0.008261931266817873,0.1689038179050819
2026-05-25,比亚迪,False,0.0,,
2026-05-25,海光信息,True,0.15839996075332846,0.014502584984833023,0.26202043535283726
2026-05-25,科创50ETF,False,0.0,,
2026-05-25,科大讯飞,False,0.0,0.0005584116011873475,0.0285839810318854
2026-05-25,紫金矿业,False,0.0,,
2026-05-25,胜宏科技,False,0.0,0.009531508389793076,0.20458080877547763
2026-05-25,药明康德,False,0.0,0.002384533114419396,0.08081895068774292
2026-05-25,贵州茅台,False,0.0,,
2026-05-25,赣锋锂业,False,0.0,,
2026-05-25,赤峰黄金,False,0.0,,
2026-05-25,长城军工,False,0.0,,
2026-06-01,中国人保,False,0.0,,
2026-06-01,中芯国际,False,0.0,0.007257056101968751,0.11891757283915287
2026-06-01,中际旭创,True,0.2614095295242253,0.0172212720927239,0.48219959397098433
2026-06-01,农业银行,False,0.0,,
2026-06-01,北方稀土,False,0.0,,
2026-06-01,天孚通信,True,0.24294250370479123,0.02118702799075096,0.44813506553474164
2026-06-01,宁德时代,False,0.0,,
2026-06-01,寒武纪,True,0.0852302972220408,0.00781737289994267,0.15721697211763566
2026-06-01,工业富联,True,0.18536559908580746,0.012922854594295135,0.3419279196823669
2026-06-01,建设银行,False,0.0,0.0012298256725733314,0.10941205929804004
2026-06-01,新华保险,False,0.0,,
2026-06-01,新易盛,True,0.2250520704631352,0.018734558691969595,0.41513412765465535
2026-06-01,比亚迪,False,0.0,,
2026-06-01,海光信息,False,0.0,,
2026-06-01,科创50ETF,False,0.0,,
2026-06-01,科大讯飞,False,0.0,0.0007207927025806082,0.03358026899007665
2026-06-01,紫金矿业,False,0.0,,
2026-06-01,胜宏科技,False,0.0,0.004139505443522901,0.08762533600146363
2026-06-01,药明康德,False,0.0,,
2026-06-01,贵州茅台,False,0.0,,
2026-06-01,赣锋锂业,False,0.0,,
2026-06-01,赤峰黄金,False,0.0,,
2026-06-01,长城军工,False,0.0,,
2026-06-08,中国人保,False,0.0,,
2026-06-08,中芯国际,False,0.0,0.00400022348086374,0.0638054013416961
2026-06-08,中际旭创,True,0.15743750847593568,0.008175803150740568,0.2086901747694601
2026-06-08,农业银行,False,0.0,,
2026-06-08,北方稀土,False,0.0,,
2026-06-08,天孚通信,True,0.19582336595979105,0.014690306272548964,0.2595722764015868
2026-06-08,宁德时代,False,0.0,,
2026-06-08,寒武纪,False,0.0,0.0007910157049817124,0.01676756303649062
2026-06-08,工业富联,True,0.1461365426441077,0.008480251986903137,0.19371025951712773
2026-06-08,建设银行,True,0.25649218638914684,0.003798407380332031,0.3399914018121905
2026-06-08,新华保险,False,0.0,,
2026-06-08,新易盛,True,0.2441103965310188,0.015325878563578182,0.32357880792357196
2026-06-08,比亚迪,False,0.0,,
2026-06-08,海光信息,False,0.0,,
2026-06-08,科创50ETF,False,0.0,,
2026-06-08,科大讯飞,False,0.0,,
2026-06-08,紫金矿业,False,0.0,,
2026-06-08,胜宏科技,False,0.0,,
2026-06-08,药明康德,False,0.0,,
2026-06-08,贵州茅台,False,0.0,,
2026-06-08,赣锋锂业,False,0.0,,
2026-06-08,赤峰黄金,False,0.0,,
2026-06-08,长城军工,False,0.0,,
2026-06-15,中国人保,False,0.0,,
2026-06-15,中芯国际,True,0.10141121289405099,0.0064527826159726355,0.10224797539606931
2026-06-15,中际旭创,True,0.24676510199172466,0.010537595092519442,0.2488012060699702
2026-06-15,农业银行,False,0.0,4.5539364143060146e-05,0.0029185138221513225
2026-06-15,北方稀土,False,0.0,0.0022603906010434326,0.07668462649135192
2026-06-15,天孚通信,True,0.22494003299754312,0.01308281603461518,0.22679605443189627
2026-06-15,宁德时代,False,0.0,,
2026-06-15,寒武纪,False,0.0,0.0005376015204368312,0.011930679372557653
2026-06-15,工业富联,True,0.09578465914593152,0.0039120327228563175,0.09657499592186237
2026-06-15,建设银行,False,0.0,0.0013157602556051584,0.09497848010830653
2026-06-15,新华保险,False,0.0,0.0015246969521172994,0.07354129438177452
2026-06-15,新易盛,True,0.3310989929707497,0.016054781322423984,0.3338309514383345
2026-06-15,比亚迪,False,0.0,,
2026-06-15,海光信息,False,0.0,,
2026-06-15,科创50ETF,False,0.0,,
2026-06-15,科大讯飞,False,0.0,,
2026-06-15,紫金矿业,False,0.0,,
2026-06-15,胜宏科技,False,0.0,0.003930178138050816,0.07771073223323645
2026-06-15,药明康德,False,0.0,,
2026-06-15,贵州茅台,False,0.0,,
2026-06-15,赣锋锂业,False,0.0,,
2026-06-15,赤峰黄金,False,0.0,,
2026-06-15,长城军工,False,0.0,,
2026-06-23,中国人保,False,0.0,,
2026-06-23,中芯国际,False,0.0,0.0016351067670561602,0.039775493694361216
2026-06-23,中际旭创,True,0.2577599840121495,0.009661487320765022,0.221575134607515
2026-06-23,农业银行,False,0.0,,
2026-06-23,北方稀土,False,0.0,,
2026-06-23,天孚通信,True,0.15808247517187957,0.007130720603459923,0.13589054891331526
2026-06-23,宁德时代,False,0.0,,
2026-06-23,寒武纪,False,0.0,0.0027006976985465836,0.05351445302433793
2026-06-23,工业富联,True,0.14905009210145043,0.005650405659394392,0.12812614939906544
2026-06-23,建设银行,False,0.0,,
2026-06-23,新华保险,False,0.0,0.0020182649980336085,0.05848439485582803
2026-06-23,新易盛,True,0.16960515265280676,0.006219908309137473,0.14579565045054643
2026-06-23,比亚迪,False,0.0,,
2026-06-23,海光信息,False,0.0,0.0004625587698534661,0.010149564001146966
2026-06-23,科创50ETF,False,0.0,,
2026-06-23,科大讯飞,False,0.0,,
2026-06-23,紫金矿业,False,0.0,,
2026-06-23,胜宏科技,False,0.0,,
2026-06-23,药明康德,True,0.2655022960617137,0.006331495355618022,0.22823056578753367
2026-06-23,贵州茅台,False,0.0,,
2026-06-23,赣锋锂业,False,0.0,,
2026-06-23,赤峰黄金,False,0.0,,
2026-06-23,长城军工,False,0.0,,
2026-06-30,中国人保,False,0.0,0.004150462926957527,0.1219372723405365
2026-06-30,中芯国际,True,0.187052845752652,0.008362666395319462,0.23148955001667224
2026-06-30,中际旭创,False,0.0,0.0021844673347647834,0.05177008855612089
2026-06-30,农业银行,False,0.0,,
2026-06-30,北方稀土,False,0.0,,
2026-06-30,天孚通信,False,0.0,,
2026-06-30,宁德时代,False,0.0,,
2026-06-30,寒武纪,True,0.12752382770499246,0.0078941781439489,0.1578186815231268
2026-06-30,工业富联,False,0.0,,
2026-06-30,建设银行,False,0.0,,
2026-06-30,新华保险,True,0.14023470856719594,0.007357277860823514,0.17354918847835338
2026-06-30,新易盛,False,0.0,0.005093380037725803,0.10168660902398396
2026-06-30,比亚迪,False,0.0,,
2026-06-30,海光信息,True,0.2166411660934763,0.011522578022535307,0.2681069397916656
2026-06-30,科创50ETF,False,0.0,,
2026-06-30,科大讯飞,False,0.0,,
2026-06-30,紫金矿业,False,0.0,,
2026-06-30,胜宏科技,False,0.0,,
2026-06-30,药明康德,True,0.3285474518816834,0.011894830560554053,0.406597940219452
2026-06-30,贵州茅台,False,0.0,,
2026-06-30,赣锋锂业,False,0.0,,
2026-06-30,赤峰黄金,False,0.0,,
2026-06-30,长城军工,False,0.0,,
2026-07-07,中国人保,False,0.0,0.004020670708588747,0.11744732014505789
2026-07-07,中芯国际,True,0.21535586065575535,0.009607835903686652,0.2629123092089934
2026-07-07,中际旭创,False,0.0,,
2026-07-07,农业银行,False,0.0,,
2026-07-07,北方稀土,False,0.0,,
2026-07-07,天孚通信,False,0.0,,
2026-07-07,宁德时代,False,0.0,,
2026-07-07,寒武纪,True,0.10803483189183066,0.006575584289778291,0.1318918697694031
2026-07-07,工业富联,False,0.0,,
2026-07-07,建设银行,False,0.0,,
2026-07-07,新华保险,True,0.1381740669745997,0.00718848925447364,0.16868667010255922
2026-07-07,新易盛,False,0.0,,
2026-07-07,比亚迪,False,0.0,,
2026-07-07,海光信息,True,0.2492799754848405,0.013373622531811447,0.3043277939811626
2026-07-07,科创50ETF,False,0.0,,
2026-07-07,科大讯飞,False,0.0,,
2026-07-07,紫金矿业,False,0.0,,
2026-07-07,胜宏科技,False,0.0,,
2026-07-07,药明康德,True,0.2891552649929739,0.011126251907102142,0.35300863513885283
2026-07-07,贵州茅台,False,0.0,,
2026-07-07,赣锋锂业,False,0.0,,
2026-07-07,赤峰黄金,False,0.0,0.004566667990418899,0.08756429505645137
2026-07-07,长城军工,False,0.0,,
2026-07-14,中国人保,True,0.11891019169523431,0.0037954864756036878,0.11687467908803441
2026-07-14,中芯国际,True,0.19689802042198598,0.009515753743687617,0.19352750695137555
2026-07-14,中际旭创,False,0.0,,
2026-07-14,农业银行,False,0.0,,
2026-07-14,北方稀土,False,0.0,,
2026-07-14,天孚通信,False,0.0,,
2026-07-14,宁德时代,False,0.0,,
2026-07-14,寒武纪,False,0.0,0.0030016513186634343,0.05471136687537955
2026-07-14,工业富联,False,0.0,,
2026-07-14,建设银行,False,0.0,0.00028925389249996326,0.018280156354328083
2026-07-14,新华保险,True,0.09148659173220139,0.0037447462338947857,0.08992051814165558
2026-07-14,新易盛,False,0.0,0.0022654129919077114,0.039539205673447736
2026-07-14,比亚迪,False,0.0,0.001538194086203115,0.056857683477047054
2026-07-14,海光信息,True,0.1348699563428104,0.005825100185611154,0.13256124341791742
2026-07-14,科创50ETF,False,0.0,,
2026-07-14,科大讯飞,False,0.0,0.0005275672449710555,0.020915478503080787
2026-07-14,紫金矿业,False,0.0,,
2026-07-14,胜宏科技,False,0.0,,
2026-07-14,药明康德,True,0.4578352398077679,0.015365700782821668,0.44999798557948756
2026-07-14,贵州茅台,False,0.0,0.0010517490860627809,0.07186942784191014
2026-07-14,赣锋锂业,False,0.0,,
2026-07-14,赤峰黄金,False,0.0,0.0034741783506458067,0.0678613218339636
2026-07-14,长城军工,False,0.0,,
2026-07-21,中国人保,True,0.13844102690592766,0.004758488541019457,0.17212085012359918
2026-07-21,中芯国际,False,0.0,0.002791331058667729,0.05081649121656031
2026-07-21,中际旭创,False,0.0,,
2026-07-21,农业银行,False,0.0,0.0015363872854875227,0.09321906493299623
2026-07-21,北方稀土,False,0.0,,
2026-07-21,天孚通信,False,0.0,,
2026-07-21,宁德时代,False,0.0,,
2026-07-21,寒武纪,False,0.0,,
2026-07-21,工业富联,False,0.0,,
2026-07-21,建设银行,False,0.0,0.00270183786133128,0.14363044007525785
2026-07-21,新华保险,False,0.0,0.003344947290667105,0.10343371394851399
2026-07-21,新易盛,False,0.0,,
2026-07-21,比亚迪,True,0.15635725847649332,0.0051074373279555605,0.19439572829993973
2026-07-21,海光信息,False,0.0,0.0001793149035268393,0.004002098700342328
2026-07-21,科创50ETF,False,0.0,,
2026-07-21,科大讯飞,False,0.0,,
2026-07-21,紫金矿业,True,0.21399919962028036,0.009036621471098022,0.26606075516502353
2026-07-21,胜宏科技,False,0.0,,
2026-07-21,药明康德,False,0.0,0.005030466764143132,0.1395439523237145
2026-07-21,贵州茅台,True,0.2399909912240378,0.005211183880475806,0.29837580921409607
2026-07-21,赣锋锂业,False,0.0,,
2026-07-21,赤峰黄金,True,0.25121152377326084,0.016748098211460078,0.3123260640220449
2026-07-21,长城军工,False,0.0,,
2026-07-28,中国人保,False,0.0,0.0013204646708541213,0.07927125845546938
2026-07-28,中芯国际,False,0.0,,
2026-07-28,中际旭创,False,0.0,,
2026-07-28,农业银行,True,0.22078408909248173,0.006937778426686853,0.43840288798780314
2026-07-28,北方稀土,False,0.0,,
2026-07-28,天孚通信,False,0.0,,
2026-07-28,宁德时代,False,0.0,0.0021106287058755445,0.07155826105119013
2026-07-28,寒武纪,False,0.0,,
2026-07-28,工业富联,False,0.0,,
2026-07-28,建设银行,True,0.18076556233712315,0.006507103326531771,0.35893956354861556
2026-07-28,新华保险,False,0.0,,
2026-07-28,新易盛,False,0.0,,
2026-07-28,比亚迪,True,0.18560526753071893,0.008427989818501591,0.36854958908353175
2026-07-28,海光信息,False,0.0,,
2026-07-28,科创50ETF,False,0.0,,
2026-07-28,科大讯飞,False,0.0,,
2026-07-28,紫金矿业,True,0.21567384507026355,0.013082589734442596,0.4282556633989677
2026-07-28,胜宏科技,False,0.0,,
2026-07-28,药明康德,False,0.0,0.0010906202075682825,0.032264010275447036
2026-07-28,贵州茅台,False,0.0,0.005255561588176661,0.3031719228407261
2026-07-28,赣锋锂业,False,0.0,,
2026-07-28,赤峰黄金,True,0.1971712359694127,0.02072183302395882,0.3915157094536241
2026-07-28,长城军工,False,0.0,0.009279496475593696,0.19893509265673814
2026-08-04,中国人保,False,0.0,0.002022319159877306,0.11910488600274916
2026-08-04,中芯国际,False,0.0,,
2026-08-04,中际旭创,False,0.0,,
2026-08-04,农业银行,False,0.0,0.0027470145461266026,0.1336902441547248
2026-08-04,北方稀土,False,0.0,,
2026-08-04,天孚通信,False,0.0,,
2026-08-04,宁德时代,False,0.0,0.006231138447181722,0.21655134303373103
2026-08-04,寒武纪,False,0.0,,
2026-08-04,工业富联,False,0.0,0.001775434052920688,0.03407541876551719
2026-08-04,建设银行,False,0.0,0.0007122446386185922,0.032230484640836915
2026-08-04,新华保险,False,0.0,0.0003701820985314797,0.019833803121295467
2026-08-04,新易盛,False,0.0,,
2026-08-04,比亚迪,False,0.0,0.0020969134464507155,0.10490474238998541
2026-08-04,海光信息,False,0.0,,
2026-08-04,科创50ETF,False,0.0,,
2026-08-04,科大讯飞,False,0.0,0.004178402573648293,0.18566771495244672
2026-08-04,紫金矿业,True,0.25812467713027937,0.011652074708336619,0.39667510060832667
2026-08-04,胜宏科技,False,0.0,,
2026-08-04,药明康德,True,0.22620619706904593,0.013096207679544425,0.34762412868918574
2026-08-04,贵州茅台,True,0.1505732924599106,0.004471254535174479,0.23139467562536098
2026-08-04,赣锋锂业,False,0.0,,
2026-08-04,赤峰黄金,True,0.18957504872030498,0.014600914307589663,0.29133092720926096
2026-08-04,长城军工,True,0.17552078462045906,0.01305521930541988,0.2697329277937746
2026-08-11,中国人保,False,0.0,,
2026-08-11,中芯国际,False,0.0,,
2026-08-11,中际旭创,False,0.0,,
2026-08-11,农业银行,False,0.0,0.0007396952601567641,0.0376778894822211
2026-08-11,北方稀土,False,0.0,0.0033269706613326343,0.13687412543655167
2026-08-11,天孚通信,False,0.0,,
2026-08-11,宁德时代,False,0.0,0.0031979276179536996,0.1361621570201474
2026-08-11,寒武纪,False,0.0,,
2026-08-11,工业富联,False,0.0,0.0032339584511188292,0.06621174301596111
2026-08-11,建设银行,False,0.0,0.00138859924407837,0.0690915580409142
2026-08-11,新华保险,False,0.0,,
2026-08-11,新易盛,False,0.0,,
2026-08-11,比亚迪,False,0.0,,
2026-08-11,海光信息,False,0.0,,
2026-08-11,科创50ETF,False,0.0,,
2026-08-11,科大讯飞,False,0.0,0.0016795340613129039,0.08333926865157798
2026-08-11,紫金矿业,True,0.20379307599841567,0.008241201372212242,0.2658809400466686
2026-08-11,胜宏科技,False,0.0,0.0031754216972075923,0.042957980624122885
2026-08-11,药明康德,True,0.19923490917818049,0.010367100224373899,0.2599340761843111
2026-08-11,贵州茅台,True,0.152334308745754,0.003724070138630309,0.19874467771905754
2026-08-11,赣锋锂业,False,0.0,0.0027052540431345305,0.09232203780502561
2026-08-11,赤峰黄金,True,0.17773126119500804,0.01150828320691354,0.2318790987902656
2026-08-11,长城军工,True,0.26690644488264176,0.017204896520963575,0.3482225101232725
2026-08-18,中国人保,False,0.0,,
2026-08-18,中芯国际,False,0.0,,
2026-08-18,中际旭创,False,0.0,,
2026-08-18,农业银行,False,0.0,0.002055041015705189,0.11097679399914409
2026-08-18,北方稀土,False,0.0,0.002708441708703396,0.11559018373204376
2026-08-18,天孚通信,True,0.18980948473837472,0.014581651287282293,0.21284613419868975
2026-08-18,宁德时代,False,0.0,0.002596303602445188,0.12829655353357744
2026-08-18,寒武纪,False,0.0,,
2026-08-18,工业富联,False,0.0,0.0024402483996799063,0.05473557446616451
2026-08-18,建设银行,False,0.0,0.0017250336493791762,0.10536493652714445
2026-08-18,新华保险,False,0.0,,
2026-08-18,新易盛,False,0.0,,
2026-08-18,比亚迪,False,0.0,,
2026-08-18,海光信息,False,0.0,,
2026-08-18,科创50ETF,False,0.0,,
2026-08-18,科大讯飞,False,0.0,,
2026-08-18,紫金矿业,False,0.0,0.001274084176872642,0.045238909099196964
2026-08-18,胜宏科技,False,0.0,0.0034034174575714284,0.048959303653508264
2026-08-18,药明康德,True,0.3590594027134995,0.013932364858516427,0.4026374441751372
2026-08-18,贵州茅台,False,0.0,0.00023671398287324896,0.014882554542263015
2026-08-18,赣锋锂业,True,0.16127058877803727,0.004666655222048038,0.18084355177859038
2026-08-18,赤峰黄金,True,0.14130789249783848,0.0064011186219435304,0.1584580385505265
2026-08-18,长城军工,True,0.1485526312722499,0.009101439052301541,0.16658205112839253
2026-08-25,中国人保,False,0.0,,
2026-08-25,中芯国际,False,0.0,,
2026-08-25,中际旭创,False,0.0,,
2026-08-25,农业银行,False,0.0,,
2026-08-25,北方稀土,False,0.0,0.0011624666766104409,0.051307831294963704
2026-08-25,天孚通信,True,0.23495608732453724,0.018690175135950345,0.2970017093833
2026-08-25,宁德时代,False,0.0,,
2026-08-25,寒武纪,False,0.0,,
2026-08-25,工业富联,False,0.0,0.0038072034744817016,0.09171724304966511
2026-08-25,建设银行,False,0.0,0.000307915200982406,0.019942025948352544
2026-08-25,新华保险,False,0.0,0.00012967006684297955,0.010223104077853007
2026-08-25,新易盛,False,0.0,,
2026-08-25,比亚迪,False,0.0,,
2026-08-25,海光信息,False,0.0,,
2026-08-25,科创50ETF,False,0.0,,
2026-08-25,科大讯飞,False,0.0,,
2026-08-25,紫金矿业,False,0.0,0.00455796640878881,0.15990454384160774
2026-08-25,胜宏科技,True,0.15988931542351223,0.012586359139848301,0.20211180963069053
2026-08-25,药明康德,True,0.26065603066762605,0.012297118437102933,0.3294883207789359
2026-08-25,贵州茅台,False,0.0,,
2026-08-25,赣锋锂业,True,0.12953385502752487,0.0037276970616446302,0.16374028357496284
2026-08-25,赤峰黄金,True,0.21496471155679972,0.011617715145329138,0.2717311456641286
2026-08-25,长城军工,False,0.0,,
2026-09-01,中国人保,True,0.15829805411967143,0.005016016601449141,0.26935166357439533
2026-09-01,中芯国际,False,0.0,,
2026-09-01,中际旭创,False,0.0,,
2026-09-01,农业银行,True,0.23383294446278013,0.004354868523452032,0.39787786994484725
2026-09-01,北方稀土,False,0.0,,
2026-09-01,天孚通信,True,0.11123618745928894,0.008057892386224058,0.18927366042782887
2026-09-01,宁德时代,False,0.0,,
2026-09-01,寒武纪,False,0.0,,
2026-09-01,工业富联,False,0.0,,
2026-09-01,建设银行,True,0.39824637164634846,0.005648430065848026,0.6776351314736775
2026-09-01,新华保险,False,0.0,,
2026-09-01,新易盛,False,0.0,,
2026-09-01,比亚迪,False,0.0,,
2026-09-01,海光信息,False,0.0,,
2026-09-01,科创50ETF,False,0.0,,
2026-09-01,科大讯飞,False,0.0,,
2026-09-01,紫金矿业,False,0.0,,
2026-09-01,胜宏科技,False,0.0,,
2026-09-01,药明康德,False,0.0,0.0032702271531319937,0.10688031590841951
2026-09-01,贵州茅台,False,0.0,,
2026-09-01,赣锋锂业,False,0.0,,
2026-09-01,赤峰黄金,True,0.09838644231191103,0.006460992917016878,0.16740920826383257
2026-09-01,长城军工,False,0.0,0.0051067364965753145,0.12237889993360863
2026-09-08,中国人保,True,0.3315838373983667,0.006382784821688215,0.3395208070606884
2026-09-08,中芯国际,False,0.0,,
2026-09-08,中际旭创,False,0.0,0.00022403636598435916,0.005330505221437696
2026-09-08,农业银行,True,0.20532656633222415,0.002891585393768531,0.21024137382294525
2026-09-08,北方稀土,False,0.0,,
2026-09-08,天孚通信,True,0.1057796316865389,0.004476512134249294,0.10831163003173855
2026-09-08,宁德时代,False,0.0,,
2026-09-08,寒武纪,False,0.0,,
2026-09-08,工业富联,False,0.0,0.00012469392580275463,0.004423500523201044
2026-09-08,建设银行,True,0.24298451811697702,0.002822938114650181,0.248800726662725
2026-09-08,新华保险,False,0.0,0.001022090904395201,0.07388723288672924
2026-09-08,新易盛,False,0.0,,
2026-09-08,比亚迪,False,0.0,,
2026-09-08,海光信息,False,0.0,,
2026-09-08,科创50ETF,False,0.0,,
2026-09-08,科大讯飞,False,0.0,,
2026-09-08,紫金矿业,False,0.0,0.002084697136291841,0.09370159273189707
2026-09-08,胜宏科技,False,0.0,,
2026-09-08,药明康德,False,0.0,,
2026-09-08,贵州茅台,False,0.0,,
2026-09-08,赣锋锂业,False,0.0,,
2026-09-08,赤峰黄金,True,0.11432544646589317,0.004000749729881664,0.11706200204517195
2026-09-08,长城军工,False,0.0,7.896784589224159e-05,0.0020705000630728003
2026-09-15,中国人保,True,0.40024553879174124,0.0059428494458878935,0.3217747074035555
2026-09-15,中芯国际,False,0.0,,
2026-09-15,中际旭创,False,0.0,0.0014192491219395253,0.036639332235377076
2026-09-15,农业银行,False,0.0,0.0008783054386763689,0.07321479863307791
2026-09-15,北方稀土,False,0.0,,
2026-09-15,天孚通信,False,0.0,,
2026-09-15,宁德时代,False,0.0,,
2026-09-15,寒武纪,True,0.17838874059363663,0.004387859590868337,0.1434144275083938
2026-09-15,工业富联,False,0.0,0.0007058405274629088,0.02860717774173038
2026-09-15,建设银行,True,0.15326920252993598,0.0014746074175726377,0.12321974392750955
2026-09-15,新华保险,False,0.0,,
2026-09-15,新易盛,False,0.0,0.002140302014547335,0.057711146319451026
2026-09-15,比亚迪,False,0.0,,
2026-09-15,海光信息,False,0.0,,
2026-09-15,科创50ETF,False,0.0,,
2026-09-15,科大讯飞,False,0.0,,
2026-09-15,紫金矿业,False,0.0,,
2026-09-15,胜宏科技,False,0.0,,
2026-09-15,药明康德,False,0.0,,
2026-09-15,贵州茅台,False,0.0,,
2026-09-15,赣锋锂业,False,0.0,,
2026-09-15,赤峰黄金,True,0.14125698170619672,0.0035753067872876963,0.11356259983417641
2026-09-15,长城军工,True,0.1268395363784894,0.003823721941512487,0.10197179168717128
