date,value,close,position,returns,cummax,drawdown
2021-02-01,100000.0,1895.0369999999996,0,0.0,100000.0,0.0
2021-02-02,100000.0,1930.7169999999996,0,0.0,100000.0,0.0
2021-02-03,100000.0,1975.626999999999,0,0.0,100000.0,0.0
2021-02-04,100000.0,2106.5669999999996,0,0.0,100000.0,0.0
2021-02-05,100000.0,2098.7169999999996,0,0.0,100000.0,0.0
2021-02-08,100000.0,2154.517,0,0.0,100000.0,0.0
2021-02-09,100000.0,2242.1469999999995,0,0.0,100000.0,0.0
2021-02-10,100000.0,2386.7169999999996,0,0.0,100000.0,0.0
2021-02-18,100000.0,2256.7169999999996,0,0.0,100000.0,0.0
2021-02-19,100000.0,2245.7169999999996,0,0.0,100000.0,0.0
2021-02-22,100000.0,2073.737,0,0.0,100000.0,0.0
2021-02-23,100000.0,2092.7169999999996,0,0.0,100000.0,0.0
2021-02-24,100000.0,1974.7169999999992,0,0.0,100000.0,0.0
2021-02-25,100000.0,1935.7169999999996,0,0.0,100000.0,0.0
2021-02-26,100000.0,1908.4969999999998,0,0.0,100000.0,0.0
2021-03-01,100000.0,1943.7169999999994,0,0.0,100000.0,0.0
2021-03-02,100000.0,1843.7169999999999,0,0.0,100000.0,0.0
2021-03-03,100000.0,1925.7169999999996,0,0.0,100000.0,0.0
2021-03-04,100000.0,1818.717,0,0.0,100000.0,0.0
2021-03-05,100000.0,1845.827,0,0.0,100000.0,0.0
2021-03-08,100000.0,1745.7169999999999,0,0.0,100000.0,0.0
2021-03-09,100000.0,1722.7069999999999,0,0.0,100000.0,0.0
2021-03-10,100000.0,1755.7269999999999,0,0.0,100000.0,0.0
2021-03-11,100000.0,1833.7169999999999,0,0.0,100000.0,0.0
2021-03-12,100000.0,1811.7169999999999,0,0.0,100000.0,0.0
2021-03-15,100000.0,1761.167,0,0.0,100000.0,0.0
2021-03-16,100000.0,1796.2169999999999,0,0.0,100000.0,0.0
2021-03-17,100000.0,1816.0769999999998,0,0.0,100000.0,0.0
2021-03-18,100000.0,1855.4169999999995,0,0.0,100000.0,0.0
2021-03-19,100000.0,1795.7169999999999,0,0.0,100000.0,0.0
2021-03-22,100000.0,1775.7069999999999,0,0.0,100000.0,0.0
2021-03-23,100000.0,1781.7169999999999,0,0.0,100000.0,0.0
2021-03-24,100000.0,1774.7169999999999,0,0.0,100000.0,0.0
2021-03-25,100000.0,1756.7169999999999,0,0.0,100000.0,0.0
2021-03-26,100000.0,1798.7169999999999,0,0.0,100000.0,0.0
2021-03-29,100000.0,1819.817,0,0.0,100000.0,0.0
2021-03-30,100000.0,1841.767,0,0.0,100000.0,0.0
2021-03-31,100000.0,1794.7169999999999,0,0.0,100000.0,0.0
2021-04-01,100000.0,1830.2169999999999,0,0.0,100000.0,0.0
2021-04-02,100000.0,1947.7169999999994,0,0.0,100000.0,0.0
2021-04-06,100000.0,1911.7469999999998,0,0.0,100000.0,0.0
2021-04-07,100000.0,1846.7169999999999,0,0.0,100000.0,0.0
2021-04-08,100000.0,1855.7169999999996,0,0.0,100000.0,0.0
2021-04-09,100000.0,1805.7169999999999,0,0.0,100000.0,0.0
2021-04-12,100000.0,1794.607,0,0.0,100000.0,0.0
2021-04-13,100000.0,1806.7169999999999,0,0.0,100000.0,0.0
2021-04-14,100000.0,1832.7169999999999,0,0.0,100000.0,0.0
2021-04-15,100000.0,1801.3169999999998,0,0.0,100000.0,0.0
2021-04-16,100000.0,1840.697,0,0.0,100000.0,0.0
2021-04-19,100000.0,1873.7169999999996,0,0.0,100000.0,0.0
2021-04-20,100000.0,1880.5169999999996,0,0.0,100000.0,0.0
2021-04-21,100000.0,1865.7169999999996,0,0.0,100000.0,0.0
2021-04-22,100000.0,1841.2169999999999,0,0.0,100000.0,0.0
2021-04-23,100000.0,1894.6569999999995,0,0.0,100000.0,0.0
2021-04-26,100000.0,1863.5369999999994,0,0.0,100000.0,0.0
2021-04-27,100000.0,1880.1569999999995,0,0.0,100000.0,0.0
2021-04-28,100000.0,1827.7169999999999,0,0.0,100000.0,0.0
2021-04-29,100000.0,1812.0769999999998,0,0.0,100000.0,0.0
2021-04-30,100000.0,1792.4969999999998,0,0.0,100000.0,0.0
2021-05-06,100000.0,1744.7169999999999,0,0.0,100000.0,0.0
2021-05-07,100000.0,1688.7169999999999,0,0.0,100000.0,0.0
2021-05-10,100000.0,1664.7469999999998,0,0.0,100000.0,0.0
2021-05-11,100000.0,1744.7169999999999,0,0.0,100000.0,0.0
2021-05-12,100000.0,1769.7169999999999,0,0.0,100000.0,0.0
2021-05-13,100000.0,1757.2169999999999,0,0.0,100000.0,0.0
2021-05-14,100000.0,1795.5669999999998,0,0.0,100000.0,0.0
2021-05-17,100000.0,1843.677,0,0.0,100000.0,0.0
2021-05-18,100000.0,1845.0269999999998,0,0.0,100000.0,0.0
2021-05-19,100000.0,1834.7169999999999,0,0.0,100000.0,0.0
2021-05-20,100000.0,1844.597,0,0.0,100000.0,0.0
2021-05-21,100000.0,1827.8169999999998,0,0.0,100000.0,0.0
2021-05-24,100000.0,1857.0069999999996,0,0.0,100000.0,0.0
2021-05-25,100000.0,1980.2169999999992,0,0.0,100000.0,0.0
2021-05-26,100000.0,2005.7169999999992,0,0.0,100000.0,0.0
2021-05-27,100000.0,2030.7169999999994,0,0.0,100000.0,0.0
2021-05-28,100000.0,2015.7169999999992,0,0.0,100000.0,0.0
2021-05-31,100000.0,2003.7169999999992,0,0.0,100000.0,0.0
2021-06-01,100000.0,2026.6669999999992,0,0.0,100000.0,0.0
2021-06-02,100000.0,2007.7169999999992,0,0.0,100000.0,0.0
2021-06-03,100000.0,2007.936999999999,0,0.0,100000.0,0.0
2021-06-04,100000.0,2037.2169999999994,0,0.0,100000.0,0.0
2021-06-07,100000.0,2056.7169999999996,0,0.0,100000.0,0.0
2021-06-08,100000.0,1976.7169999999992,0,0.0,100000.0,0.0
2021-06-09,100000.0,1985.2169999999992,0,0.0,100000.0,0.0
2021-06-10,100000.0,2024.1969999999994,0,0.0,100000.0,0.0
2021-06-11,100000.0,1964.5269999999994,0,0.0,100000.0,0.0
2021-06-15,100000.0,1978.7169999999992,0,0.0,100000.0,0.0
2021-06-16,100000.0,1943.7169999999994,0,0.0,100000.0,0.0
2021-06-17,100000.0,1942.6269999999997,0,0.0,100000.0,0.0
2021-06-18,100000.0,1876.6569999999995,0,0.0,100000.0,0.0
2021-06-21,100000.0,1867.3569999999995,0,0.0,100000.0,0.0
2021-06-22,100000.0,1860.6869999999994,0,0.0,100000.0,0.0
2021-06-23,100000.0,1823.7169999999999,0,0.0,100000.0,0.0
2021-06-24,100000.0,1853.7669999999998,0,0.0,100000.0,0.0
2021-06-25,100000.0,1897.0099999999998,0,0.0,100000.0,0.0
2021-06-28,100000.0,1908.02,0,0.0,100000.0,0.0
2021-06-29,100000.0,1867.0099999999998,0,0.0,100000.0,0.0
2021-06-30,100000.0,1861.7099999999996,0,0.0,100000.0,0.0
2021-07-01,100000.0,1910.0099999999998,0,0.0,100000.0,0.0
2021-07-02,100000.0,1818.0099999999998,0,0.0,100000.0,0.0
2021-07-05,100000.0,1799.0099999999998,0,0.0,100000.0,0.0
2021-07-06,100000.0,1817.9099999999999,0,0.0,100000.0,0.0
2021-07-07,100000.0,1809.0099999999998,0,0.0,100000.0,0.0
2021-07-08,100000.0,1790.0099999999998,0,0.0,100000.0,0.0
2021-07-09,100000.0,1777.1199999999997,0,0.0,100000.0,0.0
2021-07-12,100000.0,1766.0099999999998,0,0.0,100000.0,0.0
2021-07-13,100000.0,1787.9099999999999,0,0.0,100000.0,0.0
2021-07-14,100000.0,1767.0099999999998,0,0.0,100000.0,0.0
2021-07-15,100000.0,1803.0,0,0.0,100000.0,0.0
2021-07-16,100000.0,1760.9099999999999,0,0.0,100000.0,0.0
2021-07-19,100000.0,1780.0099999999998,0,0.0,100000.0,0.0
2021-07-20,100000.0,1785.0099999999998,0,0.0,100000.0,0.0
2021-07-21,100000.0,1774.0099999999998,0,0.0,100000.0,0.0
2021-07-22,100000.0,1745.0199999999998,0,0.0,100000.0,0.0
2021-07-23,100000.0,1705.01,0,0.0,100000.0,0.0
2021-07-26,100000.0,1609.1199999999997,0,0.0,100000.0,0.0
2021-07-27,100000.0,1517.8999999999999,0,0.0,100000.0,0.0
2021-07-28,100000.0,1573.9099999999999,0,0.0,100000.0,0.0
2021-07-29,100000.0,1554.8,0,0.0,100000.0,0.0
2021-07-30,100000.0,1483.9999999999998,0,0.0,100000.0,0.0
2021-08-02,100000.0,1560.0099999999998,0,0.0,100000.0,0.0
2021-08-03,100000.0,1554.3099999999997,0,0.0,100000.0,0.0
2021-08-04,100000.0,1529.0099999999998,0,0.0,100000.0,0.0
2021-08-05,100000.0,1504.01,0,0.0,100000.0,0.0
2021-08-06,100000.0,1476.01,0,0.0,100000.0,0.0
2021-08-09,100000.0,1498.8099999999997,0,0.0,100000.0,0.0
2021-08-10,100000.0,1604.0099999999998,0,0.0,100000.0,0.0
2021-08-11,100000.0,1555.5099999999998,0,0.0,100000.0,0.0
2021-08-12,100000.0,1495.0099999999998,0,0.0,100000.0,0.0
2021-08-13,100000.0,1505.0499999999997,0,0.0,100000.0,0.0
2021-08-16,100000.0,1504.2099999999996,0,0.0,100000.0,0.0
2021-08-17,100000.0,1440.0099999999998,0,0.0,100000.0,0.0
2021-08-18,100000.0,1425.0099999999998,0,0.0,100000.0,0.0
2021-08-19,100000.0,1424.9799999999998,0,0.0,100000.0,0.0
2021-08-20,100000.0,1353.0099999999998,0,0.0,100000.0,0.0
2021-08-23,100000.0,1375.1999999999998,0,0.0,100000.0,0.0
2021-08-24,100000.0,1430.1899999999998,0,0.0,100000.0,0.0
2021-08-25,100000.0,1470.0299999999997,0,0.0,100000.0,0.0
2021-08-26,100000.0,1400.0099999999998,0,0.0,100000.0,0.0
2021-08-27,100000.0,1401.04,0,0.0,100000.0,0.0
2021-08-30,100000.0,1391.0099999999998,0,0.0,100000.0,0.0
2021-08-31,100000.0,1363.01,0,0.0,100000.0,0.0
2021-09-01,100000.0,1427.02,0,0.0,100000.0,0.0
2021-09-02,100000.0,1423.81,0,0.0,100000.0,0.0
2021-09-03,100000.0,1463.2299999999998,0,0.0,100000.0,0.0
2021-09-06,100000.0,1475.6799999999998,0,0.0,100000.0,0.0
2021-09-07,100000.0,1474.0099999999998,0,0.0,100000.0,0.0
2021-09-08,100000.0,1438.1099999999997,0,0.0,100000.0,0.0
2021-09-09,100000.0,1439.0899999999997,0,0.0,100000.0,0.0
2021-09-10,100000.0,1467.5899999999997,0,0.0,100000.0,0.0
2021-09-13,100000.0,1459.01,0,0.0,100000.0,0.0
2021-09-14,100000.0,1462.0099999999998,0,0.0,100000.0,0.0
2021-09-15,100000.0,1420.7499999999998,0,0.0,100000.0,0.0
2021-09-16,100000.0,1443.0799999999997,0,0.0,100000.0,0.0
2021-09-17,100000.0,1491.0099999999998,0,0.0,100000.0,0.0
2021-09-22,100000.0,1442.6999999999998,0,0.0,100000.0,0.0
2021-09-23,100000.0,1440.0099999999998,0,0.0,100000.0,0.0
2021-09-24,100000.0,1499.0099999999998,0,0.0,100000.0,0.0
2021-09-27,100000.0,1660.0099999999998,0,0.0,100000.0,0.0
2021-09-28,100000.0,1627.0699999999997,0,0.0,100000.0,0.0
2021-09-29,100000.0,1625.0099999999998,0,0.0,100000.0,0.0
2021-09-30,100000.0,1635.0099999999998,0,0.0,100000.0,0.0
2021-10-08,100000.0,1644.6099999999997,0,0.0,100000.0,0.0
2021-10-11,100000.0,1672.1299999999997,0,0.0,100000.0,0.0
2021-10-12,100000.0,1675.9999999999998,0,0.0,100000.0,0.0
2021-10-13,100000.0,1734.9099999999999,0,0.0,100000.0,0.0
2021-10-14,100000.0,1716.0099999999998,0,0.0,100000.0,0.0
2021-10-15,100000.0,1721.9799999999998,0,0.0,100000.0,0.0
2021-10-18,100000.0,1605.0099999999998,0,0.0,100000.0,0.0
2021-10-19,100000.0,1617.1899999999998,0,0.0,100000.0,0.0
2021-10-20,100000.0,1646.0099999999998,0,0.0,100000.0,0.0
2021-10-21,100000.0,1649.0099999999998,0,0.0,100000.0,0.0
2021-10-22,100000.0,1706.0099999999998,0,0.0,100000.0,0.0
2021-10-25,100000.0,1678.0399999999997,0,0.0,100000.0,0.0
2021-10-26,100000.0,1666.0599999999997,0,0.0,100000.0,0.0
2021-10-27,100000.0,1624.01,0,0.0,100000.0,0.0
2021-10-28,100000.0,1630.4999999999998,0,0.0,100000.0,0.0
2021-10-29,100000.0,1631.0899999999997,0,0.0,100000.0,0.0
2021-11-01,100000.0,1608.0099999999998,0,0.0,100000.0,0.0
2021-11-02,100000.0,1609.6499999999999,0,0.0,100000.0,0.0
2021-11-03,100000.0,1570.0099999999998,0,0.0,100000.0,0.0
2021-11-04,100000.0,1609.2099999999998,0,0.0,100000.0,0.0
2021-11-05,100000.0,1624.9499999999998,0,0.0,100000.0,0.0
2021-11-08,100000.0,1625.1099999999997,0,0.0,100000.0,0.0
2021-11-09,100000.0,1595.0199999999998,0,0.0,100000.0,0.0
2021-11-10,100000.0,1558.9999999999998,0,0.0,100000.0,0.0
2021-11-11,100000.0,1574.6099999999997,0,0.0,100000.0,0.0
2021-11-12,100000.0,1578.7899999999997,0,0.0,100000.0,0.0
2021-11-15,100000.0,1566.1499999999999,0,0.0,100000.0,0.0
2021-11-16,100000.0,1613.0099999999998,0,0.0,100000.0,0.0
2021-11-17,100000.0,1600.0099999999998,0,0.0,100000.0,0.0
2021-11-18,100000.0,1597.0099999999998,0,0.0,100000.0,0.0
2021-11-19,100000.0,1633.4199999999998,0,0.0,100000.0,0.0
2021-11-22,100000.0,1659.2799999999997,0,0.0,100000.0,0.0
2021-11-23,100000.0,1701.4399999999998,0,0.0,100000.0,0.0
2021-11-24,100000.0,1746.0099999999998,0,0.0,100000.0,0.0
2021-11-25,100000.0,1761.0399999999997,0,0.0,100000.0,0.0
2021-11-26,100000.0,1746.0199999999998,0,0.0,100000.0,0.0
2021-11-29,100000.0,1790.0099999999998,0,0.0,100000.0,0.0
2021-11-30,100000.0,1735.7799999999997,0,0.0,100000.0,0.0
2021-12-01,100000.0,1737.9999999999998,0,0.0,100000.0,0.0
2021-12-02,100000.0,1739.01,0,0.0,100000.0,0.0
2021-12-03,100000.0,1776.8899999999996,0,0.0,100000.0,0.0
2021-12-06,100000.0,1772.3099999999997,0,0.0,100000.0,0.0
2021-12-07,100000.0,1760.8799999999999,0,0.0,100000.0,0.0
2021-12-08,100000.0,1848.0099999999998,0,0.0,100000.0,0.0
2021-12-09,100000.0,1891.5599999999997,0,0.0,100000.0,0.0
2021-12-10,100000.0,1895.0099999999995,0,0.0,100000.0,0.0
2021-12-13,100000.0,1923.2099999999996,0,0.0,100000.0,0.0
2021-12-14,100000.0,1955.0099999999995,0,0.0,100000.0,0.0
2021-12-15,100000.0,1940.0099999999998,0,0.0,100000.0,0.0
2021-12-16,100000.0,1924.0,0,0.0,100000.0,0.0
2021-12-17,100000.0,1855.7099999999996,0,0.0,100000.0,0.0
2021-12-20,100000.0,1863.9699999999998,0,0.0,100000.0,0.0
2021-12-21,100000.0,1843.2099999999998,0,0.0,100000.0,0.0
2021-12-22,100000.0,1853.0099999999998,0,0.0,100000.0,0.0
2021-12-23,100000.0,1925.0099999999998,0,0.0,100000.0,0.0
2021-12-24,100000.0,1999.0999999999995,0,0.0,100000.0,0.0
2021-12-27,100000.0,1936.83,0,0.0,100000.0,0.0
2021-12-28,100000.0,1943.1899999999994,0,0.0,100000.0,0.0
2021-12-29,100000.0,1846.0099999999998,0,0.0,100000.0,0.0
2021-12-30,100000.0,1880.0099999999995,0,0.0,100000.0,0.0
2021-12-31,100000.0,1855.0099999999998,0,0.0,100000.0,0.0
2022-01-04,100000.0,1856.2399999999998,0,0.0,100000.0,0.0
2022-01-05,100000.0,1829.0099999999998,0,0.0,100000.0,0.0
2022-01-06,100000.0,1787.2299999999998,0,0.0,100000.0,0.0
2022-01-07,100000.0,1747.0099999999998,0,0.0,100000.0,0.0
2022-01-10,100000.0,1771.0099999999998,0,0.0,100000.0,0.0
2022-01-11,100000.0,1745.56,0,0.0,100000.0,0.0
2022-01-12,100000.0,1772.0099999999998,0,0.0,100000.0,0.0
2022-01-13,100000.0,1682.3999999999996,0,0.0,100000.0,0.0
2022-01-14,100000.0,1672.0099999999998,0,0.0,100000.0,0.0
2022-01-17,100000.0,1666.62,0,0.0,100000.0,0.0
2022-01-18,100000.0,1697.2799999999997,0,0.0,100000.0,0.0
2022-01-19,100000.0,1717.0099999999998,0,0.0,100000.0,0.0
2022-01-20,100000.0,1774.5299999999997,0,0.0,100000.0,0.0
2022-01-21,100000.0,1789.9999999999998,0,0.0,100000.0,0.0
2022-01-24,100000.0,1755.2099999999998,0,0.0,100000.0,0.0
2022-01-25,100000.0,1748.0099999999998,0,0.0,100000.0,0.0
2022-01-26,100000.0,1760.0099999999998,0,0.0,100000.0,0.0
2022-01-27,100000.0,1770.0099999999998,0,0.0,100000.0,0.0
2022-01-28,100000.0,1692.0099999999998,0,0.0,100000.0,0.0
2022-02-07,100000.0,1672.9699999999998,0,0.0,100000.0,0.0
2022-02-08,100000.0,1644.0099999999998,0,0.0,100000.0,0.0
2022-02-09,100000.0,1700.9899999999998,0,0.0,100000.0,0.0
2022-02-10,100000.0,1678.0099999999998,0,0.0,100000.0,0.0
2022-02-11,100000.0,1654.9799999999998,0,0.0,100000.0,0.0
2022-02-14,100000.0,1673.6799999999996,0,0.0,100000.0,0.0
2022-02-15,100000.0,1695.6299999999997,0,0.0,100000.0,0.0
2022-02-16,100000.0,1697.5599999999997,0,0.0,100000.0,0.0
2022-02-17,100000.0,1691.9999999999998,0,0.0,100000.0,0.0
2022-02-18,100000.0,1712.0099999999998,0,0.0,100000.0,0.0
2022-02-21,100000.0,1681.9999999999998,0,0.0,100000.0,0.0
2022-02-22,100000.0,1612.8799999999997,0,0.0,100000.0,0.0
2022-02-23,100000.0,1632.0199999999998,0,0.0,100000.0,0.0
2022-02-24,100000.0,1569.12,0,0.0,100000.0,0.0
2022-02-25,100000.0,1604.0699999999997,0,0.0,100000.0,0.0
2022-02-28,100000.0,1595.4099999999999,0,0.0,100000.0,0.0
2022-03-01,100000.0,1663.4899999999998,0,0.0,100000.0,0.0
2022-03-02,100000.0,1649.8899999999999,0,0.0,100000.0,0.0
2022-03-03,100000.0,1605.0099999999998,0,0.0,100000.0,0.0
2022-03-04,100000.0,1585.51,0,0.0,100000.0,0.0
2022-03-07,100000.0,1512.0099999999998,0,0.0,100000.0,0.0
2022-03-08,100000.0,1558.2099999999998,0,0.0,100000.0,0.0
2022-03-09,100000.0,1584.1899999999998,0,0.0,100000.0,0.0
2022-03-10,100000.0,1599.4399999999998,0,0.0,100000.0,0.0
2022-03-11,100000.0,1574.0199999999998,0,0.0,100000.0,0.0
2022-03-14,100000.0,1505.0099999999998,0,0.0,100000.0,0.0
2022-03-15,100000.0,1408.0099999999998,0,0.0,100000.0,0.0
2022-03-16,100000.0,1479.9599999999998,0,0.0,100000.0,0.0
2022-03-17,100000.0,1525.1599999999999,0,0.0,100000.0,0.0
2022-03-18,100000.0,1512.7999999999997,0,0.0,100000.0,0.0
2022-03-21,100000.0,1509.3099999999997,0,0.0,100000.0,0.0
2022-03-22,100000.0,1500.0099999999998,0,0.0,100000.0,0.0
2022-03-23,100000.0,1557.1999999999998,0,0.0,100000.0,0.0
2022-03-24,100000.0,1525.9399999999998,0,0.0,100000.0,0.0
2022-03-25,100000.0,1495.0099999999998,0,0.0,100000.0,0.0
2022-03-28,100000.0,1465.8099999999997,0,0.0,100000.0,0.0
2022-03-29,100000.0,1472.0099999999998,0,0.0,100000.0,0.0
2022-03-30,100000.0,1535.1099999999997,0,0.0,100000.0,0.0
2022-03-31,100000.0,1524.0099999999998,0,0.0,100000.0,0.0
2022-04-01,100000.0,1585.0199999999998,0,0.0,100000.0,0.0
2022-04-06,100000.0,1570.0099999999998,0,0.0,100000.0,0.0
2022-04-07,100000.0,1570.01,0,0.0,100000.0,0.0
2022-04-08,100000.0,1589.0099999999998,0,0.0,100000.0,0.0
2022-04-11,100000.0,1525.0099999999998,0,0.0,100000.0,0.0
2022-04-12,100000.0,1587.0099999999998,0,0.0,100000.0,0.0
2022-04-13,100000.0,1574.0099999999998,0,0.0,100000.0,0.0
2022-04-14,100000.0,1614.0099999999998,0,0.0,100000.0,0.0
2022-04-15,100000.0,1610.9999999999998,0,0.0,100000.0,0.0
2022-04-18,100000.0,1595.8299999999997,0,0.0,100000.0,0.0
2022-04-19,100000.0,1595.3099999999997,0,0.0,100000.0,0.0
2022-04-20,100000.0,1602.0099999999998,0,0.0,100000.0,0.0
2022-04-21,100000.0,1584.9899999999998,0,0.0,100000.0,0.0
2022-04-22,100000.0,1578.0099999999998,0,0.0,100000.0,0.0
2022-04-25,100000.0,1513.0099999999998,0,0.0,100000.0,0.0
2022-04-26,100000.0,1537.4899999999998,0,0.0,100000.0,0.0
2022-04-27,100000.0,1599.9299999999998,0,0.0,100000.0,0.0
2022-04-28,100000.0,1640.0099999999998,0,0.0,100000.0,0.0
2022-04-29,100000.0,1633.3899999999999,0,0.0,100000.0,0.0
2022-05-05,100000.0,1642.0099999999998,0,0.0,100000.0,0.0
2022-05-06,100000.0,1598.0099999999998,0,0.0,100000.0,0.0
2022-05-09,100000.0,1557.0099999999998,0,0.0,100000.0,0.0
2022-05-10,100000.0,1571.1999999999998,0,0.0,100000.0,0.0
2022-05-11,100000.0,1573.0099999999998,0,0.0,100000.0,0.0
2022-05-12,100000.0,1567.6799999999998,0,0.0,100000.0,0.0
2022-05-13,100000.0,1583.2499999999998,0,0.0,100000.0,0.0
2022-05-16,100000.0,1563.0099999999998,0,0.0,100000.0,0.0
2022-05-17,100000.0,1573.0099999999998,0,0.0,100000.0,0.0
2022-05-18,100000.0,1566.0099999999998,0,0.0,100000.0,0.0
2022-05-19,100000.0,1561.0099999999998,0,0.0,100000.0,0.0
2022-05-20,100000.0,1605.0199999999998,0,0.0,100000.0,0.0
2022-05-23,100000.0,1586.0099999999998,0,0.0,100000.0,0.0
2022-05-24,100000.0,1565.0099999999998,0,0.0,100000.0,0.0
2022-05-25,100000.0,1560.5199999999998,0,0.0,100000.0,0.0
2022-05-26,100000.0,1547.8099999999997,0,0.0,100000.0,0.0
2022-05-27,100000.0,1560.1699999999998,0,0.0,100000.0,0.0
2022-05-30,100000.0,1583.4199999999998,0,0.0,100000.0,0.0
2022-05-31,100000.0,1609.0399999999997,0,0.0,100000.0,0.0
2022-06-01,100000.0,1593.2599999999998,0,0.0,100000.0,0.0
2022-06-02,100000.0,1591.0099999999998,0,0.0,100000.0,0.0
2022-06-06,100000.0,1593.0099999999998,0,0.0,100000.0,0.0
2022-06-07,100000.0,1622.9099999999996,0,0.0,100000.0,0.0
2022-06-08,100000.0,1670.6099999999997,0,0.0,100000.0,0.0
2022-06-09,100000.0,1658.0099999999998,0,0.0,100000.0,0.0
2022-06-10,100000.0,1705.6099999999997,0,0.0,100000.0,0.0
2022-06-13,100000.0,1661.0099999999998,0,0.0,100000.0,0.0
2022-06-14,100000.0,1676.0099999999998,0,0.0,100000.0,0.0
2022-06-15,100000.0,1680.1099999999997,0,0.0,100000.0,0.0
2022-06-16,100000.0,1682.0099999999998,0,0.0,100000.0,0.0
2022-06-17,100000.0,1756.01,0,0.0,100000.0,0.0
2022-06-20,100000.0,1747.0299999999997,0,0.0,100000.0,0.0
2022-06-21,100000.0,1750.7499999999998,0,0.0,100000.0,0.0
2022-06-22,100000.0,1741.0099999999998,0,0.0,100000.0,0.0
2022-06-23,100000.0,1762.1099999999997,0,0.0,100000.0,0.0
2022-06-24,100000.0,1814.0199999999998,0,0.0,100000.0,0.0
2022-06-27,100000.0,1815.5599999999997,0,0.0,100000.0,0.0
2022-06-28,100000.0,1841.0099999999998,0,0.0,100000.0,0.0
2022-06-29,100000.0,1835.0099999999998,0,0.0,100000.0,0.0
2022-06-30,100000.0,1871.6849999999997,0,0.0,100000.0,0.0
2022-07-01,100000.0,1855.7349999999997,0,0.0,100000.0,0.0
2022-07-04,100000.0,1844.6849999999997,0,0.0,100000.0,0.0
2022-07-05,100000.0,1859.6949999999997,0,0.0,100000.0,0.0
2022-07-06,100000.0,1828.6849999999997,0,0.0,100000.0,0.0
2022-07-07,100000.0,1816.6849999999997,0,0.0,100000.0,0.0
2022-07-08,100000.0,1825.6849999999997,0,0.0,100000.0,0.0
2022-07-11,100000.0,1790.2849999999996,0,0.0,100000.0,0.0
2022-07-12,100000.0,1775.0949999999996,0,0.0,100000.0,0.0
2022-07-13,100000.0,1785.5749999999998,0,0.0,100000.0,0.0
2022-07-14,100000.0,1779.6849999999997,0,0.0,100000.0,0.0
2022-07-15,100000.0,1776.1849999999997,0,0.0,100000.0,0.0
2022-07-18,100000.0,1778.3449999999998,0,0.0,100000.0,0.0
2022-07-19,100000.0,1769.7849999999996,0,0.0,100000.0,0.0
2022-07-20,100000.0,1776.7849999999996,0,0.0,100000.0,0.0
2022-07-21,100000.0,1765.6849999999997,0,0.0,100000.0,0.0
2022-07-22,100000.0,1773.6849999999997,0,0.0,100000.0,0.0
2022-07-25,100000.0,1771.3349999999998,0,0.0,100000.0,0.0
2022-07-26,100000.0,1776.8949999999998,0,0.0,100000.0,0.0
2022-07-27,100000.0,1746.2849999999996,0,0.0,100000.0,0.0
2022-07-28,100000.0,1724.6849999999997,0,0.0,100000.0,0.0
2022-07-29,100000.0,1725.1249999999998,0,0.0,100000.0,0.0
2022-08-01,100000.0,1716.9849999999997,0,0.0,100000.0,0.0
2022-08-02,100000.0,1706.6649999999997,0,0.0,100000.0,0.0
2022-08-03,100000.0,1711.6849999999997,0,0.0,100000.0,0.0
2022-08-04,100000.0,1742.695,0,0.0,100000.0,0.0
2022-08-05,100000.0,1750.6449999999998,0,0.0,100000.0,0.0
2022-08-08,100000.0,1738.2149999999997,0,0.0,100000.0,0.0
2022-08-09,100000.0,1736.6849999999997,0,0.0,100000.0,0.0
2022-08-10,100000.0,1702.6849999999997,0,0.0,100000.0,0.0
2022-08-11,100000.0,1733.5849999999998,0,0.0,100000.0,0.0
2022-08-12,100000.0,1754.6849999999997,0,0.0,100000.0,0.0
2022-08-15,100000.0,1746.5749999999996,0,0.0,100000.0,0.0
2022-08-16,100000.0,1744.5249999999996,0,0.0,100000.0,0.0
2022-08-17,100000.0,1744.6849999999997,0,0.0,100000.0,0.0
2022-08-18,100000.0,1722.1849999999997,0,0.0,100000.0,0.0
2022-08-19,100000.0,1721.6949999999997,0,0.0,100000.0,0.0
2022-08-22,100000.0,1720.6649999999997,0,0.0,100000.0,0.0
2022-08-23,100000.0,1696.6949999999997,0,0.0,100000.0,0.0
2022-08-24,100000.0,1680.8849999999998,0,0.0,100000.0,0.0
2022-08-25,100000.0,1711.6849999999997,0,0.0,100000.0,0.0
2022-08-26,100000.0,1724.6849999999997,0,0.0,100000.0,0.0
2022-08-29,100000.0,1705.5049999999997,0,0.0,100000.0,0.0
2022-08-30,100000.0,1696.6849999999997,0,0.0,100000.0,0.0
2022-08-31,100000.0,1750.6849999999997,0,0.0,100000.0,0.0
2022-09-01,100000.0,1707.5749999999998,0,0.0,100000.0,0.0
2022-09-02,100000.0,1701.6849999999997,0,0.0,100000.0,0.0
2022-09-05,100000.0,1661.6849999999997,0,0.0,100000.0,0.0
2022-09-06,100000.0,1671.6849999999997,0,0.0,100000.0,0.0
2022-09-07,100000.0,1644.6949999999997,0,0.0,100000.0,0.0
2022-09-08,100000.0,1641.6849999999997,0,0.0,100000.0,0.0
2022-09-09,100000.0,1671.4749999999997,0,0.0,100000.0,0.0
2022-09-13,100000.0,1705.6849999999997,0,0.0,100000.0,0.0
2022-09-14,100000.0,1695.6849999999997,0,0.0,100000.0,0.0
2022-09-15,100000.0,1706.6849999999997,0,0.0,100000.0,0.0
2022-09-16,100000.0,1685.685,0,0.0,100000.0,0.0
2022-09-19,100000.0,1698.3249999999998,0,0.0,100000.0,0.0
2022-09-20,100000.0,1704.6849999999997,0,0.0,100000.0,0.0
2022-09-21,100000.0,1674.6849999999997,0,0.0,100000.0,0.0
2022-09-22,100000.0,1647.495,0,0.0,100000.0,0.0
2022-09-23,100000.0,1661.1149999999996,0,0.0,100000.0,0.0
2022-09-26,100000.0,1689.6849999999997,0,0.0,100000.0,0.0
2022-09-27,100000.0,1714.685,0,0.0,100000.0,0.0
2022-09-28,100000.0,1709.6849999999997,0,0.0,100000.0,0.0
2022-09-29,100000.0,1707.0349999999999,0,0.0,100000.0,0.0
2022-09-30,100000.0,1699.1849999999997,0,0.0,100000.0,0.0
2022-10-10,100000.0,1612.6849999999997,0,0.0,100000.0,0.0
2022-10-11,100000.0,1606.6749999999997,0,0.0,100000.0,0.0
2022-10-12,100000.0,1586.6849999999997,0,0.0,100000.0,0.0
2022-10-13,100000.0,1526.6749999999997,0,0.0,100000.0,0.0
2022-10-14,100000.0,1564.2949999999998,0,0.0,100000.0,0.0
2022-10-17,100000.0,1545.1849999999997,0,0.0,100000.0,0.0
2022-10-18,100000.0,1532.5149999999996,0,0.0,100000.0,0.0
2022-10-19,100000.0,1474.6849999999997,0,0.0,100000.0,0.0
2022-10-20,100000.0,1470.1849999999997,0,0.0,100000.0,0.0
2022-10-21,100000.0,1450.6849999999997,0,0.0,100000.0,0.0
2022-10-24,100000.0,1327.9649999999997,0,0.0,100000.0,0.0
2022-10-25,100000.0,1306.4349999999997,0,0.0,100000.0,0.0
2022-10-26,100000.0,1290.7649999999996,0,0.0,100000.0,0.0
2022-10-27,100000.0,1227.685,0,0.0,100000.0,0.0
2022-10-28,100000.0,1186.6849999999997,0,0.0,100000.0,0.0
2022-10-31,100000.0,1176.6849999999997,0,0.0,100000.0,0.0
2022-11-01,100000.0,1288.6949999999997,0,0.0,100000.0,0.0
2022-11-02,100000.0,1298.6449999999998,0,0.0,100000.0,0.0
2022-11-03,100000.0,1266.185,0,0.0,100000.0,0.0
2022-11-04,100000.0,1343.2549999999997,0,0.0,100000.0,0.0
2022-11-07,100000.0,1333.7949999999996,0,0.0,100000.0,0.0
2022-11-08,100000.0,1311.5649999999998,0,0.0,100000.0,0.0
2022-11-09,100000.0,1286.5849999999998,0,0.0,100000.0,0.0
2022-11-10,100000.0,1301.6849999999997,0,0.0,100000.0,0.0
2022-11-11,100000.0,1354.8349999999998,0,0.0,100000.0,0.0
2022-11-14,100000.0,1359.6849999999997,0,0.0,100000.0,0.0
2022-11-15,100000.0,1414.6849999999997,0,0.0,100000.0,0.0
2022-11-16,100000.0,1411.9349999999997,0,0.0,100000.0,0.0
2022-11-17,100000.0,1393.6849999999997,0,0.0,100000.0,0.0
2022-11-18,100000.0,1393.8149999999998,0,0.0,100000.0,0.0
2022-11-21,100000.0,1346.6649999999997,0,0.0,100000.0,0.0
2022-11-22,100000.0,1366.6349999999998,0,0.0,100000.0,0.0
2022-11-23,100000.0,1375.6849999999997,0,0.0,100000.0,0.0
2022-11-24,100000.0,1346.6749999999997,0,0.0,100000.0,0.0
2022-11-25,100000.0,1348.6949999999997,0,0.0,100000.0,0.0
2022-11-28,100000.0,1336.5649999999998,0,0.0,100000.0,0.0
2022-11-29,100000.0,1425.6849999999997,0,0.0,100000.0,0.0
2022-11-30,100000.0,1425.6849999999997,0,0.0,100000.0,0.0
2022-12-01,100000.0,1457.4849999999997,0,0.0,100000.0,0.0
2022-12-02,100000.0,1460.5649999999998,0,0.0,100000.0,0.0
2022-12-05,100000.0,1491.5849999999998,0,0.0,100000.0,0.0
2022-12-06,100000.0,1514.6849999999997,0,0.0,100000.0,0.0
2022-12-07,100000.0,1510.6849999999997,0,0.0,100000.0,0.0
2022-12-08,100000.0,1513.7049999999997,0,0.0,100000.0,0.0
2022-12-09,100000.0,1556.6849999999997,0,0.0,100000.0,0.0
2022-12-12,100000.0,1565.7049999999997,0,0.0,100000.0,0.0
2022-12-13,100000.0,1576.6849999999997,0,0.0,100000.0,0.0
2022-12-14,100000.0,1597.5549999999996,0,0.0,100000.0,0.0
2022-12-15,100000.0,1613.6749999999997,0,0.0,100000.0,0.0
2022-12-16,100000.0,1613.5549999999996,0,0.0,100000.0,0.0
2022-12-19,100000.0,1599.6849999999997,0,0.0,100000.0,0.0
2022-12-20,100000.0,1541.6849999999997,0,0.0,100000.0,0.0
2022-12-21,100000.0,1565.6849999999997,0,0.0,100000.0,0.0
2022-12-22,100000.0,1594.6849999999997,0,0.0,100000.0,0.0
2022-12-23,100000.0,1597.6849999999997,0,0.0,100000.0,0.0
2022-12-26,100000.0,1568.7449999999997,0,0.0,100000.0,0.0
2022-12-27,100000.0,1581.5949999999998,0,0.0,100000.0,0.0
2022-12-28,100000.0,1581.5949999999998,0,0.0,100000.0,0.0
2022-12-29,100000.0,1567.5949999999998,0,0.0,100000.0,0.0
2022-12-30,100000.0,1575.5949999999998,0,0.0,100000.0,0.0
2023-01-03,100000.0,1578.6049999999998,0,0.0,100000.0,0.0
2023-01-04,100000.0,1573.6049999999998,0,0.0,100000.0,0.0
2023-01-05,100000.0,1649.5949999999998,0,0.0,100000.0,0.0
2023-01-06,100000.0,1652.3649999999998,0,0.0,100000.0,0.0
2023-01-09,100000.0,1689.7949999999998,0,0.0,100000.0,0.0
2023-01-10,100000.0,1703.0449999999998,0,0.0,100000.0,0.0
2023-01-11,100000.0,1693.5449999999998,0,0.0,100000.0,0.0
2023-01-12,100000.0,1682.5949999999998,0,0.0,100000.0,0.0
2023-01-13,100000.0,1735.5949999999998,0,0.0,100000.0,0.0
2023-01-16,100000.0,1761.495,0,0.0,100000.0,0.0
2023-01-17,100000.0,1756.5949999999998,0,0.0,100000.0,0.0
2023-01-18,100000.0,1741.5949999999998,0,0.0,100000.0,0.0
2023-01-19,100000.0,1728.8049999999998,0,0.0,100000.0,0.0
2023-01-20,100000.0,1708.6049999999998,0,0.0,100000.0,0.0
2023-01-30,100000.0,1736.5949999999998,0,0.0,100000.0,0.0
2023-01-31,100000.0,1694.3549999999998,0,0.0,100000.0,0.0
2023-02-01,100000.0,1693.5649999999998,0,0.0,100000.0,0.0
2023-02-02,100000.0,1684.7049999999997,0,0.0,100000.0,0.0
2023-02-03,100000.0,1666.5949999999998,0,0.0,100000.0,0.0
2023-02-06,100000.0,1643.5949999999998,0,0.0,100000.0,0.0
2023-02-07,100000.0,1645.5949999999998,0,0.0,100000.0,0.0
2023-02-08,100000.0,1632.5949999999998,0,0.0,100000.0,0.0
2023-02-09,100000.0,1666.5949999999998,0,0.0,100000.0,0.0
2023-02-10,100000.0,1658.5949999999998,0,0.0,100000.0,0.0
2023-02-13,100000.0,1704.9449999999997,0,0.0,100000.0,0.0
2023-02-14,100000.0,1692.3849999999998,0,0.0,100000.0,0.0
2023-02-15,100000.0,1689.5949999999998,0,0.0,100000.0,0.0
2023-02-16,100000.0,1710.4149999999997,0,0.0,100000.0,0.0
2023-02-17,100000.0,1669.3749999999998,0,0.0,100000.0,0.0
2023-02-20,100000.0,1723.5949999999998,0,0.0,100000.0,0.0
2023-02-21,100000.0,1715.5949999999998,0,0.0,100000.0,0.0
2023-02-22,100000.0,1684.5949999999998,0,0.0,100000.0,0.0
2023-02-23,100000.0,1666.5949999999998,0,0.0,100000.0,0.0
2023-02-24,100000.0,1636.5949999999998,0,0.0,100000.0,0.0
2023-02-27,100000.0,1659.0049999999999,0,0.0,100000.0,0.0
2023-02-28,100000.0,1662.3349999999998,0,0.0,100000.0,0.0
2023-03-01,100000.0,1687.1249999999998,0,0.0,100000.0,0.0
2023-03-02,100000.0,1676.595,0,0.0,100000.0,0.0
2023-03-03,100000.0,1666.6349999999998,0,0.0,100000.0,0.0
2023-03-06,100000.0,1655.7349999999997,0,0.0,100000.0,0.0
2023-03-07,100000.0,1636.8949999999998,0,0.0,100000.0,0.0
2023-03-08,100000.0,1619.0149999999999,0,0.0,100000.0,0.0
2023-03-09,100000.0,1618.6149999999998,0,0.0,100000.0,0.0
2023-03-10,100000.0,1598.5949999999998,0,0.0,100000.0,0.0
2023-03-13,100000.0,1610.5949999999998,0,0.0,100000.0,0.0
2023-03-14,100000.0,1614.5949999999998,0,0.0,100000.0,0.0
2023-03-15,100000.0,1599.5149999999999,0,0.0,100000.0,0.0
2023-03-16,100000.0,1600.5849999999998,0,0.0,100000.0,0.0
2023-03-17,100000.0,1590.5949999999998,0,0.0,100000.0,0.0
2023-03-20,100000.0,1578.1949999999997,0,0.0,100000.0,0.0
2023-03-21,100000.0,1623.5949999999998,0,0.0,100000.0,0.0
2023-03-22,100000.0,1621.9449999999997,0,0.0,100000.0,0.0
2023-03-23,100000.0,1623.4549999999997,0,0.0,100000.0,0.0
2023-03-24,100000.0,1627.2149999999997,0,0.0,100000.0,0.0
2023-03-27,100000.0,1616.3849999999998,0,0.0,100000.0,0.0
2023-03-28,100000.0,1630.3949999999998,0,0.0,100000.0,0.0
2023-03-29,100000.0,1638.5949999999998,0,0.0,100000.0,0.0
2023-03-30,100000.0,1648.5949999999998,0,0.0,100000.0,0.0
2023-03-31,100000.0,1668.5949999999998,0,0.0,100000.0,0.0
2023-04-03,100000.0,1650.6649999999997,0,0.0,100000.0,0.0
2023-04-04,100000.0,1663.1849999999997,0,0.0,100000.0,0.0
2023-04-06,100000.0,1645.5549999999998,0,0.0,100000.0,0.0
2023-04-07,100000.0,1639.585,0,0.0,100000.0,0.0
2023-04-10,100000.0,1620.2949999999998,0,0.0,100000.0,0.0
2023-04-11,100000.0,1594.0949999999998,0,0.0,100000.0,0.0
2023-04-12,100000.0,1542.6949999999997,0,0.0,100000.0,0.0
2023-04-13,100000.0,1571.5949999999998,0,0.0,100000.0,0.0
2023-04-14,100000.0,1562.0149999999996,0,0.0,100000.0,0.0
2023-04-17,100000.0,1601.5949999999998,0,0.0,100000.0,0.0
2023-04-18,100000.0,1606.5949999999998,0,0.0,100000.0,0.0
2023-04-19,100000.0,1607.5949999999998,0,0.0,100000.0,0.0
2023-04-20,100000.0,1590.475,0,0.0,100000.0,0.0
2023-04-21,100000.0,1574.0649999999998,0,0.0,100000.0,0.0
2023-04-24,100000.0,1553.5949999999998,0,0.0,100000.0,0.0
2023-04-25,100000.0,1578.975,0,0.0,100000.0,0.0
2023-04-26,100000.0,1592.5049999999999,0,0.0,100000.0,0.0
2023-04-27,100000.0,1606.5149999999999,0,0.0,100000.0,0.0
2023-04-28,100000.0,1609.1149999999998,0,0.0,100000.0,0.0
2023-05-04,100000.0,1598.495,0,0.0,100000.0,0.0
2023-05-05,100000.0,1598.5949999999998,0,0.0,100000.0,0.0
2023-05-08,100000.0,1569.1149999999998,0,0.0,100000.0,0.0
2023-05-09,100000.0,1570.5949999999998,0,0.0,100000.0,0.0
2023-05-10,100000.0,1573.5949999999998,0,0.0,100000.0,0.0
2023-05-11,100000.0,1565.6649999999997,0,0.0,100000.0,0.0
2023-05-12,100000.0,1554.995,0,0.0,100000.0,0.0
2023-05-15,100000.0,1564.8949999999998,0,0.0,100000.0,0.0
2023-05-16,100000.0,1551.8849999999998,0,0.0,100000.0,0.0
2023-05-17,100000.0,1549.5949999999998,0,0.0,100000.0,0.0
2023-05-18,100000.0,1539.5949999999998,0,0.0,100000.0,0.0
2023-05-19,100000.0,1548.0949999999998,0,0.0,100000.0,0.0
2023-05-22,100000.0,1594.5949999999998,0,0.0,100000.0,0.0
2023-05-23,100000.0,1573.1449999999998,0,0.0,100000.0,0.0
2023-05-24,100000.0,1559.495,0,0.0,100000.0,0.0
2023-05-25,100000.0,1549.5949999999998,0,0.0,100000.0,0.0
2023-05-26,100000.0,1539.1549999999997,0,0.0,100000.0,0.0
2023-05-29,100000.0,1537.5949999999998,0,0.0,100000.0,0.0
2023-05-30,100000.0,1516.8849999999998,0,0.0,100000.0,0.0
2023-05-31,100000.0,1477.495,0,0.0,100000.0,0.0
2023-06-01,100000.0,1484.5149999999999,0,0.0,100000.0,0.0
2023-06-02,100000.0,1519.195,0,0.0,100000.0,0.0
2023-06-05,100000.0,1513.5949999999998,0,0.0,100000.0,0.0
2023-06-06,100000.0,1515.5849999999998,0,0.0,100000.0,0.0
2023-06-07,100000.0,1499.495,0,0.0,100000.0,0.0
2023-06-08,100000.0,1516.5949999999998,0,0.0,100000.0,0.0
2023-06-09,100000.0,1514.5949999999998,0,0.0,100000.0,0.0
2023-06-12,100000.0,1544.5949999999998,0,0.0,100000.0,0.0
2023-06-13,100000.0,1547.5949999999998,0,0.0,100000.0,0.0
2023-06-14,100000.0,1575.475,0,0.0,100000.0,0.0
2023-06-15,100000.0,1603.5949999999998,0,0.0,100000.0,0.0
2023-06-16,100000.0,1646.2849999999999,0,0.0,100000.0,0.0
2023-06-19,100000.0,1592.5949999999998,0,0.0,100000.0,0.0
2023-06-20,100000.0,1592.0549999999998,0,0.0,100000.0,0.0
2023-06-21,100000.0,1584.4249999999997,0,0.0,100000.0,0.0
2023-06-26,100000.0,1557.5949999999998,0,0.0,100000.0,0.0
2023-06-27,100000.0,1559.645,0,0.0,100000.0,0.0
2023-06-28,100000.0,1576.975,0,0.0,100000.0,0.0
2023-06-29,100000.0,1562.3049999999998,0,0.0,100000.0,0.0
2023-06-30,100000.0,1565.5059999999999,0,0.0,100000.0,0.0
2023-07-03,100000.0,1598.6059999999998,0,0.0,100000.0,0.0
2023-07-04,100000.0,1605.1059999999998,0,0.0,100000.0,0.0
2023-07-05,100000.0,1589.886,0,0.0,100000.0,0.0
2023-07-06,100000.0,1577.4859999999999,0,0.0,100000.0,0.0
2023-07-07,100000.0,1564.5359999999998,0,0.0,100000.0,0.0
2023-07-10,100000.0,1575.406,0,0.0,100000.0,0.0
2023-07-11,100000.0,1584.506,0,0.0,100000.0,0.0
2023-07-12,100000.0,1588.3059999999998,0,0.0,100000.0,0.0
2023-07-13,100000.0,1612.906,0,0.0,100000.0,0.0
2023-07-14,100000.0,1627.5059999999999,0,0.0,100000.0,0.0
2023-07-17,100000.0,1604.4759999999999,0,0.0,100000.0,0.0
2023-07-18,100000.0,1597.3059999999998,0,0.0,100000.0,0.0
2023-07-19,100000.0,1597.5059999999999,0,0.0,100000.0,0.0
2023-07-20,100000.0,1598.5059999999999,0,0.0,100000.0,0.0
2023-07-21,100000.0,1645.8059999999998,0,0.0,100000.0,0.0
2023-07-24,100000.0,1645.656,0,0.0,100000.0,0.0
2023-07-25,100000.0,1703.0559999999998,0,0.0,100000.0,0.0
2023-07-26,100000.0,1703.0559999999998,0,0.0,100000.0,0.0
2023-07-27,100000.0,1712.5359999999998,0,0.0,100000.0,0.0
2023-07-28,100000.0,1771.5059999999999,0,0.0,100000.0,0.0
2023-07-31,100000.0,1755.0859999999998,0,0.0,100000.0,0.0
2023-08-01,100000.0,1763.5059999999999,0,0.0,100000.0,0.0
2023-08-02,100000.0,1754.5059999999999,0,0.0,100000.0,0.0
2023-08-03,100000.0,1752.9759999999999,0,0.0,100000.0,0.0
2023-08-04,100000.0,1767.9759999999999,0,0.0,100000.0,0.0
2023-08-07,100000.0,1762.436,0,0.0,100000.0,0.0
2023-08-08,100000.0,1764.5059999999999,0,0.0,100000.0,0.0
2023-08-09,100000.0,1764.7859999999998,0,0.0,100000.0,0.0
2023-08-10,100000.0,1749.5059999999999,0,0.0,100000.0,0.0
2023-08-11,100000.0,1708.5059999999999,0,0.0,100000.0,0.0
2023-08-14,100000.0,1677.5059999999999,0,0.0,100000.0,0.0
2023-08-15,100000.0,1687.4859999999999,0,0.0,100000.0,0.0
2023-08-16,100000.0,1694.5059999999999,0,0.0,100000.0,0.0
2023-08-17,100000.0,1702.5559999999998,0,0.0,100000.0,0.0
2023-08-18,100000.0,1677.096,0,0.0,100000.0,0.0
2023-08-21,100000.0,1665.5059999999999,0,0.0,100000.0,0.0
2023-08-22,100000.0,1662.5059999999999,0,0.0,100000.0,0.0
2023-08-23,100000.0,1648.5059999999999,0,0.0,100000.0,0.0
2023-08-24,100000.0,1690.8059999999998,0,0.0,100000.0,0.0
2023-08-25,100000.0,1699.4859999999999,0,0.0,100000.0,0.0
2023-08-28,100000.0,1709.4759999999999,0,0.0,100000.0,0.0
2023-08-29,100000.0,1725.8359999999998,0,0.0,100000.0,0.0
2023-08-30,100000.0,1730.5059999999999,0,0.0,100000.0,0.0
2023-08-31,100000.0,1721.5059999999999,0,0.0,100000.0,0.0
2023-09-01,100000.0,1725.5559999999998,0,0.0,100000.0,0.0
2023-09-04,100000.0,1740.5059999999999,0,0.0,100000.0,0.0
2023-09-05,100000.0,1733.206,0,0.0,100000.0,0.0
2023-09-06,100000.0,1735.5059999999999,0,0.0,100000.0,0.0
2023-09-07,100000.0,1712.5059999999999,0,0.0,100000.0,0.0
2023-09-08,100000.0,1693.0059999999999,0,0.0,100000.0,0.0
2023-09-11,100000.0,1696.676,0,0.0,100000.0,0.0
2023-09-12,100000.0,1694.466,0,0.0,100000.0,0.0
2023-09-13,100000.0,1694.4159999999997,0,0.0,100000.0,0.0
2023-09-14,100000.0,1693.196,0,0.0,100000.0,0.0
2023-09-15,100000.0,1656.4959999999999,0,0.0,100000.0,0.0
2023-09-18,100000.0,1703.706,0,0.0,100000.0,0.0
2023-09-19,100000.0,1701.446,0,0.0,100000.0,0.0
2023-09-20,100000.0,1698.5059999999999,0,0.0,100000.0,0.0
2023-09-21,100000.0,1672.896,0,0.0,100000.0,0.0
2023-09-22,100000.0,1723.5059999999999,0,0.0,100000.0,0.0
2023-09-25,100000.0,1706.886,0,0.0,100000.0,0.0
2023-09-26,100000.0,1690.506,0,0.0,100000.0,0.0
2023-09-27,100000.0,1688.5059999999999,0,0.0,100000.0,0.0
2023-09-28,100000.0,1673.0559999999998,0,0.0,100000.0,0.0
2023-10-09,100000.0,1651.5059999999999,0,0.0,100000.0,0.0
2023-10-10,100000.0,1644.5059999999999,0,0.0,100000.0,0.0
2023-10-11,100000.0,1653.0059999999999,0,0.0,100000.0,0.0
2023-10-12,100000.0,1660.5059999999999,0,0.0,100000.0,0.0
2023-10-13,100000.0,1625.5059999999999,0,0.0,100000.0,0.0
2023-10-16,100000.0,1604.406,0,0.0,100000.0,0.0
2023-10-17,100000.0,1600.5059999999999,0,0.0,100000.0,0.0
2023-10-18,100000.0,1602.5059999999999,0,0.0,100000.0,0.0
2023-10-19,100000.0,1504.5059999999999,0,0.0,100000.0,0.0
2023-10-20,100000.0,1519.5059999999999,0,0.0,100000.0,0.0
2023-10-23,100000.0,1518.486,0,0.0,100000.0,0.0
2023-10-24,100000.0,1517.456,0,0.0,100000.0,0.0
2023-10-25,100000.0,1552.0059999999999,0,0.0,100000.0,0.0
2023-10-26,100000.0,1546.7359999999999,0,0.0,100000.0,0.0
2023-10-27,100000.0,1551.216,0,0.0,100000.0,0.0
2023-10-30,100000.0,1555.5059999999999,0,0.0,100000.0,0.0
2023-10-31,100000.0,1559.086,0,0.0,100000.0,0.0
2023-11-01,100000.0,1655.4959999999999,0,0.0,100000.0,0.0
2023-11-02,100000.0,1654.0059999999999,0,0.0,100000.0,0.0
2023-11-03,100000.0,1685.7459999999999,0,0.0,100000.0,0.0
2023-11-06,100000.0,1686.506,0,0.0,100000.0,0.0
2023-11-07,100000.0,1665.6759999999997,0,0.0,100000.0,0.0
2023-11-08,100000.0,1672.846,0,0.0,100000.0,0.0
2023-11-09,100000.0,1668.6159999999998,0,0.0,100000.0,0.0
2023-11-10,100000.0,1650.346,0,0.0,100000.0,0.0
2023-11-13,100000.0,1638.5059999999999,0,0.0,100000.0,0.0
2023-11-14,100000.0,1639.7759999999998,0,0.0,100000.0,0.0
2023-11-15,100000.0,1647.436,0,0.0,100000.0,0.0
2023-11-16,100000.0,1634.5559999999998,0,0.0,100000.0,0.0
2023-11-17,100000.0,1627.926,0,0.0,100000.0,0.0
2023-11-20,100000.0,1637.0059999999999,0,0.0,100000.0,0.0
2023-11-21,100000.0,1664.506,0,0.0,100000.0,0.0
2023-11-22,100000.0,1656.0159999999998,0,0.0,100000.0,0.0
2023-11-23,100000.0,1660.5059999999999,0,0.0,100000.0,0.0
2023-11-24,100000.0,1651.5059999999999,0,0.0,100000.0,0.0
2023-11-27,100000.0,1637.5059999999999,0,0.0,100000.0,0.0
2023-11-28,100000.0,1643.5459999999998,0,0.0,100000.0,0.0
2023-11-29,100000.0,1649.216,0,0.0,100000.0,0.0
2023-11-30,100000.0,1666.0059999999999,0,0.0,100000.0,0.0
2023-12-01,100000.0,1634.7859999999998,0,0.0,100000.0,0.0
2023-12-04,100000.0,1625.216,0,0.0,100000.0,0.0
2023-12-05,100000.0,1583.5059999999999,0,0.0,100000.0,0.0
2023-12-06,100000.0,1577.5059999999999,0,0.0,100000.0,0.0
2023-12-07,100000.0,1574.5059999999999,0,0.0,100000.0,0.0
2023-12-08,100000.0,1579.426,0,0.0,100000.0,0.0
2023-12-11,100000.0,1572.5059999999999,0,0.0,100000.0,0.0
2023-12-12,100000.0,1584.4959999999999,0,0.0,100000.0,0.0
2023-12-13,100000.0,1534.5059999999999,0,0.0,100000.0,0.0
2023-12-14,100000.0,1510.406,0,0.0,100000.0,0.0
2023-12-15,100000.0,1519.5059999999999,0,0.0,100000.0,0.0
2023-12-18,100000.0,1536.5059999999999,0,0.0,100000.0,0.0
2023-12-19,100000.0,1549.506,0,0.0,100000.0,0.0
2023-12-20,100000.0,1543.4019999999998,0,0.0,100000.0,0.0
2023-12-21,100000.0,1563.6119999999999,0,0.0,100000.0,0.0
2023-12-22,100000.0,1564.262,0,0.0,100000.0,0.0
2023-12-25,100000.0,1565.6119999999999,0,0.0,100000.0,0.0
2023-12-26,100000.0,1563.6119999999999,0,0.0,100000.0,0.0
2023-12-27,100000.0,1560.6719999999998,0,0.0,100000.0,0.0
2023-12-28,100000.0,1618.6019999999999,0,0.0,100000.0,0.0
2023-12-29,100000.0,1619.6119999999999,0,0.0,100000.0,0.0
2024-01-02,100000.0,1578.622,0,0.0,100000.0,0.0
2024-01-03,100000.0,1587.6119999999999,0,0.0,100000.0,0.0
2024-01-04,100000.0,1562.6119999999999,0,0.0,100000.0,0.0
2024-01-05,100000.0,1556.972,0,0.0,100000.0,0.0
2024-01-08,100000.0,1537.6019999999999,0,0.0,100000.0,0.0
2024-01-09,100000.0,1534.6119999999999,0,0.0,100000.0,0.0
2024-01-10,100000.0,1535.1119999999999,0,0.0,100000.0,0.0
2024-01-11,100000.0,1540.1819999999998,0,0.0,100000.0,0.0
2024-01-12,100000.0,1536.672,0,0.0,100000.0,0.0
2024-01-15,100000.0,1533.6119999999999,0,0.0,100000.0,0.0
2024-01-16,100000.0,1533.042,0,0.0,100000.0,0.0
2024-01-17,100000.0,1470.6119999999999,0,0.0,100000.0,0.0
2024-01-18,100000.0,1504.4819999999997,0,0.0,100000.0,0.0
2024-01-19,100000.0,1528.6119999999999,0,0.0,100000.0,0.0
2024-01-22,100000.0,1535.6119999999999,0,0.0,100000.0,0.0
2024-01-23,100000.0,1512.6119999999999,0,0.0,100000.0,0.0
2024-01-24,100000.0,1519.6119999999999,0,0.0,100000.0,0.0
2024-01-25,100000.0,1531.6119999999999,0,0.0,100000.0,0.0
2024-01-26,100000.0,1530.9319999999998,0,0.0,100000.0,0.0
2024-01-29,100000.0,1543.6119999999999,0,0.0,100000.0,0.0
2024-01-30,100000.0,1506.6119999999999,0,0.0,100000.0,0.0
2024-01-31,100000.0,1498.522,0,0.0,100000.0,0.0
2024-02-01,100000.0,1503.6419999999998,0,0.0,100000.0,0.0
2024-02-02,100000.0,1489.6119999999999,0,0.0,100000.0,0.0
2024-02-05,100000.0,1523.6219999999998,0,0.0,100000.0,0.0
2024-02-06,100000.0,1569.612,0,0.0,100000.0,0.0
2024-02-07,100000.0,1604.602,0,0.0,100000.0,0.0
2024-02-08,100000.0,1599.6119999999999,0,0.0,100000.0,0.0
2024-02-19,100000.0,1589.042,0,0.0,100000.0,0.0
2024-02-20,100000.0,1563.6119999999999,0,0.0,100000.0,0.0
2024-02-21,100000.0,1611.272,0,0.0,100000.0,0.0
2024-02-22,100000.0,1611.9919999999997,0,0.0,100000.0,0.0
2024-02-23,100000.0,1607.7019999999998,0,0.0,100000.0,0.0
2024-02-26,100000.0,1588.5919999999999,0,0.0,100000.0,0.0
2024-02-27,100000.0,1583.1119999999999,0,0.0,100000.0,0.0
2024-02-28,100000.0,1575.1619999999998,0,0.0,100000.0,0.0
2024-02-29,100000.0,1588.6119999999999,0,0.0,100000.0,0.0
2024-03-01,100000.0,1578.672,0,0.0,100000.0,0.0
2024-03-04,100000.0,1569.9119999999998,0,0.0,100000.0,0.0
2024-03-05,100000.0,1588.712,0,0.0,100000.0,0.0
2024-03-06,100000.0,1574.1619999999998,0,0.0,100000.0,0.0
2024-03-07,100000.0,1577.242,0,0.0,100000.0,0.0
2024-03-08,100000.0,1565.042,0,0.0,100000.0,0.0
2024-03-11,100000.0,1588.1019999999999,0,0.0,100000.0,0.0
2024-03-12,100000.0,1638.6119999999999,0,0.0,100000.0,0.0
2024-03-13,100000.0,1621.062,0,0.0,100000.0,0.0
2024-03-14,100000.0,1610.242,0,0.0,100000.0,0.0
2024-03-15,100000.0,1611.1019999999999,0,0.0,100000.0,0.0
2024-03-18,100000.0,1601.8719999999998,0,0.0,100000.0,0.0
2024-03-19,100000.0,1601.632,0,0.0,100000.0,0.0
2024-03-20,100000.0,1603.2119999999998,0,0.0,100000.0,0.0
2024-03-21,100000.0,1602.6119999999999,0,0.0,100000.0,0.0
2024-03-22,100000.0,1594.9619999999998,0,0.0,100000.0,0.0
2024-03-25,100000.0,1582.6219999999998,0,0.0,100000.0,0.0
2024-03-26,100000.0,1602.9019999999998,0,0.0,100000.0,0.0
2024-03-27,100000.0,1594.6119999999999,0,0.0,100000.0,0.0
2024-03-28,100000.0,1595.252,0,0.0,100000.0,0.0
2024-03-29,100000.0,1596.512,0,0.0,100000.0,0.0
2024-04-01,100000.0,1614.942,0,0.0,100000.0,0.0
2024-04-02,100000.0,1607.6019999999999,0,0.0,100000.0,0.0
2024-04-03,100000.0,1608.7219999999998,0,0.0,100000.0,0.0
2024-04-08,100000.0,1560.272,0,0.0,100000.0,0.0
2024-04-09,100000.0,1555.8319999999999,0,0.0,100000.0,0.0
2024-04-10,100000.0,1541.5919999999999,0,0.0,100000.0,0.0
2024-04-11,100000.0,1541.6119999999999,0,0.0,100000.0,0.0
2024-04-12,100000.0,1527.6419999999998,0,0.0,100000.0,0.0
2024-04-15,100000.0,1566.5919999999999,0,0.0,100000.0,0.0
2024-04-16,100000.0,1563.6119999999999,0,0.0,100000.0,0.0
2024-04-17,100000.0,1560.6119999999999,0,0.0,100000.0,0.0
2024-04-18,100000.0,1564.3919999999998,0,0.0,100000.0,0.0
2024-04-19,100000.0,1540.2519999999997,0,0.0,100000.0,0.0
2024-04-22,100000.0,1568.6719999999998,0,0.0,100000.0,0.0
2024-04-23,100000.0,1585.8919999999998,0,0.0,100000.0,0.0
2024-04-24,100000.0,1587.2119999999998,0,0.0,100000.0,0.0
2024-04-25,100000.0,1586.6519999999998,0,0.0,100000.0,0.0
2024-04-26,100000.0,1603.042,0,0.0,100000.0,0.0
2024-04-29,100000.0,1597.6119999999999,0,0.0,100000.0,0.0
2024-04-30,100000.0,1598.6119999999999,0,0.0,100000.0,0.0
2024-05-06,100000.0,1653.812,0,0.0,100000.0,0.0
2024-05-07,100000.0,1663.6119999999999,0,0.0,100000.0,0.0
2024-05-08,100000.0,1657.5819999999999,0,0.0,100000.0,0.0
2024-05-09,100000.0,1649.6119999999999,0,0.0,100000.0,0.0
2024-05-10,100000.0,1632.5919999999999,0,0.0,100000.0,0.0
2024-05-13,100000.0,1599.6119999999999,0,0.0,100000.0,0.0
2024-05-14,100000.0,1595.5919999999999,0,0.0,100000.0,0.0
2024-05-15,100000.0,1593.612,0,0.0,100000.0,0.0
2024-05-16,100000.0,1598.1119999999999,0,0.0,100000.0,0.0
2024-05-17,100000.0,1608.6119999999999,0,0.0,100000.0,0.0
2024-05-20,100000.0,1602.612,0,0.0,100000.0,0.0
2024-05-21,100000.0,1598.6119999999999,0,0.0,100000.0,0.0
2024-05-22,100000.0,1591.322,0,0.0,100000.0,0.0
2024-05-23,100000.0,1585.6219999999998,0,0.0,100000.0,0.0
2024-05-24,100000.0,1570.6919999999998,0,0.0,100000.0,0.0
2024-05-27,100000.0,1563.7319999999997,0,0.0,100000.0,0.0
2024-05-28,100000.0,1558.252,0,0.0,100000.0,0.0
2024-05-29,100000.0,1567.6119999999999,0,0.0,100000.0,0.0
2024-05-30,100000.0,1542.6119999999999,0,0.0,100000.0,0.0
2024-05-31,100000.0,1542.062,0,0.0,100000.0,0.0
2024-06-03,100000.0,1533.002,0,0.0,100000.0,0.0
2024-06-04,100000.0,1546.812,0,0.0,100000.0,0.0
2024-06-05,100000.0,1537.6119999999999,0,0.0,100000.0,0.0
2024-06-06,100000.0,1533.422,0,0.0,100000.0,0.0
2024-06-07,100000.0,1512.792,0,0.0,100000.0,0.0
2024-06-11,100000.0,1462.6119999999999,0,0.0,100000.0,0.0
2024-06-12,100000.0,1465.292,0,0.0,100000.0,0.0
2024-06-13,100000.0,1448.6219999999998,0,0.0,100000.0,0.0
2024-06-14,100000.0,1448.6119999999999,0,0.0,100000.0,0.0
2024-06-17,100000.0,1435.1119999999999,0,0.0,100000.0,0.0
2024-06-18,100000.0,1415.1119999999999,0,0.0,100000.0,0.0
2024-06-19,100000.0,1425.488,0,0.0,100000.0,0.0
2024-06-20,100000.0,1424.5879999999997,0,0.0,100000.0,0.0
2024-06-21,100000.0,1395.4879999999998,0,0.0,100000.0,0.0
2024-06-24,100000.0,1401.0379999999998,0,0.0,100000.0,0.0
2024-06-25,100000.0,1411.138,0,0.0,100000.0,0.0
2024-06-26,100000.0,1413.7079999999999,0,0.0,100000.0,0.0
2024-06-27,100000.0,1414.9779999999998,0,0.0,100000.0,0.0
2024-06-28,100000.0,1391.878,0,0.0,100000.0,0.0
2024-07-01,100000.0,1364.868,0,0.0,100000.0,0.0
2024-07-02,100000.0,1415.1879999999999,0,0.0,100000.0,0.0
2024-07-03,100000.0,1424.4879999999998,0,0.0,100000.0,0.0
2024-07-04,100000.0,1410.2279999999998,0,0.0,100000.0,0.0
2024-07-05,100000.0,1377.4879999999998,0,0.0,100000.0,0.0
2024-07-08,100000.0,1344.4879999999998,0,0.0,100000.0,0.0
2024-07-09,100000.0,1362.518,0,0.0,100000.0,0.0
2024-07-10,100000.0,1362.0779999999997,0,0.0,100000.0,0.0
2024-07-11,100000.0,1386.578,0,0.0,100000.0,0.0
2024-07-12,100000.0,1403.3079999999998,0,0.0,100000.0,0.0
2024-07-15,100000.0,1399.388,0,0.0,100000.0,0.0
2024-07-16,100000.0,1400.4879999999998,0,0.0,100000.0,0.0
2024-07-17,100000.0,1425.888,0,0.0,100000.0,0.0
2024-07-18,100000.0,1421.9979999999998,0,0.0,100000.0,0.0
2024-07-19,100000.0,1450.1079999999997,0,0.0,100000.0,0.0
2024-07-22,100000.0,1423.4879999999998,0,0.0,100000.0,0.0
2024-07-23,100000.0,1379.4879999999998,0,0.0,100000.0,0.0
2024-07-24,100000.0,1364.5079999999998,0,0.0,100000.0,0.0
2024-07-25,100000.0,1354.9779999999998,0,0.0,100000.0,0.0
2024-07-26,100000.0,1346.6779999999999,0,0.0,100000.0,0.0
2024-07-29,100000.0,1322.5079999999998,0,0.0,100000.0,0.0
2024-07-30,100000.0,1304.4779999999998,0,0.0,100000.0,0.0
2024-07-31,100000.0,1345.768,0,0.0,100000.0,0.0
2024-08-01,100000.0,1310.648,0,0.0,100000.0,0.0
2024-08-02,100000.0,1309.9379999999999,0,0.0,100000.0,0.0
2024-08-05,100000.0,1334.4979999999998,0,0.0,100000.0,0.0
2024-08-06,100000.0,1329.1879999999999,0,0.0,100000.0,0.0
2024-08-07,100000.0,1339.9879999999998,0,0.0,100000.0,0.0
2024-08-08,100000.0,1355.1779999999999,0,0.0,100000.0,0.0
2024-08-09,100000.0,1361.2879999999998,0,0.0,100000.0,0.0
2024-08-12,100000.0,1360.5879999999997,0,0.0,100000.0,0.0
2024-08-13,100000.0,1347.4979999999998,0,0.0,100000.0,0.0
2024-08-14,100000.0,1337.7879999999998,0,0.0,100000.0,0.0
2024-08-15,100000.0,1351.378,0,0.0,100000.0,0.0
2024-08-16,100000.0,1355.6879999999999,0,0.0,100000.0,0.0
2024-08-19,100000.0,1349.9279999999999,0,0.0,100000.0,0.0
2024-08-20,100000.0,1347.2079999999999,0,0.0,100000.0,0.0
2024-08-21,100000.0,1342.068,0,0.0,100000.0,0.0
2024-08-22,100000.0,1334.5379999999998,0,0.0,100000.0,0.0
2024-08-23,100000.0,1339.4779999999998,0,0.0,100000.0,0.0
2024-08-26,100000.0,1336.4879999999998,0,0.0,100000.0,0.0
2024-08-27,100000.0,1328.558,0,0.0,100000.0,0.0
2024-08-28,100000.0,1313.4879999999998,0,0.0,100000.0,0.0
2024-08-29,100000.0,1337.7879999999998,0,0.0,100000.0,0.0
2024-08-30,100000.0,1367.6779999999999,0,0.0,100000.0,0.0
2024-09-02,100000.0,1319.4879999999998,0,0.0,100000.0,0.0
2024-09-03,100000.0,1334.4879999999998,0,0.0,100000.0,0.0
2024-09-04,100000.0,1324.4879999999998,0,0.0,100000.0,0.0
2024-09-05,100000.0,1329.368,0,0.0,100000.0,0.0
2024-09-06,100000.0,1322.4879999999998,0,0.0,100000.0,0.0
2024-09-09,100000.0,1299.4879999999998,0,0.0,100000.0,0.0
2024-09-10,100000.0,1302.4879999999998,0,0.0,100000.0,0.0
2024-09-11,100000.0,1304.4879999999998,0,0.0,100000.0,0.0
2024-09-12,100000.0,1259.548,0,0.0,100000.0,0.0
2024-09-13,100000.0,1228.6179999999997,0,0.0,100000.0,0.0
2024-09-18,100000.0,1191.388,0,0.0,100000.0,0.0
2024-09-19,100000.0,1185.4879999999998,0,0.0,100000.0,0.0
2024-09-20,100000.0,1188.408,0,0.0,100000.0,0.0
2024-09-23,100000.0,1186.028,0,0.0,100000.0,0.0
2024-09-24,100000.0,1297.0879999999997,0,0.0,100000.0,0.0
2024-09-25,100000.0,1323.4879999999998,0,0.0,100000.0,0.0
2024-09-26,100000.0,1453.4879999999998,0,0.0,100000.0,0.0
2024-09-27,100000.0,1553.6879999999999,0,0.0,100000.0,0.0
2024-09-30,100000.0,1672.4879999999998,0,0.0,100000.0,0.0
2024-10-08,100000.0,1647.4879999999998,0,0.0,100000.0,0.0
2024-10-09,100000.0,1519.638,0,0.0,100000.0,0.0
2024-10-10,100000.0,1564.4879999999998,0,0.0,100000.0,0.0
2024-10-11,100000.0,1529.4779999999998,0,0.0,100000.0,0.0
2024-10-14,100000.0,1526.4779999999998,0,0.0,100000.0,0.0
2024-10-15,100000.0,1478.7379999999998,0,0.0,100000.0,0.0
2024-10-16,100000.0,1446.9879999999998,0,0.0,100000.0,0.0
2024-10-17,100000.0,1419.088,0,0.0,100000.0,0.0
2024-10-18,100000.0,1465.4879999999998,0,0.0,100000.0,0.0
2024-10-21,100000.0,1453.2879999999998,0,0.0,100000.0,0.0
2024-10-22,100000.0,1467.4879999999998,0,0.0,100000.0,0.0
2024-10-23,100000.0,1491.9879999999998,0,0.0,100000.0,0.0
2024-10-24,100000.0,1476.6879999999999,0,0.0,100000.0,0.0
2024-10-25,100000.0,1483.3379999999997,0,0.0,100000.0,0.0
2024-10-28,100000.0,1489.4879999999998,0,0.0,100000.0,0.0
2024-10-29,100000.0,1456.1079999999997,0,0.0,100000.0,0.0
2024-10-30,100000.0,1456.4879999999998,0,0.0,100000.0,0.0
2024-10-31,100000.0,1452.2779999999998,0,0.0,100000.0,0.0
2024-11-01,100000.0,1458.2379999999998,0,0.0,100000.0,0.0
2024-11-04,100000.0,1472.6879999999999,0,0.0,100000.0,0.0
2024-11-05,100000.0,1501.4779999999998,0,0.0,100000.0,0.0
2024-11-06,100000.0,1495.4879999999998,0,0.0,100000.0,0.0
2024-11-07,100000.0,1573.6279999999997,0,0.0,100000.0,0.0
2024-11-08,100000.0,1534.4579999999999,0,0.0,100000.0,0.0
2024-11-11,100000.0,1522.4979999999998,0,0.0,100000.0,0.0
2024-11-12,100000.0,1501.6879999999999,0,0.0,100000.0,0.0
2024-11-13,100000.0,1502.9879999999998,0,0.0,100000.0,0.0
2024-11-14,100000.0,1498.288,0,0.0,100000.0,0.0
2024-11-15,100000.0,1483.4879999999998,0,0.0,100000.0,0.0
2024-11-18,100000.0,1483.4879999999998,0,0.0,100000.0,0.0
2024-11-19,100000.0,1466.408,0,0.0,100000.0,0.0
2024-11-20,100000.0,1469.2979999999998,0,0.0,100000.0,0.0
2024-11-21,100000.0,1469.618,0,0.0,100000.0,0.0
2024-11-22,100000.0,1432.3079999999998,0,0.0,100000.0,0.0
2024-11-25,100000.0,1423.058,0,0.0,100000.0,0.0
2024-11-26,100000.0,1433.4879999999998,0,0.0,100000.0,0.0
2024-11-27,100000.0,1443.5379999999998,0,0.0,100000.0,0.0
2024-11-28,100000.0,1442.4879999999998,0,0.0,100000.0,0.0
2024-11-29,100000.0,1450.2279999999998,0,0.0,100000.0,0.0
2024-12-02,100000.0,1449.488,0,0.0,100000.0,0.0
2024-12-03,100000.0,1451.2279999999998,0,0.0,100000.0,0.0
2024-12-04,100000.0,1444.4879999999998,0,0.0,100000.0,0.0
2024-12-05,100000.0,1435.4879999999998,0,0.0,100000.0,0.0
2024-12-06,100000.0,1445.4979999999998,0,0.0,100000.0,0.0
2024-12-09,100000.0,1443.2879999999998,0,0.0,100000.0,0.0
2024-12-10,100000.0,1471.078,0,0.0,100000.0,0.0
2024-12-11,100000.0,1460.0879999999997,0,0.0,100000.0,0.0
2024-12-12,100000.0,1490.2879999999998,0,0.0,100000.0,0.0
2024-12-13,100000.0,1443.4879999999998,0,0.0,100000.0,0.0
2024-12-16,100000.0,1451.6879999999999,0,0.0,100000.0,0.0
2024-12-17,100000.0,1482.4879999999998,0,0.0,100000.0,0.0
2024-12-18,100000.0,1495.988,0,0.0,100000.0,0.0
2024-12-19,100000.0,1475.4979999999998,0,0.0,100000.0,0.0
2024-12-20,100000.0,1470.37,0,0.0,100000.0,0.0
2024-12-23,100000.0,1474.82,0,0.0,100000.0,0.0
2024-12-24,100000.0,1487.1899999999998,0,0.0,100000.0,0.0
2024-12-25,100000.0,1478.3700000000001,0,0.0,100000.0,0.0
2024-12-26,100000.0,1476.1599999999999,0,0.0,100000.0,0.0
2024-12-27,100000.0,1477.34,0,0.0,100000.0,0.0
2024-12-30,100000.0,1473.37,0,0.0,100000.0,0.0
2024-12-31,100000.0,1472.37,0,0.0,100000.0,0.0
2025-01-02,100000.0,1436.37,0,0.0,100000.0,0.0
2025-01-03,100000.0,1423.37,0,0.0,100000.0,0.0
2025-01-06,100000.0,1388.37,0,0.0,100000.0,0.0
2025-01-07,100000.0,1388.57,0,0.0,100000.0,0.0
2025-01-08,100000.0,1390.87,0,0.0,100000.0,0.0
2025-01-09,100000.0,1392.37,0,0.0,100000.0,0.0
2025-01-10,100000.0,1384.37,0,0.0,100000.0,0.0
2025-01-13,100000.0,1392.35,0,0.0,100000.0,0.0
2025-01-14,100000.0,1420.87,0,0.0,100000.0,0.0
2025-01-15,100000.0,1419.6399999999999,0,0.0,100000.0,0.0
2025-01-16,100000.0,1394.75,0,0.0,100000.0,0.0
2025-01-17,100000.0,1403.12,0,0.0,100000.0,0.0
2025-01-20,100000.0,1423.1699999999998,0,0.0,100000.0,0.0
2025-01-21,100000.0,1416.52,0,0.0,100000.0,0.0
2025-01-22,100000.0,1389.37,0,0.0,100000.0,0.0
2025-01-23,100000.0,1391.37,0,0.0,100000.0,0.0
2025-01-24,100000.0,1384.37,0,0.0,100000.0,0.0
2025-01-27,100000.0,1383.36,0,0.0,100000.0,0.0
2025-02-05,100000.0,1352.1699999999998,0,0.0,100000.0,0.0
2025-02-06,100000.0,1361.2099999999998,0,0.0,100000.0,0.0
2025-02-07,100000.0,1384.37,0,0.0,100000.0,0.0
2025-02-10,100000.0,1379.8799999999999,0,0.0,100000.0,0.0
2025-02-11,100000.0,1366.37,0,0.0,100000.0,0.0
2025-02-12,100000.0,1391.37,0,0.0,100000.0,0.0
2025-02-13,100000.0,1413.4299999999998,0,0.0,100000.0,0.0
2025-02-14,100000.0,1423.37,0,0.0,100000.0,0.0
2025-02-17,100000.0,1419.99,0,0.0,100000.0,0.0
2025-02-18,100000.0,1423.37,0,0.0,100000.0,0.0
2025-02-19,100000.0,1439.37,0,0.0,100000.0,0.0
2025-02-20,100000.0,1422.37,0,0.0,100000.0,0.0
2025-02-21,100000.0,1436.58,0,0.0,100000.0,0.0
2025-02-24,100000.0,1427.4399999999998,0,0.0,100000.0,0.0
2025-02-25,100000.0,1402.37,0,0.0,100000.0,0.0
2025-02-26,100000.0,1408.3799999999999,0,0.0,100000.0,0.0
2025-02-27,100000.0,1433.9299999999998,0,0.0,100000.0,0.0
2025-02-28,100000.0,1449.1599999999999,0,0.0,100000.0,0.0
2025-03-03,100000.0,1435.3899999999999,0,0.0,100000.0,0.0
2025-03-04,100000.0,1418.48,0,0.0,100000.0,0.0
2025-03-05,100000.0,1414.74,0,0.0,100000.0,0.0
2025-03-06,100000.0,1454.35,0,0.0,100000.0,0.0
2025-03-07,100000.0,1469.37,0,0.0,100000.0,0.0
2025-03-10,100000.0,1471.27,0,0.0,100000.0,0.0
2025-03-11,100000.0,1497.05,0,0.0,100000.0,0.0
2025-03-12,100000.0,1490.95,0,0.0,100000.0,0.0
2025-03-13,100000.0,1486.14,0,0.0,100000.0,0.0
2025-03-14,100000.0,1576.3799999999999,0,0.0,100000.0,0.0
2025-03-17,100000.0,1586.23,0,0.0,100000.0,0.0
2025-03-18,100000.0,1572.37,0,0.0,100000.0,0.0
2025-03-19,100000.0,1584.08,0,0.0,100000.0,0.0
2025-03-20,100000.0,1552.37,0,0.0,100000.0,0.0
2025-03-21,100000.0,1522.12,0,0.0,100000.0,0.0
2025-03-24,100000.0,1531.37,0,0.0,100000.0,0.0
2025-03-25,100000.0,1523.87,0,0.0,100000.0,0.0
2025-03-26,100000.0,1524.37,0,0.0,100000.0,0.0
2025-03-27,100000.0,1537.37,0,0.0,100000.0,0.0
2025-03-28,100000.0,1533.58,0,0.0,100000.0,0.0
2025-03-31,100000.0,1509.37,0,0.0,100000.0,0.0
2025-04-01,100000.0,1504.3899999999999,0,0.0,100000.0,0.0
2025-04-02,100000.0,1497.3899999999999,0,0.0,100000.0,0.0
2025-04-03,100000.0,1517.2499999999998,0,0.0,100000.0,0.0
2025-04-07,100000.0,1448.37,0,0.0,100000.0,0.0
2025-04-08,100000.0,1493.37,0,0.0,100000.0,0.0
2025-04-09,100000.0,1489.4099999999999,0,0.0,100000.0,0.0
2025-04-10,100000.0,1497.37,0,0.0,100000.0,0.0
2025-04-11,100000.0,1517.35,0,0.0,100000.0,0.0
2025-04-14,100000.0,1500.36,0,0.0,100000.0,0.0
2025-04-15,100000.0,1506.37,0,0.0,100000.0,0.0
2025-04-16,100000.0,1507.54,0,0.0,100000.0,0.0
2025-04-17,100000.0,1518.37,0,0.0,100000.0,0.0
2025-04-18,100000.0,1514.31,0,0.0,100000.0,0.0
2025-04-21,100000.0,1499.37,0,0.0,100000.0,0.0
2025-04-22,100000.0,1497.1699999999998,0,0.0,100000.0,0.0
2025-04-23,100000.0,1500.37,0,0.0,100000.0,0.0
2025-04-24,100000.0,1500.62,0,0.0,100000.0,0.0
2025-04-25,100000.0,1498.37,0,0.0,100000.0,0.0
2025-04-28,100000.0,1498.3700000000001,0,0.0,100000.0,0.0
2025-04-29,100000.0,1492.37,0,0.0,100000.0,0.0
2025-04-30,100000.0,1495.37,0,0.0,100000.0,0.0
2025-05-06,100000.0,1498.5699999999997,0,0.0,100000.0,0.0
2025-05-07,100000.0,1503.37,0,0.0,100000.0,0.0
2025-05-08,100000.0,1526.5599999999997,0,0.0,100000.0,0.0
2025-05-09,100000.0,1539.55,0,0.0,100000.0,0.0
2025-05-12,100000.0,1552.8700000000001,0,0.0,100000.0,0.0
2025-05-13,100000.0,1538.67,0,0.0,100000.0,0.0
2025-05-14,100000.0,1583.36,0,0.0,100000.0,0.0
2025-05-15,100000.0,1580.38,0,0.0,100000.0,0.0
2025-05-16,100000.0,1562.5,0,0.0,100000.0,0.0
2025-05-19,100000.0,1527.35,0,0.0,100000.0,0.0
2025-05-20,100000.0,1534.3700000000001,0,0.0,100000.0,0.0
2025-05-21,100000.0,1529.34,0,0.0,100000.0,0.0
2025-05-22,100000.0,1528.3700000000001,0,0.0,100000.0,0.0
2025-05-23,100000.0,1520.97,0,0.0,100000.0,0.0
2025-05-26,100000.0,1498.87,0,0.0,100000.0,0.0
2025-05-27,100000.0,1492.27,0,0.0,100000.0,0.0
2025-05-28,100000.0,1485.37,0,0.0,100000.0,0.0
2025-05-29,100000.0,1488.37,0,0.0,100000.0,0.0
2025-05-30,100000.0,1470.37,0,0.0,100000.0,0.0
2025-06-03,100000.0,1457.37,0,0.0,100000.0,0.0
2025-06-04,100000.0,1458.33,0,0.0,100000.0,0.0
2025-06-05,100000.0,1462.37,0,0.0,100000.0,0.0
2025-06-06,100000.0,1454.76,0,0.0,100000.0,0.0
2025-06-09,100000.0,1434.48,0,0.0,100000.0,0.0
2025-06-10,100000.0,1423.3799999999999,0,0.0,100000.0,0.0
2025-06-11,100000.0,1428.3700000000001,0,0.0,100000.0,0.0
2025-06-12,100000.0,1407.3700000000001,0,0.0,100000.0,0.0
2025-06-13,100000.0,1375.32,0,0.0,100000.0,0.0
2025-06-16,100000.0,1370.6599999999999,0,0.0,100000.0,0.0
2025-06-17,100000.0,1375.37,0,0.0,100000.0,0.0
2025-06-18,100000.0,1373.37,0,0.0,100000.0,0.0
2025-06-19,100000.0,1374.37,0,0.0,100000.0,0.0
2025-06-20,100000.0,1377.03,0,0.0,100000.0,0.0
2025-06-23,100000.0,1368.37,0,0.0,100000.0,0.0
2025-06-24,100000.0,1385.57,0,0.0,100000.0,0.0
2025-06-25,100000.0,1384.2299999999998,0,0.0,100000.0,0.0
2025-06-26,100000.0,1396.043,0,0.0,100000.0,0.0
2025-06-27,100000.0,1379.1329999999998,0,0.0,100000.0,0.0
2025-06-30,100000.0,1385.5629999999999,0,0.0,100000.0,0.0
2025-07-01,100000.0,1381.1429999999998,0,0.0,100000.0,0.0
2025-07-02,100000.0,1385.6429999999998,0,0.0,100000.0,0.0
2025-07-03,100000.0,1391.6429999999998,0,0.0,100000.0,0.0
2025-07-04,100000.0,1398.263,0,0.0,100000.0,0.0
2025-07-07,100000.0,1386.743,0,0.0,100000.0,0.0
2025-07-08,100000.0,1392.153,0,0.0,100000.0,0.0
2025-07-09,100000.0,1394.923,0,0.0,100000.0,0.0
2025-07-10,100000.0,1402.543,0,0.0,100000.0,0.0
2025-07-11,100000.0,1403.043,0,0.0,100000.0,0.0
2025-07-14,100000.0,1399.643,0,0.0,100000.0,0.0
2025-07-15,100000.0,1387.043,0,0.0,100000.0,0.0
2025-07-16,100000.0,1387.0729999999999,0,0.0,100000.0,0.0
2025-07-17,100000.0,1392.393,0,0.0,100000.0,0.0
2025-07-18,100000.0,1413.043,0,0.0,100000.0,0.0
2025-07-21,100000.0,1419.043,0,0.0,100000.0,0.0
2025-07-22,100000.0,1441.023,0,0.0,100000.0,0.0
2025-07-23,100000.0,1451.543,0,0.0,100000.0,0.0
2025-07-24,100000.0,1467.543,0,0.0,100000.0,0.0
2025-07-25,100000.0,1431.043,0,0.0,100000.0,0.0
2025-07-28,100000.0,1414.7029999999997,0,0.0,100000.0,0.0
2025-07-29,100000.0,1415.043,0,0.0,100000.0,0.0
2025-07-30,100000.0,1425.483,0,0.0,100000.0,0.0
2025-07-31,100000.0,1397.713,0,0.0,100000.0,0.0
2025-08-01,100000.0,1393.043,0,0.0,100000.0,0.0
2025-08-04,100000.0,1395.043,0,0.0,100000.0,0.0
2025-08-05,100000.0,1403.7830000000001,0,0.0,100000.0,0.0
2025-08-06,100000.0,1399.9229999999998,0,0.0,100000.0,0.0
2025-08-07,100000.0,1398.3929999999998,0,0.0,100000.0,0.0
2025-08-08,100000.0,1397.013,0,0.0,100000.0,0.0
2025-08-11,100000.0,1421.043,0,0.0,100000.0,0.0
2025-08-12,100000.0,1413.0829999999999,0,0.0,100000.0,0.0
2025-08-13,100000.0,1396.0929999999998,0,0.0,100000.0,0.0
2025-08-14,100000.0,1403.033,0,0.0,100000.0,0.0
2025-08-15,100000.0,1398.1229999999998,0,0.0,100000.0,0.0
2025-08-18,100000.0,1404.5430000000001,0,0.0,100000.0,0.0
2025-08-19,100000.0,1414.043,0,0.0,100000.0,0.0
2025-08-20,100000.0,1426.043,0,0.0,100000.0,0.0
2025-08-21,100000.0,1424.293,0,0.0,100000.0,0.0
2025-08-22,100000.0,1439.993,0,0.0,100000.0,0.0
2025-08-25,100000.0,1466.3729999999998,0,0.0,100000.0,0.0
2025-08-26,100000.0,1457.6529999999998,0,0.0,100000.0,0.0
2025-08-27,100000.0,1424.043,0,0.0,100000.0,0.0
2025-08-28,100000.0,1422.1429999999998,0,0.0,100000.0,0.0
2025-08-29,100000.0,1456.043,0,0.0,100000.0,0.0
2025-09-01,100000.0,1452.143,0,0.0,100000.0,0.0
2025-09-02,100000.0,1467.3429999999998,0,0.0,100000.0,0.0
2025-09-03,100000.0,1456.5929999999998,0,0.0,100000.0,0.0
2025-09-04,100000.0,1448.703,0,0.0,100000.0,0.0
2025-09-05,100000.0,1459.043,0,0.0,100000.0,0.0
2025-09-08,100000.0,1477.273,0,0.0,100000.0,0.0
2025-09-09,100000.0,1481.043,0,0.0,100000.0,0.0
2025-09-10,100000.0,1498.0529999999999,0,0.0,100000.0,0.0
2025-09-11,100000.0,1499.543,0,0.0,100000.0,0.0
2025-09-12,100000.0,1492.043,0,0.0,100000.0,0.0
2025-09-15,100000.0,1491.1429999999998,0,0.0,100000.0,0.0
2025-09-16,100000.0,1476.023,0,0.0,100000.0,0.0
2025-09-17,100000.0,1469.043,0,0.0,100000.0,0.0
2025-09-18,100000.0,1444.003,0,0.0,100000.0,0.0
2025-09-19,100000.0,1444.013,0,0.0,100000.0,0.0
2025-09-22,100000.0,1429.3929999999998,0,0.0,100000.0,0.0
2025-09-23,100000.0,1423.463,0,0.0,100000.0,0.0
2025-09-24,100000.0,1418.043,0,0.0,100000.0,0.0
2025-09-25,100000.0,1415.043,0,0.0,100000.0,0.0
2025-09-26,100000.0,1411.043,0,0.0,100000.0,0.0
2025-09-29,100000.0,1436.9029999999998,0,0.0,100000.0,0.0
2025-09-30,100000.0,1420.033,0,0.0,100000.0,0.0
2025-10-09,100000.0,1412.8229999999999,0,0.0,100000.0,0.0
2025-10-10,100000.0,1406.043,0,0.0,100000.0,0.0
2025-10-13,100000.0,1395.243,0,0.0,100000.0,0.0
2025-10-14,100000.0,1427.0629999999999,0,0.0,100000.0,0.0
2025-10-15,100000.0,1438.043,0,0.0,100000.0,0.0
2025-10-16,100000.0,1460.953,0,0.0,100000.0,0.0
2025-10-17,100000.0,1431.043,0,0.0,100000.0,0.0
2025-10-20,100000.0,1433.973,0,0.0,100000.0,0.0
2025-10-21,100000.0,1438.3029999999999,0,0.0,100000.0,0.0
2025-10-22,100000.0,1434.743,0,0.0,100000.0,0.0
2025-10-23,100000.0,1444.023,0,0.0,100000.0,0.0
2025-10-24,100000.0,1426.043,0,0.0,100000.0,0.0
2025-10-27,100000.0,1416.453,0,0.0,100000.0,0.0
2025-10-28,100000.0,1421.0430000000001,0,0.0,100000.0,0.0
2025-10-29,100000.0,1407.9429999999998,0,0.0,100000.0,0.0
2025-10-30,100000.0,1402.783,0,0.0,100000.0,0.0
2025-10-31,100000.0,1406.053,0,0.0,100000.0,0.0
2025-11-03,100000.0,1411.0430000000001,0,0.0,100000.0,0.0
2025-11-04,100000.0,1405.043,0,0.0,100000.0,0.0
2025-11-05,100000.0,1396.1229999999998,0,0.0,100000.0,0.0
2025-11-06,100000.0,1411.173,0,0.0,100000.0,0.0
2025-11-07,100000.0,1409.373,0,0.0,100000.0,0.0
2025-11-10,100000.0,1438.3429999999998,0,0.0,100000.0,0.0
2025-11-11,100000.0,1435.033,0,0.0,100000.0,0.0
2025-11-12,100000.0,1441.193,0,0.0,100000.0,0.0
2025-11-13,100000.0,1446.423,0,0.0,100000.0,0.0
2025-11-14,100000.0,1432.6429999999998,0,0.0,100000.0,0.0
2025-11-17,100000.0,1447.043,0,0.0,100000.0,0.0
2025-11-18,100000.0,1452.043,0,0.0,100000.0,0.0
2025-11-19,100000.0,1447.0529999999999,0,0.0,100000.0,0.0
2025-11-20,100000.0,1443.1529999999998,0,0.0,100000.0,0.0
2025-11-21,100000.0,1442.6429999999998,0,0.0,100000.0,0.0
2025-11-24,100000.0,1428.043,0,0.0,100000.0,0.0
2025-11-25,100000.0,1420.693,0,0.0,100000.0,0.0
2025-11-26,100000.0,1425.1929999999998,0,0.0,100000.0,0.0
2025-11-27,100000.0,1423.3429999999998,0,0.0,100000.0,0.0
2025-11-28,100000.0,1426.543,0,0.0,100000.0,0.0
2025-12-01,100000.0,1424.043,0,0.0,100000.0,0.0
2025-12-02,100000.0,1412.0729999999999,0,0.0,100000.0,0.0
2025-12-03,100000.0,1405.1429999999998,0,0.0,100000.0,0.0
2025-12-04,100000.0,1400.023,0,0.0,100000.0,0.0
2025-12-05,100000.0,1406.0529999999999,0,0.0,100000.0,0.0
2025-12-08,100000.0,1394.263,0,0.0,100000.0,0.0
2025-12-09,100000.0,1377.0529999999999,0,0.0,100000.0,0.0
2025-12-10,100000.0,1378.8429999999998,0,0.0,100000.0,0.0
2025-12-11,100000.0,1388.033,0,0.0,100000.0,0.0
2025-12-12,100000.0,1396.6929999999998,0,0.0,100000.0,0.0
2025-12-15,100000.0,1402.043,0,0.0,100000.0,0.0
2025-12-16,100000.0,1398.043,0,0.0,100000.0,0.0
2025-12-17,100000.0,1409.143,0,0.0,100000.0,0.0
2025-12-18,100000.0,1407.0430000000001,0,0.0,100000.0,0.0
2025-12-19,100000.0,1410.0,0,0.0,100000.0,0.0
2025-12-22,100000.0,1408.26,0,0.0,100000.0,0.0
2025-12-23,100000.0,1407.8600000000001,0,0.0,100000.0,0.0
2025-12-24,100000.0,1400.9,0,0.0,100000.0,0.0
2025-12-25,100000.0,1414.17,0,0.0,100000.0,0.0
2025-12-26,100000.0,1414.13,0,0.0,100000.0,0.0
2025-12-29,100000.0,1402.0,0,0.0,100000.0,0.0
2025-12-30,100000.0,1389.72,0,0.0,100000.0,0.0
2025-12-31,100000.0,1377.18,0,0.0,100000.0,0.0
2026-01-05,100000.0,1426.0,0,0.0,100000.0,0.0
2026-01-06,100000.0,1428.01,0,0.0,100000.0,0.0
2026-01-07,100000.0,1423.3600000000001,0,0.0,100000.0,0.0
2026-01-08,100000.0,1412.3000000000002,0,0.0,100000.0,0.0
2026-01-09,100000.0,1419.1,0,0.0,100000.0,0.0
2026-01-12,100000.0,1423.2300000000002,0,0.0,100000.0,0.0
2026-01-13,100000.0,1411.0,0,0.0,100000.0,0.0
2026-01-14,100000.0,1398.01,0,0.0,100000.0,0.0
2026-01-15,100000.0,1388.8899999999999,0,0.0,100000.0,0.0
2026-01-16,100000.0,1382.0,0,0.0,100000.0,0.0
2026-01-19,100000.0,1376.0,0,0.0,100000.0,0.0
2026-01-20,100000.0,1373.55,0,0.0,100000.0,0.0
2026-01-21,100000.0,1351.06,0,0.0,100000.0,0.0
2026-01-22,100000.0,1340.06,0,0.0,100000.0,0.0
2026-01-23,100000.0,1337.0,0,0.0,100000.0,0.0
2026-01-26,100000.0,1342.0000000000002,0,0.0,100000.0,0.0
2026-01-27,100000.0,1343.01,0,0.0,100000.0,0.0
2026-01-28,100000.0,1323.69,0,0.0,100000.0,0.0
2026-01-29,100000.0,1437.72,0,0.0,100000.0,0.0
2026-01-30,100000.0,1401.0,0,0.0,100000.0,0.0
2026-02-02,100000.0,1427.0000000000002,0,0.0,100000.0,0.0
2026-02-03,100000.0,1474.92,0,0.0,100000.0,0.0
2026-02-04,100000.0,1525.0,0,0.0,100000.0,0.0
2026-02-05,100000.0,1555.0,0,0.0,100000.0,0.0
2026-02-06,100000.0,1515.0100000000002,0,0.0,100000.0,0.0
2026-02-09,100000.0,1524.96,0,0.0,100000.0,0.0
2026-02-10,100000.0,1504.8,0,0.0,100000.0,0.0
2026-02-11,100000.0,1504.33,0,0.0,100000.0,0.0
2026-02-12,100000.0,1486.6000000000001,0,0.0,100000.0,0.0
2026-02-13,100000.0,1485.3,0,0.0,100000.0,0.0
2026-02-24,100000.0,1466.8000000000002,0,0.0,100000.0,0.0
2026-02-25,100000.0,1491.66,0,0.0,100000.0,0.0
2026-02-26,100000.0,1466.21,0,0.0,100000.0,0.0
2026-02-27,100000.0,1455.02,0,0.0,100000.0,0.0
2026-03-02,100000.0,1440.1100000000001,0,0.0,100000.0,0.0
2026-03-03,100000.0,1426.19,0,0.0,100000.0,0.0
2026-03-04,100000.0,1401.1799999999998,0,0.0,100000.0,0.0
2026-03-05,100000.0,1399.04,0,0.0,100000.0,0.0
2026-03-06,100000.0,1402.0,0,0.0,100000.0,0.0
2026-03-09,100000.0,1397.0,0,0.0,100000.0,0.0
2026-03-10,100000.0,1401.88,0,0.0,100000.0,0.0
2026-03-11,100000.0,1400.0,0,0.0,100000.0,0.0
2026-03-12,100000.0,1392.0,0,0.0,100000.0,0.0
2026-03-13,100000.0,1413.64,0,0.0,100000.0,0.0
2026-03-16,100000.0,1460.18,0,0.0,100000.0,0.0
2026-03-17,100000.0,1485.0,0,0.0,100000.0,0.0
2026-03-18,100000.0,1468.8000000000002,0,0.0,100000.0,0.0
2026-03-19,100000.0,1452.87,0,0.0,100000.0,0.0
2026-03-20,100000.0,1445.0,0,0.0,100000.0,0.0
2026-03-23,100000.0,1408.07,0,0.0,100000.0,0.0
2026-03-24,100000.0,1407.3300000000002,0,0.0,100000.0,0.0
2026-03-25,100000.0,1410.27,0,0.0,100000.0,0.0
2026-03-26,100000.0,1401.18,0,0.0,100000.0,0.0
2026-03-27,100000.0,1416.02,0,0.0,100000.0,0.0
2026-03-30,100000.0,1420.0,0,0.0,100000.0,0.0
2026-03-31,100000.0,1450.0,0,0.0,100000.0,0.0
2026-04-01,100000.0,1459.44,0,0.0,100000.0,0.0
2026-04-02,100000.0,1459.88,0,0.0,100000.0,0.0
2026-04-03,100000.0,1460.0,0,0.0,100000.0,0.0
2026-04-07,100000.0,1440.02,0,0.0,100000.0,0.0
2026-04-08,100000.0,1465.0200000000002,0,0.0,100000.0,0.0
2026-04-09,100000.0,1460.49,0,0.0,100000.0,0.0
2026-04-10,100000.0,1453.96,0,0.0,100000.0,0.0
2026-04-13,100000.0,1443.31,0,0.0,100000.0,0.0
2026-04-14,100000.0,1446.9,0,0.0,100000.0,0.0
2026-04-15,100000.0,1467.5,0,0.0,100000.0,0.0
2026-04-16,100000.0,1462.84,0,0.0,100000.0,0.0
2026-04-17,100000.0,1407.24,0,0.0,100000.0,0.0
2026-04-20,100000.0,1410.89,0,0.0,100000.0,0.0
2026-04-21,100000.0,1412.01,0,0.0,100000.0,0.0
2026-04-22,100000.0,1409.5,0,0.0,100000.0,0.0
2026-04-23,100000.0,1419.0000000000002,0,0.0,100000.0,0.0
2026-04-24,100000.0,1458.4900000000002,0,0.0,100000.0,0.0
2026-04-27,100000.0,1403.2,0,0.0,100000.0,0.0
2026-04-28,100000.0,1405.0000000000002,0,0.0,100000.0,0.0
2026-04-29,100000.0,1401.17,0,0.0,100000.0,0.0
2026-04-30,100000.0,1384.79,0,0.0,100000.0,0.0
2026-05-06,100000.0,1375.0,0,0.0,100000.0,0.0
2026-05-07,100000.0,1371.05,0,0.0,100000.0,0.0
2026-05-08,100000.0,1372.99,0,0.0,100000.0,0.0
2026-05-11,100000.0,1361.33,0,0.0,100000.0,0.0
2026-05-12,100000.0,1354.55,0,0.0,100000.0,0.0
2026-05-13,100000.0,1344.09,0,0.0,100000.0,0.0
2026-05-14,100000.0,1342.17,0,0.0,100000.0,0.0
2026-05-15,100000.0,1332.95,0,0.0,100000.0,0.0
2026-05-18,100000.0,1323.0000000000002,0,0.0,100000.0,0.0
2026-05-19,100000.0,1324.3,0,0.0,100000.0,0.0
2026-05-20,100000.0,1315.0,0,0.0,100000.0,0.0
2026-05-21,100000.0,1311.0,0,0.0,100000.0,0.0
2026-05-22,100000.0,1290.2,0,0.0,100000.0,0.0
2026-05-25,100000.0,1285.88,0,0.0,100000.0,0.0
2026-05-26,100000.0,1273.3799999999999,0,0.0,100000.0,0.0
2026-05-27,100000.0,1303.0000000000002,0,0.0,100000.0,0.0
2026-05-28,100000.0,1275.98,0,0.0,100000.0,0.0
2026-05-29,100000.0,1326.0,0,0.0,100000.0,0.0
