"Date","动量策略","纳指ETF","沪深300ETF","黄金ETF"
2024-01-02,0,0,0,0
2024-01-03,0,-0.0157025229807918,-0.00289599800170881,-0.000642902407496315
2024-01-04,0,-0.0206612351894778,-0.011584139984557,-0.00321471642546667
2024-01-05,0,-0.028099204982436,-0.0165074327729811,-0.000428601604997469
2024-01-08,0,-0.025619848878093,-0.0301187935553926,-0.0034290172279654
2024-01-09,0,-0.000826484874804856,-0.0278019063673925,-0.00364331803046414
2024-01-10,0,-0.000826484874804856,-0.032435532765671,-0.00750103905741983
2024-01-11,0,0.0107438107721056,-0.0269332031523989,-0.00750103905741983
2024-01-12,0,0.00743796979295785,-0.0301187935553925,-0.00428632263195317
2024-01-15,0,0.00743796979295785,-0.0301187935553925,-0.00428632263195317
2024-01-16,0,0.00413222733388108,-0.0249059083656836,0.00235751321547162
2024-01-17,0,0.00330574245907655,-0.0466261523395129,-0.00750103905741983
2024-01-18,0,0.00578509856341936,-0.0333150383543456,-0.0107157554828866
2024-01-19,0,0.0264462352328263,-0.0312443121063236,-0.00492922503944948
2024-01-22,0,0.0578511826743389,-0.0516547312768967,-0.00878694606640507
2024-01-23,0,0.0504132128813808,-0.0451471890004015,-0.00728673825492121
2024-01-24,0,0.0561983114448004,-0.0300611562328067,-0.00857264526390644
2024-01-25,0,0.0504132128813806,-0.0134961601261007,-0.0130732686983583
2024-01-26,0,0.042148758213618,-0.0152709309308064,-0.00878694606640518
2024-01-29,0,0.0512395992361143,-0.0241450809097788,-0.00685813664992363
2024-01-30,0.0157233497174263,0.067768607091711,-0.0407100030276242,-0.00407202182945443
2024-01-31,-0.00628922742537252,0.044628114317961,-0.0469219598051074,-0.00278611482046931
2024-02-01,-0.0157232559994279,0.0347106899005889,-0.0481051896674851,0.000428703798990071
2024-02-02,0.0047694499717672,0.0603305387786819,-0.0569792656575966,0.00278611482046909
2024-02-05,0.00807183035771675,0.0652892509873679,-0.0510631903345687,-0.00492922503944959
2024-02-06,0.00963592473317587,0.0669421222169062,-0.0205953913226455,-0.00707243745242248
2024-02-07,0.00230146379452534,0.0570247963196051,-0.0120171967869893,-0.00514352584194822
2024-02-08,0.0194213055462127,0.0809916754480888,-0.00550950653277238,-0.000857203209995272
2024-02-19,0.0170742117848885,0.075206576884669,0.0024771470605558,-0.00471492423695086
2024-02-20,0.0172808667858981,0.0735537056551308,0.00602683664768922,-0.00514352584194844
2024-02-21,0.014225416433201,0.0595040539038774,0.0202253730296398,-0.00514352584194844
2024-02-22,0.0271153111798219,0.0776859329890123,0.0279162191573736,-0.00578653044343735
2024-02-23,0.0333136760627808,0.0917354862201947,0.0288037155430176,-0.0077153398599189
2024-02-26,0.0241765233424189,0.0809916754480891,0.018450602224934,-0.003214716425467
2024-02-27,0.0293291718705164,0.0793388042185508,0.0305785603365842,-0.0042863226319535
2024-02-28,0.0222270316670918,0.0818181603228936,0.0199295655640452,-0.00450062343445234
2024-02-29,0.0305564421138205,0.0743800920098647,0.0361987542051567,-0.00407202182945476
2024-03-01,0.0394045205590292,0.0917354862201947,0.0441854817873459,0.00021430080249818
2024-03-04,0.0470463544487354,0.106611524326182,0.0432980593905625,0.0126446670933602
2024-03-05,0.052494652797888,0.0983470696584192,0.0518763279150796,0.0263609403932072
2024-03-06,0.0530894742727304,0.0942148423245379,0.0477351713744791,0.0338619794506272
2024-03-07,0.0550445063959224,0.0867768725315798,0.0421148295281848,0.0469353503429779
2024-03-08,0.0588508017840867,0.104958653096644,0.0450728301952683,0.0460780449389901
2024-03-11,0.0621538321017825,0.0884297437611181,0.0592714405660799,0.0499357659659458
2024-03-12,0.0617997438376963,0.0925619710949994,0.0607504778940522,0.0456494433339927
2024-03-13,0.0585683348080557,0.0991735545332237,0.0545385951054298,0.0437205317235185
2024-03-14,0.0569384091349452,0.0942148423245377,0.0506931720415629,0.0452207395350026
2024-03-15,0.0591539062423483,0.0876032588863134,0.0533553652430518,0.0499357659659458
2024-03-18,0.05852566412621,0.0876032588863134,0.0625252486987578,0.0415774215045384
2024-03-19,0.0561588901694823,0.0818181603228938,0.0557218249678073,0.0437205317235188
2024-03-20,0.0579337870658334,0.0859503876567751,0.0566091733757299,0.0458637441364915
2024-03-21,0.0725307670029895,0.104958653096644,0.0560175584445408,0.0668667556912594
2024-03-22,0.0663344852787948,0.105785137971448,0.0468476749888349,0.060008619041336
2024-03-25,0.0665464628724448,0.102479296992301,0.0412274811202622,0.0621517292603162
2024-03-26,0.0694852501297565,0.108264395555721,0.0444812892529403,0.0642949416732892
2024-03-27,0.0715579614447357,0.109090880430525,0.0332407535380732,0.0694384675152373
2024-03-28,0.0775309864292073,0.106611524326182,0.0382694064643179,0.077796811976645
2024-03-29,0.0929350445997728,0.104958653096644,0.043002251924968,0.0985855227289143
2024-04-01,0.0990668049512329,0.110743751660063,0.0601588629628631,0.104800756971341
2024-04-02,0.0990508350771979,0.107438009200987,0.0566091733757299,0.105657960181337
2024-04-03,0.11079879628103,0.0966941984288809,0.0524680168351295,0.121088742095166
2024-04-08,0.134015784301348,0.0958677135540764,0.0438896743217516,0.147449682488374
2024-04-09,0.136929294329118,0.0975205847836147,0.042114829528185,0.150664398913841
2024-04-10,0.140952709765821,0.101652812117496,0.0344239834004512,0.154736420743295
2024-04-11,0.132197240619102,0.0917354862201947,0.0335365610036678,0.146163775479389
2024-04-12,0.165223217317385,0.10826439555572,0.025254099944745,0.179597153325019
2024-04-15,0.147550810112617,0.0983470696584192,0.0468476749888349,0.16095155279173
2024-04-16,0.152691381502645,0.0685949934464452,0.0373819840675345,0.168452694043143
2024-04-17,0.154594173119519,0.0677686070917114,0.050988979507157,0.170381503459624
2024-04-18,0.151211410063856,0.0652892509873684,0.0527638243007236,0.166952486231659
2024-04-19,0.156708475640929,0.0446281143179614,0.04448128925294,0.172524715872597
2024-04-22,0.134085882250015,0.0380165308797371,0.0424106369937791,0.149592792707355
2024-04-23,0.106177734186564,0.0404957884640091,0.0350155983316398,0.121303042897665
2024-04-24,0.117806196423331,0.0652892509873684,0.0391568288611011,0.133090506781031
2024-04-25,0.118017606512373,0.0479338567770382,0.0421148295281846,0.13330480758353
2024-04-26,0.126686025056068,0.0661156373421021,0.0569049808413242,0.142091753649935
2024-04-29,0.126404630830299,0.0727272207803265,0.0696245538841636,0.134590714592515
2024-04-30,0.122925523482383,0.0735537056551312,0.0643000934923246,0.13287610378454
2024-05-06,0.126723327242827,0.076033061759474,0.0790902448054642,0.126018069328609
2024-05-07,0.128391212871269,0.0867768725315796,0.0796819337255137,0.129018484951577
2024-05-08,0.122513155668622,0.0884297437611181,0.0711035912121358,0.127518277140092
2024-05-09,0.130404970160125,0.0859503876567751,0.0814566305413589,0.125160763924621
2024-05-10,0.131023439802942,0.0917354862201949,0.0820483194614086,0.150664398913841
2024-05-13,0.129934439362151,0.0958677135540764,0.0811608970646254,0.143806262263917
2024-05-14,0.128079527422385,0.0958677135540764,0.0793860522710585,0.142091753649935
2024-05-15,0.121293771659386,0.103305781867105,0.0716952061433249,0.15087869971634
2024-05-16,0.1250076651613,0.122314047306974,0.0752448217415973,0.16095155279173
2024-05-17,0.132257474329367,0.119834691202631,0.0873727798532478,0.160737251989231
2024-05-20,0.13438124080055,0.121487562432169,0.0897391655891426,0.189455705597911
2024-05-21,0.133406564759168,0.127272660995589,0.0861894760020092,0.174667826091577
2024-05-22,0.136759072130453,0.13140488832947,0.0885560097156255,0.177025339307049
2024-05-23,0.1375556506204,0.141322312746842,0.0776112074774922,0.150021496506345
2024-05-24,0.120425722511482,0.122314047306974,0.0654833233547027,0.139948541236962
2024-05-27,0.131417099106116,0.135537115663352,0.0743573993448141,0.144020563066416
2024-05-28,0.131818084493592,0.140495827872038,0.0675539016250029,0.143163359856421
2024-05-29,0.128658994859657,0.135537115663352,0.0678497090905974,0.15087869971634
2024-05-30,0.117426821467161,0.123140433661707,0.0637084785611359,0.139519939631964
2024-05-31,0.113275812344072,0.118181819973092,0.0595672480316747,0.145092169272903
2024-06-03,0.115738519765331,0.123140433661707,0.0610462113707859,0.135019316197512
2024-06-04,0.114221072637321,0.119834691202631,0.0684413980106471,0.145735173874392
2024-06-05,0.119724239385847,0.128925630745198,0.0645959009579193,0.141020147443448
2024-06-06,0.140578067948355,0.151239638644143,0.0645959009579193,0.156879530962276
2024-06-07,0.141234730016986,0.152066123518948,0.0577924032381081,0.157093933958767
2024-06-11,0.138882349818529,0.152892509873682,0.0503973645759686,0.122374649104152
2024-06-12,0.149495599842577,0.163636320645787,0.0492141347135908,0.128804184149078
2024-06-13,0.172354885127564,0.186776813419537,0.0453686376608631,0.129232785754075
2024-06-14,0.1715384438477,0.185950328544733,0.0512847129838911,0.129661387359073
2024-06-17,0.17643689688121,0.190909040753418,0.0483266383279468,0.131375895973055
2024-06-18,0.191948599938768,0.20661156373421,0.0515805204494855,0.132447502179542
2024-06-19,0.193581385175659,0.208264434963748,0.048622519782402,0.136948125613994
2024-06-20,0.201745408682952,0.216528889631511,0.0418190220625907,0.146806677886885
2024-06-21,0.183784576431476,0.198347109066447,0.0400442512578849,0.152164606725325
2024-06-24,0.178117530185375,0.193388396857761,0.0350155983316403,0.133733409188527
2024-06-25,0.165879478918307,0.180991714856117,0.0288037155430176,0.136305223206497
2024-06-26,0.187907951747153,0.203305722755063,0.03501559833164,0.129661387359073
2024-06-27,0.187092140018314,0.202479336400329,0.0293952564853457,0.123446255310638
2024-06-28,0.203409541707739,0.219008245735854,0.0314659087445066,0.135233617000011
2024-07-01,0.201777820990673,0.217355374506316,0.0356071392739681,0.135662218605008
2024-07-02,0.202593632719513,0.218181760861049,0.0341281759348566,0.137162528610485
2024-07-03,0.224157511274725,0.240495867280065,0.03235333114129,0.144449266865406
2024-07-04,0.231497516857048,0.247933837073024,0.0279162191573734,0.149807093509853
2024-07-05,0.24604277029618,0.263636360053815,0.0228875662311285,0.153236212931811
2024-07-08,0.2647863839464,0.282644625493684,0.0157883350345838,0.153879115339307
2024-07-09,0.277825347723839,0.295867693850062,0.0267330632838565,0.149164191102356
2024-07-10,0.267728730631227,0.279338784514536,0.0243666035591008,0.156665230159776
2024-07-11,0.273135031359153,0.285123883077956,0.0379735989987235,0.16095155279173
2024-07-12,0.243069716599264,0.233057798967037,0.0409316736546679,0.167166787034157
2024-07-15,0.255951927145976,0.271900814721578,0.0430022519249682,0.166309481630169
2024-07-16,0.262665812917127,0.269421458617235,0.0503973645759686,0.179811454127517
2024-07-17,0.269299992713491,0.257851162970325,0.0518763279150798,0.195027935238848
2024-07-18,0.263492538395527,0.23553715507138,0.0580882107037022,0.19438493063736
2024-07-19,0.242862058603504,0.215702404756706,0.0648917084235134,0.162666163599705
2024-07-22,0.234968735083897,0.209090919838553,0.0563134398989964,0.161808858195717
2024-07-23,0.222797676574,0.220661116965392,0.0356071392739681,0.15602232775228
2024-07-24,0.217814351450304,0.196694139316838,0.029099523008612,0.171238808863611
2024-07-25,0.187062587544618,0.162809835770982,0.0231834476855841,0.141663152044937
2024-07-26,0.192187828399977,0.164462805520592,0.0276204856806399,0.146592377084386
2024-07-29,0.200432905817806,0.187603298294342,0.0217044103576118,0.154522119940796
2024-07-30,0.201992770970119,0.173553646543088,0.0149009126378006,0.15602232775228
2024-07-31,0.211351961883998,0.180991714856117,0.0376777915331292,0.165023574621184
2024-08-01,0.216320568582727,0.209090919838553,0.0302827528709899,0.174453525289078
2024-08-02,0.219394489108496,0.153718994748486,0.0196337580984507,0.179811454127517
2024-08-05,0.18860506930167,0.0636362812377589,0.00809748890685014,0.150021496506344
2024-08-06,0.18860506930167,0.100826425762762,0.00809748890685014,0.141663152044937
2024-08-07,0.18860506930167,0.1024792969923,0.00602683664768899,0.147021080883376
2024-08-08,0.18860506930167,0.0859503876567749,0.00721006651006695,0.146378076281888
2024-08-09,0.18860506930167,0.115702463868749,0.00366045091179457,0.156450929357278
2024-08-12,0.18860506930167,0.128099145870393,0.0024771470605558,0.165237875423683
2024-08-13,0.19669383191073,0.139669342997233,0.00395618438852785,0.173167618280093
2024-08-14,0.19669383191073,0.167768547979668,-0.00314304680801702,0.169309897253137
2024-08-15,0.19669383191073,0.175206616292698,0.00809748890685014,0.166523782432668
2024-08-16,0.19669383191073,0.214049533527168,0.008689103838039,0.168666994845641
2024-08-19,0.200392427249215,0.191735525628223,0.0113512970395282,0.1815259627415
2024-08-20,0.200392427249215,0.213223147172434,0.0066185255677389,0.1815259627415
2024-08-21,0.205499678631283,0.214049533527168,0.00218141358382229,0.186669590777441
2024-08-22,0.204132985152263,0.215702404756706,-0.00048085360652772,0.183669072960481
2024-08-23,0.197853356538679,0.204132207629867,0.00366045091179457,0.179597153325019
2024-08-26,0.203809918398989,0.20661156373421,0.00395618438852807,0.18688389157994
2024-08-27,0.200226329316384,0.191735525628223,-0.00107239454885566,0.186026586175952
2024-08-28,0.199188889784287,0.191735525628223,-0.00698846987188373,0.184740679166967
2024-08-29,0.194167885342734,0.162809835770982,-0.00994654452782806,0.186240886978451
2024-08-30,0.191363152442356,0.171074388958816,0.00336464344620024,0.183454772157982
2024-09-02,0.195397508998057,0.180991714856117,-0.0143835825228837,0.17681103850455
2024-09-03,0.197279667965792,0.182644586085655,-0.0108338929357505,0.17895414872353
2024-09-04,0.166453837466232,0.120661077557364,-0.017045775724373,0.170810105064621
2024-09-05,0.173821615235907,0.123966918536512,-0.0149751974540728,0.179168449526029
2024-09-06,0.178899453756549,0.133884244433813,-0.0232576585129955,0.182383268145488
2024-09-09,0.170663065279717,0.127272660995588,-0.0353856166246459,0.173810622881582
2024-09-10,0.178011734249802,0.130578501974736,-0.0353856166246459,0.181525962741501
2024-09-11,0.184208380547764,0.138016471767694,-0.0374561948949462,0.187741094789935
2024-09-12,0.181857981205451,0.174380131417892,-0.0407100030276242,0.185383683768456
2024-09-13,0.198727044435566,0.185950328544732,-0.0451471890004016,0.202528974296269
2024-09-18,0.198299797902484,0.176859487522235,-0.0421890403555963,0.202100372691271
2024-09-19,0.196376984761824,0.190082654398684,-0.0342023127734074,0.200171461080797
2024-09-20,0.209836269262863,0.192561911982956,-0.031540193560779,0.213673433578145
2024-09-23,0.220090899153101,0.197520624191642,-0.0288779263704291,0.223960587456034
2024-09-24,0.217099969679736,0.190909040753418,0.0137177567642834,0.220960171833066
2024-09-25,0.227307964686902,0.18181810121085,0.0276204856806397,0.230175719504469
2024-09-26,0.243450651700492,0.194214881732565,0.0767238590695691,0.232533232719941
2024-09-27,0.269819166682065,0.168595032854472,0.144462806835505,0.223317685048538
2024-09-30,0.338793075199577,0.164462805520591,0.252135096556943,0.223103282052047
2024-10-08,0.374720971505346,0.159504093311905,0.305084040987461,0.224603592057523
2024-10-09,0.291663258427407,0.179338843626578,0.189720609182846,0.208744106344703
2024-10-10,0.307081937624497,0.192561911982956,0.208652065014308,0.216459548398614
2024-10-11,0.294673192710114,0.194214881732565,0.176409495197679,0.22996141870197
2024-10-14,0.306182771598349,0.195041268087299,0.195045143563546,0.24282038659783
2024-10-15,0.303721405849131,0.219834632090587,0.162802573746917,0.24282038659783
2024-10-16,0.303653031374646,0.205785078859404,0.155407461095917,0.261037283332128
2024-10-17,0.304503873466228,0.213223147172433,0.142687962041938,0.265538008960573
2024-10-18,0.31864178692226,0.205785078859404,0.187945764389279,0.274110654224479
2024-10-21,0.327008944895459,0.207437950088943,0.187945764389279,0.290184338545805
2024-10-22,0.328839665234022,0.205785078859404,0.195045143563546,0.289755736940808
2024-10-23,0.335743966489493,0.21074379106809,0.199482107569741,0.297899780599717
2024-10-24,0.321800947732248,0.197520624191641,0.186466875039029,0.284826409707366
2024-10-25,0.325976519923416,0.202479336400328,0.195045143563546,0.285469414308855
2024-10-28,0.330051042387715,0.217355374506315,0.196819914368252,0.289541436138309
2024-10-29,0.330994239161283,0.214876018401972,0.187058489970218,0.300471492423694
2024-10-30,0.337559742130257,0.226446215528811,0.174634724392973,0.315902274337524
2024-10-31,0.328144106347043,0.205785078859404,0.174634724392973,0.307972633675107
2024-11-01,0.319785151120575,0.191735525628222,0.177001184117729,0.29682817439323
2024-11-04,0.314954510615044,0.192561911982956,0.192678683838791,0.287183922922837
2024-11-05,0.313665667992554,0.188429684649074,0.223738023793042,0.287183922922837
2024-11-06,0.325564311117974,0.230578442862692,0.216047103676447,0.284612108904867
2024-11-07,0.317827360061438,0.249586708302561,0.256572208540859,0.25589375749018
2024-11-08,0.321313094478455,0.260330519074667,0.240598753376482,0.264037698955096
2024-11-11,0.326991669968788,0.267768587387696,0.246810710153965,0.265538008960573
2024-11-12,0.31897605251026,0.269421458617234,0.233203714714342,0.244534997405805
2024-11-13,0.319683561699222,0.261983390304205,0.240894708819798,0.242177484190333
2024-11-14,0.30827216620439,0.263636360053814,0.219892600729175,0.217316751608609
2024-11-15,0.288941801537588,0.247933837073022,0.199482107569741,0.217959756210098
2024-11-18,0.280422636780471,0.238842897530455,0.194453528632357,0.234033440531424
2024-11-19,0.285087554676915,0.242975124864337,0.200369603955385,0.25546505369119
2024-11-20,0.29795073773422,0.25702477661559,0.203327530633608,0.255250752888691
2024-11-21,0.289679057622495,0.247933837073023,0.20480656796158,0.271538840206509
2024-11-22,0.286471384637928,0.25702477661559,0.169310264001134,0.288041228326825
2024-11-25,0.296904720416649,0.269421458617234,0.162802573746917,0.267895419982052
2024-11-26,0.296904720416649,0.269421458617234,0.160436114022162,0.252464638068222
2024-11-27,0.300282032947925,0.272727201076311,0.179367569853623,0.264252101951588
2024-11-28,0.292476875279567,0.265289231283353,0.170789227340245,0.257822566906662
2024-11-29,0.293321018442357,0.266115617638087,0.183508800383085,0.269395627793536
2024-12-02,0.300307472156849,0.272727201076311,0.192382950362057,0.258465571508151
2024-12-03,0.323522850556083,0.295867693850061,0.193566106235574,0.271110238601511
2024-12-04,0.329431509728087,0.301652890933551,0.187354223446951,0.270681534802521
2024-12-05,0.341248626826912,0.313223088060391,0.185283645176651,0.270252933197524
2024-12-06,0.336852414434737,0.309090860726509,0.200073796489791,0.265109305161583
2024-12-09,0.358304650026611,0.330578482270721,0.199186374093007,0.272181742614005
2024-12-10,0.34879524729974,0.319834671498615,0.208356257548713,0.277539671452445
2024-12-11,0.350700310416657,0.316528929039538,0.205398182892769,0.288255529129324
2024-12-12,0.366477522825624,0.336363580834141,0.217822022458874,0.297042475195729
2024-12-13,0.365279148606211,0.346280906731442,0.189129068240518,0.286112316716351
2024-12-16,0.370937162720713,0.362809914587038,0.182029837043973,0.274539255829477
2024-12-17,0.379627239781721,0.374380111713878,0.185283645176651,0.273039048017993
2024-12-18,0.387484070467171,0.383471051256445,0.190312372091757,0.27132453940401
2024-12-19,0.353820180117234,0.347107391606246,0.192087142896462,0.26125168632862
2024-12-20,0.326411556960342,0.319834671498615,0.18853752729819,0.262751894140104
2024-12-23,0.358588436371368,0.36528917217131,0.189720609182846,0.275396561233464
2024-12-24,0.360613985083465,0.361983429712233,0.203623338099202,0.268967026188538
2024-12-25,0.368906237471651,0.377685952693025,0.204510834484847,0.272181742614005
2024-12-26,0.372677248798488,0.383471051256445,0.20480656796158,0.273039048017993
2024-12-27,0.366832148580351,0.373553626839073,0.203031797156874,0.274110654224479
2024-12-30,0.355047021655266,0.354545459919275,0.208652065014308,0.269395627793536
2024-12-31,0.345619232955177,0.346280906731441,0.189720609182846,0.270467234000022
2025-01-02,0.357183842001932,0.357851202378352,0.1562948834927,0.280968790874403
2025-01-03,0.355284077217642,0.349586747710589,0.144462806835505,0.292113147962287
2025-01-06,0.362671613432987,0.379338823922563,0.139729961374855,0.283754803500879
2025-01-07,0.358660108170392,0.371074369254801,0.147716688957044,0.285898015913852
2025-01-08,0.35413056378282,0.357024717503547,0.145941844163477,0.292327550958779
2025-01-09,0.355437883733435,0.352066103814932,0.143575310449861,0.299828590016198
2025-01-10,0.356638394409371,0.347107391606246,0.130855811395882,0.308401235280104
2025-01-13,0.349059499818324,0.315702444164734,0.126418773400827,0.311615951705571
2025-01-14,0.337596892456006,0.331404868625454,0.155407461095917,0.300471492423695
2025-01-15,0.345091755047822,0.323140413957692,0.148603963376106,0.307758332872608
2025-01-16,0.349500442101683,0.352892490169666,0.149195652296155,0.312044655504562
2025-01-17,0.353247768286201,0.347107391606246,0.153041075360022,0.315687973535026
2025-01-20,0.350856969856446,0.360330558482695,0.158661343217456,0.313116159517055
2025-01-21,0.351045324308081,0.361156944837429,0.160140380545428,0.313116159517055
2025-01-22,0.362952776481703,0.369421399505191,0.149491385772889,0.324689322597922
2025-01-23,0.363508587271895,0.357851202378352,0.152745267894428,0.325975127412915
2025-01-24,0.370340485580623,0.358677687253157,0.162210884826867,0.33261896326034
2025-01-27,0.366814405536153,0.334710709604602,0.155703268561511,0.329189946032374
2025-02-05,0.41904513612275,0.332231353500259,0.149787267227344,0.379982915208315
2025-02-06,0.410890931525664,0.344628035501903,0.163098381212511,0.372053172351905
2025-02-07,0.414851694373769,0.341322293042826,0.179663303330357,0.375910893378861
2025-02-10,0.431818674882248,0.327272641291573,0.180846607181595,0.396913904933629
2025-02-11,0.440006204851951,0.328099126166378,0.176113761720945,0.411058779838474
2025-02-12,0.436345629062622,0.329751997395916,0.187354223446951,0.401200227565582
2025-02-13,0.440102411515184,0.337190065708945,0.184396222779867,0.408058364215506
2025-02-14,0.448717274321495,0.346280906731441,0.193270298769979,0.415559403272926
2025-02-17,0.433973230543544,0.347107391606246,0.195340877040279,0.391770276897688
2025-02-18,0.434722919624221,0.357851202378352,0.186762682504623,0.404843545596046
2025-02-19,0.439938457165604,0.352066103814932,0.192974491304385,0.414059195461441
2025-02-20,0.43943845145511,0.340495808168022,0.189424801717251,0.418559818895893
2025-02-21,0.439755147876948,0.331404868625454,0.205398182892769,0.407629660416515
2025-02-24,0.438765728351719,0.314049572935195,0.201552759828902,0.410415775236985
2025-02-25,0.43193016187079,0.293388436265788,0.189424801717251,0.410630076039483
2025-02-26,0.427083651034917,0.290082595286641,0.199186374093007,0.397128205736128
2025-02-27,0.425780561682823,0.298347049954403,0.203031797156874,0.391341675292691
2025-02-28,0.406375768120323,0.248760321947827,0.181438148123923,0.381054419220809
2025-03-03,0.405162342225403,0.27438017082592,0.177592725060056,0.382554729226286
2025-03-04,0.411678937399174,0.252066064406904,0.176409495197678,0.392841883104175
2025-03-05,0.420579895572157,0.266942102512891,0.181438148123923,0.403129036982063
2025-03-06,0.431536128415967,0.267768587387696,0.197707262776174,0.400557222964093
2025-03-07,0.428669373892177,0.23966938240526,0.194749336097951,0.398628413547612
2025-03-10,0.428374726035689,0.236363639946183,0.19001641664844,0.402486134574567
2025-03-11,0.427884023577985,0.180165229981311,0.193566106235574,0.394127790113159
2025-03-12,0.424345315606809,0.183471070960459,0.19060810556849,0.398628413547611
2025-03-13,0.417267811150287,0.176859487522235,0.184692030245462,0.409129868227999
2025-03-14,0.443871254278173,0.188429684649074,0.214568140337336,0.430132879782767
2025-03-17,0.441784327445199,0.192561911982956,0.211018524739063,0.430990185186755
2025-03-18,0.450674844921675,0.202479336400327,0.213680791929413,0.441706042863634
2025-03-19,0.461311216957017,0.192561911982955,0.21545571071184,0.457351125579962
2025-03-20,0.458694361362652,0.219008245735853,0.205694138336085,0.458851333391446
2025-03-21,0.447310319657187,0.213223147172433,0.186171067573434,0.451778895939024
2025-03-24,0.448592268643655,0.238016511175721,0.191199646510818,0.453064802948009
2025-03-25,0.447310319657187,0.250413193177365,0.191791261442007,0.451778895939024
2025-03-26,0.451166996844966,0.246280965843484,0.187058489970218,0.456279519373476
2025-03-27,0.45479752437384,0.224793344299273,0.191199646510818,0.45992283740394
2025-03-28,0.481706667323113,0.219008245735853,0.185579452642245,0.486926782398637
2025-03-31,0.496527379135824,0.166115676750129,0.17848014745684,0.502786165917465
2025-04-01,0.505790018310615,0.186776813419536,0.177888532525651,0.512216116585358
2025-04-02,0.500107447011552,0.191735525628222,0.177001184117728,0.506429483947929
2025-04-03,0.513979558633604,0.167768547979667,0.1710851087947,0.520360058050275
2025-04-07,0.467668086666568,0.0512395992361137,0.0929929737218198,0.473853411506286
2025-04-08,0.477912170181384,0.0900826149906553,0.103346161028764,0.484140667578168
2025-04-09,0.496479418904317,0.0743800920098636,0.113995081812443,0.502786165917465
2025-04-10,0.528918779249301,0.180991714856116,0.132630656189449,0.535362238359107
2025-04-11,0.550860867163293,0.167768547979667,0.135884464322127,0.558722660935354
2025-04-14,0.562516326596955,0.183471070960459,0.138250924046882,0.570295824016221
2025-04-15,0.561635158874026,0.17024790408401,0.139138346443666,0.569867120217231
2025-04-16,0.599583421511224,0.147933896185065,0.141800465656294,0.608015422299811
2025-04-17,0.612801416226204,0.148760282539799,0.142687962041938,0.621303093994661
2025-04-18,0.616638908400693,0.141322312746841,0.145645962709021,0.625160815021617
2025-04-21,0.646699009622238,0.131404888329469,0.14623757764021,0.655379374247787
2025-04-22,0.701702657490791,0.133057858079078,0.147125000036994,0.710672966858181
2025-04-23,0.5989438903112,0.169421419209205,0.148308229899371,0.607372519892315
2025-04-24,0.616425629675904,0.155371865978023,0.148308229899371,0.624946412025125
2025-04-25,0.605339710602015,0.19338839685776,0.148308229899371,0.613802054937241
2025-04-28,0.591482184687011,0.196694139316837,0.146533385105805,0.599871480834895
2025-04-29,0.602568205419014,0.195041268087298,0.144462806835504,0.611015940116772
2025-04-30,0.594913467128933,0.195041268087298,0.14357531044986,0.601157387843881
2025-05-06,0.622289307971874,0.204132207629866,0.154520112687994,0.631375947070052
2025-05-07,0.633923078826257,0.208264434963747,0.1616194178734,0.644020614163412
2025-05-08,0.621846550223281,0.227272700403616,0.16842284160435,0.619588585380679
2025-05-09,0.619843902440794,0.228099086758349,0.166943804276378,0.61401635573974
2025-05-12,0.630685838361567,0.252892549281709,0.180254992250406,0.580797278696609
2025-05-13,0.632295467250704,0.257851162970324,0.181438148123923,0.571367328028715
2025-05-14,0.657463405448822,0.294214822620522,0.196524180891518,0.559579966339342
2025-05-15,0.64553134789448,0.288429724057103,0.186466875039029,0.513501921400351
2025-05-16,0.641104262909443,0.290082595286641,0.179959184784812,0.538148353179576
2025-05-19,0.63242197536036,0.278512398159801,0.178184339991245,0.547792604649969
2025-05-20,0.646221108241438,0.292561951390984,0.184100415314273,0.5450064898295
2025-05-21,0.64008573182303,0.280165269389339,0.188833334763784,0.594299251193957
2025-05-22,0.633891444561398,0.271900814721577,0.188241719832595,0.596656662215436
2025-05-23,0.625759708942627,0.267768587387695,0.179663303330357,0.597513967619423
2025-05-26,0.628576226465212,0.275206557180653,0.173451494530595,0.591298835570989
2025-05-27,0.630528988604699,0.280991655744073,0.167239611741973,0.578654168477628
2025-05-28,0.644674517921367,0.29586769385006,0.166056381879595,0.58058297789411
2025-05-29,0.66393069693596,0.31322308806039,0.173155687065,0.564509293572784
2025-05-30,0.63837874073226,0.285950367952759,0.1710851087947,0.579297070885125
2025-06-03,0.64208324659434,0.290909080161445,0.17049341987465,0.602657595655364
2025-06-04,0.65317069841299,0.301652890933551,0.175522146789756,0.601800290251377
2025-06-05,0.651550179773019,0.298347049954403,0.178480147456839,0.603729099667858
2025-06-06,0.648777826219036,0.295041307495326,0.179071762388028,0.60330049806286
2025-06-09,0.65286422986064,0.298347049954403,0.181733955589517,0.585940906732549
2025-06-10,0.64992436253731,0.298347049954403,0.174930457869706,0.587012512939036
2025-06-11,0.656096739078318,0.303305762163089,0.184396222779867,0.591941737978485
2025-06-12,0.655395123645881,0.298347049954403,0.184987837711056,0.606729617484819
2025-06-13,0.669627318199257,0.284297496723221,0.177296917594462,0.62623231903411
2025-06-16,0.664126521279259,0.295041307495326,0.180254992250406,0.620874492389663
2025-06-17,0.652004287835451,0.299999921183941,0.179959184784812,0.607158219089816
2025-06-18,0.650926942234099,0.29586769385006,0.18086665816288,0.608015422299812
2025-06-19,0.642469646968109,0.288429724057102,0.171489827863435,0.599871480834895
2025-06-20,0.641923407101408,0.290909080161445,0.173002234167641,0.593656246592468
2025-06-23,0.638769883057909,0.288429724057102,0.17693444616526,0.599657180032397
2025-06-24,0.670438037556086,0.318181800269076,0.190545880936532,0.579940075486614
2025-06-25,0.682912655218031,0.318181800269076,0.210206792946907,0.584226398118567
2025-06-26,0.681785431388854,0.3247933837073,0.20566964802315,0.587012512939036
2025-06-27,0.679100605834768,0.338016452063679,0.198712697405979,0.570081523213722
2025-06-30,0.687041063700735,0.346280906731441,0.204459782170873,0.567509709195752
2025-07-01,0.683919494184083,0.340495808168022,0.206274580949288,0.58529790213106
2025-07-02,0.685277812757991,0.341322293042826,0.207484520790425,0.584654999723564
2025-07-03,0.691793266864083,0.343801649147169,0.214441397418735,0.595585158202942
2025-07-04,0.700561704606665,0.352066103814932,0.219583549257491,0.587441114544033
2025-07-07,0.6963983451277,0.351239618940127,0.214139004944526,0.576296655262157
2025-07-08,0.703247185059909,0.352066103814932,0.224423160644317,0.585512202933559
2025-07-09,0.69968058696053,0.347107391606246,0.22351576125511,0.567509709195751
2025-07-10,0.70853791594845,0.354545459919275,0.229565312483074,0.579725672490122
2025-07-11,0.708403338824941,0.349586747710589,0.233799916954901,0.580797278696608
2025-07-14,0.703153046779186,0.341322293042826,0.233497450491832,0.594513551996456
2025-07-15,0.713871853001014,0.361983429712233,0.233497450491832,0.593656246592468
2025-07-16,0.707090469180115,0.35371897504447,0.230775104346489,0.586369508337547
2025-07-17,0.720328669585016,0.363636300941771,0.240756941560933,0.58529790213106
2025-07-18,0.732880361535559,0.373553626839072,0.249831231408448,0.586583809140045
2025-07-21,0.738904688422134,0.373553626839072,0.257393040962896,0.595799459005441
2025-07-22,0.749912856460865,0.374380111713877,0.270702157248821,0.601800290251377
2025-07-23,0.750188831202874,0.371900755609534,0.270097076344961,0.617659673770204
2025-07-24,0.752228474839717,0.374380111713877,0.277961352362478,0.591084432574498
2025-07-25,0.74722476895173,0.37685946781822,0.271306942197237,0.587869716149031
2025-07-28,0.754825139906539,0.391735505924207,0.274634221268718,0.583369092714579
2025-07-29,0.759662896311376,0.390909021049402,0.280986312948612,0.57801116387614
2025-07-30,0.757791614617527,0.388429664945059,0.280078765581683,0.581011579499108
2025-07-31,0.744241649733153,0.408264415259732,0.256788256014479,0.575225049055671
2025-08-01,0.720650652737098,0.380991695152101,0.250133549893795,0.575653752854661
2025-08-04,0.715238651802222,0.361983429712233,0.25588070864755,0.595799459005441
2025-08-05,0.728065665855595,0.387603278590326,0.265257464958135,0.597728268421923
2025-08-06,0.728139756039834,0.380165210277297,0.268584596051894,0.600514383242392
2025-08-07,0.732275848889812,0.391735505924207,0.268282129588825,0.60394350266435
2025-08-08,0.733704775632169,0.397520604487627,0.265257464958135,0.609087028506298
2025-08-11,0.737750082335137,0.411570157718809,0.271004475734168,0.592156038780984
2025-08-12,0.739983487797912,0.407437930384928,0.278868899729407,0.585726605930051
2025-08-13,0.755975879304312,0.422313968490915,0.289455521892267,0.589155623158016
2025-08-14,0.752712024730442,0.419008226031838,0.287338256650784,0.591084432574497
2025-08-15,0.762986834920141,0.42314045336572,0.29913474466592,0.586155207535048
2025-08-18,0.765819145688485,0.413223127468419,0.308814115417295,0.588727021553018
2025-08-19,0.75744223583348,0.407437930384928,0.30215940929661,0.584011995122075
2025-08-20,0.763602502791684,0.391735505924207,0.320005522528571,0.580368677091611
2025-08-21,0.769399396263397,0.396694218132893,0.32424020098926,0.584654999723564
2025-08-22,0.796100254190522,0.385123922485983,0.354790349603285,0.581225880301606
2025-08-25,0.829687991440241,0.403305703051047,0.380803353293554,0.591727437175987
2025-08-26,0.821724978901066,0.396694218132893,0.373543862224453,0.596442361412937
2025-08-27,0.803530169305642,0.408264415259733,0.353580483751009,0.596656662215436
2025-08-28,0.823299038311939,0.399173475717165,0.378988406537418,0.600514383242392
2025-08-29,0.836877439639107,0.398347089362431,0.391692441919483,0.604372104269347
2025-09-01,0.848214591140359,0.38264456638164,0.39622958684324,0.638876986127471
2025-09-02,0.843177797181023,0.385123922485983,0.388365310825723,0.643806313360913
2025-09-03,0.839711841340525,0.385123922485983,0.375963593929006,0.664809324915681
2025-09-04,0.817339495598105,0.390082634694669,0.347833324997254,0.660951603888726
2025-09-05,0.840462019633988,0.40578505915539,0.377476074222072,0.666309532727165
2025-09-08,0.847140345041473,0.401652831821508,0.377778540685141,0.681740314640995
2025-09-09,0.858344041130387,0.40578505915539,0.369611650226834,0.707243949630215
2025-09-10,0.856761223040879,0.414049513823152,0.372636462835246,0.703171927800761
2025-09-11,0.869655145311901,0.411570157718809,0.409538555151444,0.69802829976482
2025-09-12,0.86732653550699,0.416528869927495,0.397741919158586,0.704672135612245
2025-09-15,0.864830820281769,0.427272680699601,0.40016179884086,0.699742910572795
2025-09-16,0.878893358820736,0.434710650492559,0.397439452695517,0.721388722341067
2025-09-17,0.87192979408534,0.42892555192914,0.407421141932238,0.706815348025217
2025-09-18,0.856462454723274,0.441322233930784,0.389575028700278,0.684955031066462
2025-09-19,0.86362932836447,0.447107431014274,0.39259984130869,0.69267037092638
2025-09-22,0.889671561346578,0.4636363403498,0.397136986232447,0.724817943957017
2025-09-23,0.914138781232886,0.487603219478283,0.398044533599376,0.745177848716304
2025-09-24,0.913433100845724,0.475206537476639,0.410445954540651,0.755250701791694
2025-09-25,0.908462081059387,0.470247923788024,0.420125325292025,0.745820853317793
2025-09-26,0.907908532978509,0.471074310142758,0.4068162090061,0.748821268940761
2025-09-29,0.930851042126153,0.487603219478284,0.430107014528748,0.770038581298028
2025-09-30,0.945862974050477,0.498347030250389,0.434039226526367,0.78718387182584
2025-10-09,1.00493834044587,0.529751977691902,0.456724803167432,0.870767316439915
2025-10-10,0.99284742250251,0.537190046004931,0.427384520405683,0.843549172836712
2025-10-13,0.990925917190039,0.511570197126838,0.419217777925097,0.898628464644607
2025-10-14,0.991235510774681,0.495867674146047,0.405001410227686,0.923703395834837
2025-10-15,1.02403340958866,0.508264454667761,0.423452456385785,0.968924237563833
2025-10-16,1.03626145912515,0.519008265439867,0.427989601309543,0.981140303052195
2025-10-17,1.05074339071067,0.493388416561774,0.398649466525514,1.05057866837344
2025-10-20,1.02553264677096,0.536363561130126,0.403488929934619,0.986283726700151
2025-10-21,1.05895612894524,0.547933856777037,0.424662322238061,1.03386197945063
2025-10-22,1.01748506219723,0.556198311444799,0.420125325292025,0.950492937833042
2025-10-23,1.00853929029712,0.556198311444799,0.425569721627268,0.927561219055785
2025-10-24,0.962013590522412,0.485950348248745,0.425569721627268,0.927561219055785
2025-10-27,1.13442634698256,0.616528850223482,0.459749615775844,0.910415724139987
2025-10-28,1.10242460562517,0.620661077557363,0.452490124706744,0.842477566630226
2025-10-29,1.13337328610461,0.65289250987368,0.470638704401773,0.862837675777498
2025-10-30,1.12241574531999,0.640495827872036,0.458842068408916,0.865409489795468
2025-10-31,1.1177737375784,0.638016471767693,0.438576223472403,0.884697788348268
2025-11-03,1.11550494808077,0.633057759559007,0.440693636691608,0.885340792949757
2025-11-04,1.08945984742302,0.603305781867104,0.430409480991817,0.87248192724789
2025-11-05,1.07465510398881,0.580165190573283,0.432224279770231,0.865838091400465
2025-11-06,1.10022031519153,0.610743751660062,0.453397524095951,0.876339546080853
2025-11-07,1.09252968289044,0.590082614990655,0.450372859465261,0.884483589739762
2025-11-10,1.1231238601322,0.6123966228896,0.454002604999811,0.91513075057093
2025-11-11,1.13075648149671,0.619008206327824,0.440693636691608,0.942134695565627
2025-11-12,1.13815598418453,0.631404888329469,0.441298421640024,0.935062258113205
2025-11-13,1.14972944281098,0.632231373204273,0.455514789337435,0.966352423545862
2025-11-14,1.10415510621073,0.58925613011585,0.434039226526367,0.949421331626555
2025-11-17,1.08907886008447,0.57768593298901,0.424662322238061,0.903557689684056
2025-11-18,1.05333105665905,0.523966879128482,0.416495579757475,0.881054572511796
2025-11-19,1.05946936946094,0.517355295690258,0.420730110240442,0.918988573791878
2025-11-20,1.05946936946094,0.576032963239401,0.41437816653827,0.908058313118508
2025-11-21,0.995752283892538,0.52727272010763,0.380500886830485,0.891984628797182
2025-11-24,1.0043917927056,0.533884205025783,0.378383621589002,0.898199863039609
2025-11-25,1.0043917927056,0.567768508571639,0.390482576067207,0.93099023628375
2025-11-26,1.00461413351543,0.592561971094998,0.399254399451653,0.931204434892256
2025-11-27,1.0043917927056,0.590909001345389,0.398044533599377,0.93099023628375
2025-11-28,1.01707222005523,0.605785039451376,0.401976745596996,0.943206301772113
2025-12-01,1.03798371267085,0.599999940887956,0.41770529763203,0.963352007922893
2025-12-02,1.02708307258613,0.603305781867104,0.411353353929858,0.952850553242505
2025-12-03,1.02481436666811,0.623966918536511,0.405001410227686,0.949421331626555
2025-12-04,1.01981820558753,0.623966918536511,0.408631155762237,0.942563297170624
2025-12-05,1.03283430046759,0.622314047306972,0.421032576703511,0.957993976890461
2025-12-08,1.02548980601293,0.613223107764405,0.431316732403302,0.952421747249523
2025-12-09,1.01025904091173,0.593388357449732,0.424057389311923,0.938705473949676
2025-12-10,1.01025904091173,0.60661152432618,0.422242590533509,0.949207133018049
2025-12-11,1.01357434138052,0.585123902781969,0.411958434833718,0.952421747249523
2025-12-12,1.01357434138052,0.587603258886312,0.419822710851235,0.977496882827738
2025-12-15,1.03786763930219,0.57190073590552,0.411655820392927,1.00407202182945
2025-12-16,1.01367734560052,0.547933856777037,0.397439452695517,0.980282895454215
2025-12-17,1.03107148396711,0.569421478321248,0.42133504316658,0.995285177957039
2025-12-18,1.02484214649935,0.552066084110918,0.411958434833718,0.996999584377029
2025-12-19,1.02375559974775,0.583471031552431,0.418007912072821,0.995927978170543
2025-12-22,1.05737358382549,0.607438009200985,0.430711799477164,1.03836260288508
2025-12-23,1.06941099988742,0.599173456013152,0.433736612085577,1.06579514948477
2025-12-24,1.07170126701526,0.597520584783613,0.438878689935472,1.06643815408626
2025-12-25,1.06213723574326,0.59504122867927,0.441600888103094,1.05015006676844
2025-12-26,1.07584473944517,0.594214842324537,0.44704558039378,1.06815256050625
2025-12-29,1.06079766187318,0.583471031552431,0.440693636691608,1.04950706216695
2025-12-30,1.03326967294127,0.581818160322892,0.443718301322299,1.00664383584742
2025-12-31,1.02253672053114,0.57355370565513,0.437668824083196,0.993356164152572
2026-01-05,1.06262586227426,0.59504122867927,0.465194160088809,1.03493358565711
2026-01-06,1.08810782061982,0.590909001345389,0.487879884707596,1.05250747778992
2026-01-07,1.07819350933216,0.585950387656774,0.482435340394632,1.03986281069656
2026-01-08,1.06910739566385,0.569421478321248,0.470941170864843,1.03836260288508
2026-01-09,1.08294646370516,0.572727220780325,0.477595729007805,1.05572229640938
2026-01-12,1.10942328945506,0.564462766112562,0.486065085929182,1.09537090849744
2026-01-13,1.10742124534909,0.582644546677626,0.480922860101565,1.0987999257254
2026-01-14,1.11504305238568,0.577685932989011,0.471848718231772,1.1264466709336
2026-01-15,1.11081947176369,0.571074349550787,0.474570916399393,1.11465920705024
2026-01-16,1.10704769098789,0.57355370565513,0.469731305012567,1.11251619902525
2026-01-19,1.12275710289408,0.559504053903876,0.470351923577201,1.14444916467141
2026-01-20,1.12710070137126,0.55041321288138,0.46600729766932,1.16073725198923
2026-01-21,1.16494129715163,0.549586728006575,0.467869301340943,1.22396058745603
2026-01-22,1.15957366833694,0.571074349550787,0.466938373493993,1.21624514540212
2026-01-23,1.19196183804854,0.562809894883024,0.459800668089817,1.27539645903947
2026-01-26,1.24182918443899,0.555371826569995,0.462283290326074,1.34119160852424
