Date,动量策略,沪深300ETF,等权重组合
2025-01-03,0.0,0.0,0.0
2025-01-06,0.0,-0.0043300944727052435,-0.0010846957215894322
2025-01-07,0.0,0.0,0.0
2025-01-08,0.0,-0.0016189658631089714,-0.00040645778851689207
2025-01-09,0.0,-0.003777587013920859,-0.0009484015065394149
2025-01-10,0.0,-0.015380175699534614,-0.0038613489909105304
2025-01-13,0.0,-0.01942759035730665,-0.004877493462202705
2025-01-14,0.0,0.0,0.0
2025-01-15,0.0,-0.006162800565723579,-0.0015553487270308643
2025-01-16,0.0,-0.005626904864356142,-0.0014201010116368714
2025-01-17,0.0,-0.0021435828054693026,-0.0005409908615759721
2025-01-20,0.0,0.0,0.0
2025-01-21,0.0,0.0,0.0
2025-01-22,0.0,-0.009604944636271385,-0.002431827683983838
2025-01-23,0.0,-0.006670100441855079,-0.0016887692249887981
2025-01-24,0.0,0.0,0.0
2025-01-27,0.0,-0.005858746429231307,-0.0014854145317328797
2025-02-05,0.0,-0.011184879546714243,-0.00283579137876277
2025-02-06,0.0,0.0,0.0
2025-02-07,0.0,0.0,0.0
2025-02-10,0.0,0.0,0.0
2025-02-11,0.0,-0.004190599468559971,-0.001075725677221843
2025-02-12,0.0,0.0,0.0
2025-02-13,0.0,-0.0026041195376677205,-0.0006713355605255892
2025-02-14,0.0,0.0,0.0
2025-02-17,0.0,0.0,0.0
2025-02-18,0.0,-0.0074992187317920005,-0.001943350596546573
2025-02-19,0.0,-0.0020687499949772516,-0.0005360967162888843
2025-02-20,0.0,-0.005171874987442915,-0.0013402417907218806
2025-02-21,0.0,0.0,0.0
2025-02-24,0.0,-0.0033324194849683577,-0.0008691768218986248
2025-02-25,0.0,-0.01384235786063763,-0.0036104267986559442
2025-02-26,0.0,-0.005383139168026005,-0.001404054866143966
2025-02-27,0.0,-0.0020507196830576472,-0.0005348780442453414
2025-02-28,0.0,-0.020763536790956234,-0.005415640197984026
2025-03-03,0.0,-0.02409595627592459,-0.006284817019882651
2025-03-04,0.0,-0.025121316117453416,-0.006552256042005322
2025-03-05,0.0,-0.020763536790956445,-0.005415640197984246
2025-03-06,0.0,-0.006664838969936715,-0.0017383536437976888
2025-03-07,0.0,-0.00922823857375835,-0.0024069511991042557
2025-03-10,0.0,-0.01332967793987343,-0.0034767072875949386
2025-03-11,0.0,-0.010253598415287385,-0.002674390221227146
2025-03-12,0.0,-0.012816998019109233,-0.0033429877765339326
2025-03-13,0.0,-0.01794379722675271,-0.004680182887147286
2025-03-14,0.0,0.0,0.0
2025-03-17,0.0,-0.003051828054624747,-0.0008006575814929781
2025-03-18,0.0,-0.0007629570136562395,-0.0002001643953732993
2025-03-19,0.0,0.0,0.0
2025-03-20,0.0,-0.008386128894361673,-0.0022013677136682344
2025-03-21,0.0,-0.02515838668308481,-0.006604103141004703
2025-03-24,0.0,-0.020838259676898428,-0.0054700652279029115
2025-03-25,0.0,-0.020330009440876675,-0.0053366490028319965
2025-03-26,0.0,-0.024396011329051965,-0.00640397880339844
2025-03-27,0.0,-0.02083825967689864,-0.0054700652279029115
2025-03-28,0.0,-0.025666636919106773,-0.006737519366075398
2025-03-31,0.0,-0.0317656397513695,-0.008338514066925063
2025-04-01,0.0,-0.03227388998739147,-0.008471930291995979
2025-04-02,0.0,-0.03303626534142431,-0.00867205462960224
2025-04-03,0.0,-0.03811876770164332,-0.010006216880310295
2025-04-07,0.0,-0.10520779885653449,-0.02761715858965639
2025-04-08,0.0,-0.09631341972615105,-0.025282374650917348
2025-04-09,0.0,-0.08716491547775676,-0.02288088259964307
2025-04-10,0.0,-0.07115503304306678,-0.018678271509912647
2025-04-11,0.0,-0.06835965674494629,-0.01794448227202327
2025-04-14,0.0,-0.06632665580085896,-0.01741081737173994
2025-04-15,0.0,-0.06556428044682622,-0.017210693034133785
2025-04-16,0.0,-0.0632771543847276,-0.016610320021315107
2025-04-17,0.0,-0.06251477903069454,-0.016410195683708845
2025-04-18,0.0,-0.05997352785058504,-0.015743114558355035
2025-04-21,0.0,-0.05946527761456318,-0.01560969833328412
2025-04-22,0.0,-0.05870290226053023,-0.015409573995677859
2025-04-23,0.0,-0.05768640178848641,-0.015142741545536248
2025-04-24,0.0,-0.05768640178848641,-0.015142741545536248
2025-04-25,0.0,-0.05768640178848641,-0.015142741545536248
2025-04-28,0.0,-0.059211152496552094,-0.015542990220748664
2025-04-29,0.0,-0.060990028322628544,-0.01600994700849643
2025-04-30,0.0,-0.0617524036766616,-0.01621007134610269
2025-05-06,0.0,-0.052349774310256315,-0.013741871182292845
2025-05-07,0.0,-0.04625077147799348,-0.01214087648144318
2025-05-08,0.0,-0.04040589376374184,-0.010606589893128864
2025-05-09,0.0,-0.04167651935379664,-0.010940130455806042
2025-05-12,0.0,-0.03024088904330382,-0.007938265391712976
2025-05-13,0.0,-0.0292243885712601,-0.007671432941571365
2025-05-14,0.0,-0.01626400755270138,-0.004269319202265772
2025-05-15,0.0,-0.02490426156507372,-0.006537395028469355
2025-05-16,0.0,-0.030495014161314695,-0.008004973504248324
2025-05-19,0.0,-0.03201976486938038,-0.00840522217946063
2025-05-20,0.0,-0.026937262509161366,-0.007071059928752795
2025-05-21,0.0,-0.022871260620986284,-0.006003730128186352
2025-05-22,0.0,-0.023379510857008037,-0.006137146353257267
2025-05-23,0.0,-0.03074913927932557,-0.00807168161678389
2025-05-26,0.0,-0.03608576675755567,-0.009472551980027293
2025-05-27,0.0,-0.04142239423578556,-0.010873422343270694
2025-05-28,0.0,-0.04243889470782949,-0.011140254793412305
2025-05-29,0.0,-0.03633989187556655,-0.00953926009256264
2025-05-30,0.0,-0.03811876770164332,-0.010006216880310514
2025-06-03,0.0,-0.03862701793766507,-0.01013963310538121
2025-06-04,0.0,-0.0343068909314789,-0.009005595192279638
2025-06-05,0.0,-0.0317656397513695,-0.00833851406692572
2025-06-06,0.0,-0.03125738951534753,-0.008205097841854806
2025-06-09,0.0,-0.028970263453249222,-0.007604724829036236
2025-06-10,0.0,-0.034815141167501076,-0.009139011417350334
2025-06-11,0.0,-0.02668313739115049,-0.007004351816217448
2025-06-12,0.0,-0.026174887155128737,-0.006870935591146533
2025-06-13,0.0,-0.03278214022341343,-0.008605346517066893
2025-06-16,0.0,-0.030240889043304027,-0.007938265391712976
2025-06-17,0.0,-0.030495014161314695,-0.008004973504248324
2025-06-18,0.0,-0.029732638807282063,-0.00780484916664228
2025-06-19,0.0,-0.03761051746562156,-0.0098728006552396
2025-06-20,0.0,-0.03633989187556676,-0.00953926009256264
2025-06-23,0.0,-0.033036265341424516,-0.00867205462960246
2025-06-24,0.0,-0.02160063503093169,-0.005670189565509394
2025-06-25,0.0,-0.005082502360219642,-0.001334162250708054
2025-06-26,0.0,-0.008894379130384059,-0.0023347839387391493
2025-06-27,0.0,-0.014739256844635909,-0.003869070527053247
2025-06-30,0.0,-0.009910879602427777,-0.002601616388880541
2025-07-01,0.0,-0.008386128894362094,-0.0022013677136682344
2025-07-02,0.0,-0.007369628422318587,-0.0019345352635266235
2025-07-03,0.0,-0.0015247507080669467,-0.0004002486752125257
2025-07-04,0.0,0.0,0.0
2025-07-07,0.0,-0.004561501012383183,-0.0011998655771896835
2025-07-08,0.0,0.0,0.0
2025-07-09,0.0,-0.0007571800553181835,-0.0001997645378938539
2025-07-10,0.0,0.0,0.0
2025-07-11,0.0,0.0,0.0
2025-07-14,0.0,-0.0002504339083138442,-6.6451008895338e-05
2025-07-15,0.0,-0.0002504339083138442,-6.6451008895338e-05
2025-07-16,0.0,-0.002504339083137403,-0.0006645100889540348
2025-07-17,0.0,0.0,0.0
2025-07-18,0.0,0.0,0.0
2025-07-21,0.0,0.0,0.0
2025-07-22,0.0,0.0,0.0
2025-07-23,0.0,-0.00048601852339172716,-0.00013183324264933436
2025-07-24,0.0,0.0,0.0
2025-07-25,0.0,-0.00531520430433816,-0.0014478751322579545
2025-07-28,0.0,-0.002657602152169481,-0.0007239375661291933
2025-07-29,0.0,0.0,0.0
2025-07-30,0.0,-0.0007230536878307196,-0.00019730766491638026
2025-07-31,0.0,-0.01928143167548612,-0.005261537731102033
2025-08-01,0.0,-0.024583825386244866,-0.0067084606071549846
2025-08-04,0.0,-0.02000448536331684,-0.005458845396018198
2025-08-05,0.0,-0.01253293058906594,-0.0034199995252163218
2025-08-06,0.0,-0.009881733733686567,-0.002696538087189954
2025-08-07,0.0,-0.010122751629630073,-0.0027623073088286756
2025-08-08,0.0,-0.01253293058906594,-0.0034199995252165378
2025-08-11,0.0,-0.007953590566137715,-0.0021703843140797505
2025-08-12,0.0,-0.0016871252716049456,-0.00046038455147169794
2025-08-13,0.0,0.0,0.0
2025-08-14,0.0,-0.0016758160253373163,-0.00045953829414552944
2025-08-15,0.0,0.0,0.0
2025-08-18,0.0,0.0,0.0
2025-08-19,0.0,-0.005187370785085693,-0.001438220536690806
2025-08-20,0.0,0.0,0.0
2025-08-21,0.0,0.0,0.0
2025-08-22,0.0,0.0,0.0
2025-08-25,0.0,0.0,0.0
2025-08-26,0.0,-0.005358255776681843,-0.0015449303924298648
2025-08-27,0.0,-0.020093459162557975,-0.005793488971611888
2025-08-28,0.0,-0.0013395639441701368,-0.000386232598107149
2025-08-29,0.0,0.0,0.0
2025-09-01,0.0,0.0,0.0
2025-09-02,0.0,-0.005739426298898646,-0.001668197936202928
2025-09-03,0.0,-0.014790060077930909,-0.0042988177586768895
2025-09-04,0.0,-0.035319546454761014,-0.010265833453556918
2025-09-05,0.0,-0.013686324251219763,-0.0039780104632534926
2025-09-08,0.0,-0.013465577085877572,-0.003913849004168603
2025-09-09,0.0,-0.01942575055011841,-0.005646208399456421
2025-09-10,0.0,-0.01721827889669612,-0.0050045938086092055
2025-09-11,0.0,0.0,0.0
2025-09-12,0.0,-0.008526324323638042,-0.0024952525463615874
2025-09-15,0.0,-0.006777334718789227,-0.00018886650190680913
2025-09-16,0.0,-0.008744948024244258,0.0
2025-09-17,0.0,-0.0015303659042427812,0.0
2025-09-18,0.0,-0.01442916424000259,-0.0017014857916511407
2025-09-19,-5.315983470000063e-05,-0.012242927233941525,-9.798910204320403e-05
2025-09-22,0.0,-0.008963571724850291,0.0
2025-09-23,0.0,-0.008307700623031827,0.0
2025-09-24,-0.005241474766241573,0.0,0.0
2025-09-25,-0.007338064672738159,0.0,0.0
2025-09-26,-0.0066464160775177245,-0.009546395436247954,-0.0026474321508642208
2025-09-29,0.0,0.0,0.0
2025-09-30,0.0,0.0,0.0
2025-10-09,0.0,0.0,0.0
2025-10-10,0.0,-0.020507098275458546,-0.004824378253773874
2025-10-13,-0.012167982290523457,-0.026215259651101518,-0.010662468806154585
2025-10-14,-0.019250540744899087,-0.036151688712406004,-0.016134261502541394
2025-10-15,-0.013659047228286522,-0.023255472271138437,-0.010328550871132632
2025-10-16,-0.008813086180555705,-0.020084271506892168,-0.007651642092039069
2025-10-17,-0.020368839448221387,-0.040591369782350714,-0.01784262429324738
2025-10-20,-0.0009849952572985436,-0.03720875563382143,-0.009871092498993471
2025-10-21,0.0,-0.022409818734006205,-0.0036398894685642285
2025-10-22,0.0,-0.025581019498252297,-0.003231000977882787
2025-10-23,0.0,-0.021775578581156984,-0.0021116859824701043
2025-10-24,0.0,-0.009725015677021474,0.0
2025-10-27,0.0,0.0,0.0
2025-10-28,0.0,-0.005063216904582706,-0.0008096847047964101
2025-10-29,0.0,0.0,0.0
2025-10-30,-0.005183916510189267,-0.008165710326104638,-0.004338519159443573
2025-10-31,-0.00622069981222708,-0.022193981911976524,-0.00880528325988932
2025-11-03,-0.009097309545820961,-0.020728341597034756,-0.009166725348170184
2025-11-04,-0.024947023713072353,-0.027847165983895174,-0.015955793087489796
2025-11-05,-0.03727457917649008,-0.026590902856802004,-0.019263721151970732
2025-11-06,-0.020984595171259404,-0.011934499707383448,-0.010154867907261443
2025-11-07,-0.03199134112073948,-0.014028271585871714,-0.014042011639712415
2025-11-10,-0.020853508256839754,-0.011515745331685551,-0.009770942484302594
2025-11-11,-0.018457450135010205,-0.02072834159703441,-0.011396577514848922
2025-11-12,-0.013964841156580615,-0.02030958722133686,-0.009307471023253744
2025-11-13,-0.013665333891351921,-0.010468859392441679,-0.006318941211206232
2025-11-14,-0.029239711683241954,-0.02533463972970901,-0.017456106010542077
2025-11-17,-0.03375623596811121,-0.03182533255302293,-0.021177097899723978
2025-11-18,-0.05378845426429803,-0.03747851662494141,-0.031344466541066006
2025-11-19,-0.05625395805459777,-0.034547235995058045,-0.03154267961958573
2025-11-20,-0.03437261191568615,-0.038944156939883526,-0.023506461305686514
2025-11-21,-0.05255570236914796,-0.06239440197895304,-0.038054392942319555
2025-11-24,-0.046441107257930096,-0.06386004229389482,-0.03743061530501749
2025-11-25,-0.046441107257930096,-0.05548495477994157,-0.029620939071332234
2025-11-26,-0.046441107257930096,-0.049413016332325026,-0.02392285266391994
2025-11-27,-0.046441107257930096,-0.050250525083720646,-0.02442836796081663
2025-11-28,-0.046441107257930096,-0.047528621641685885,-0.02127701383903231
2025-12-01,-0.046441107257930096,-0.03664100787354648,-0.016703157118849146
2025-12-02,-0.046441107257930096,-0.04103792881837231,-0.018670116149806466
2025-12-03,-0.046441107257930096,-0.04543484976319779,-0.017064329407113717
2025-12-04,-0.046441107257930096,-0.04292232350901163,-0.01712821805093398
2025-12-05,-0.046441107257930096,-0.034337858807209444,-0.013112748437475886
2025-12-08,-0.04844108409081623,-0.02721903442034885,-0.013133226258700614
2025-12-09,-0.05270509194921712,-0.032244086928721,-0.019327187109099423
2025-12-10,-0.04986242004361653,-0.033500350055814,-0.01637833588609144
2025-12-11,-0.054481761890217736,-0.040619174442674585,-0.02148380655806527
2025-12-12,-0.053948760907917656,-0.035175367558604884,-0.0166086641598651
2025-12-15,-0.05671508639250223,-0.040828551630523534,-0.01766778210986694
2025-12-16,-0.06267239835460839,-0.05066927945941889,-0.027081212592790033
2025-12-17,-0.05886604913524304,-0.03412848161936067,-0.01713242693118605
2025-12-18,-0.05858486172498545,-0.040619174442674585,-0.021573236270079687
2025-12-19,-0.05860098173688348,-0.036431630685697707,-0.015496935206717157
2025-12-22,-0.0498611877663761,-0.027637788796046746,-0.004230347339641788
2025-12-23,-0.04706107050147087,-0.02554401691755848,-0.001760364165270121
2025-12-24,-0.046365828810522265,-0.021984604724128446,-0.0009148019213723676
2025-12-25,-0.04820204056217379,-0.020100210033488778,-0.002645542044870688
2025-12-26,-0.045259928447277935,-0.016331420652209622,0.0
2025-12-29,-0.05077513584751342,-0.020728341597035276,-0.005136950250070041
2025-12-30,-0.059358357584676856,-0.018634569718547184,-0.009748414538896622
2025-12-31,-0.0633745407981018,-0.022822113475523542,-0.013811630857825413
2026-01-05,-0.04914027819691257,-0.0037687893812795043,-6.427660421643927e-05
2026-01-06,-0.040979992264549375,0.0,0.0
2026-01-07,-0.043864963227417446,-0.003724341231936074,-0.0033233508490427355
2026-01-08,-0.047004038885197316,-0.011586839388246326,-0.00839863908607109
2026-01-09,-0.04289553528653158,-0.007034866771434901,-0.004552243418001715
2026-01-12,-0.035227649083398434,-0.0012414470773119103,0.0
2026-01-13,-0.03606232066208228,-0.004758880463029532,0.0
2026-01-14,-0.03419513767579334,-0.010966115849589942,0.0
2026-01-15,-0.03555437598366646,-0.009103945233621647,-0.001848321223663051
2026-01-16,-0.03716166713600489,-0.012414470773120818,-0.002667693892882795
2026-01-19,-0.031444740515535634,-0.012000655080683572,-0.0010964939045710943
2026-01-20,-0.029687111539891405,-0.014897364927745153,-0.0015022203462595515
2026-01-21,-0.009690318932365771,-0.013655917850432728,0.0
2026-01-22,-0.007891139393777655,-0.014276641389088941,0.0
2026-01-23,-0.002811108418927911,-0.019035521852118646,0.0
2026-01-26,0.0,-0.01738025908236932,0.0
2026-01-27,0.0,-0.017794074774806563,0.0
2026-01-28,0.0,-0.01469045708152653,0.0
2026-01-29,0.0,-0.005793419694123163,0.0
2026-01-30,-0.030288553740029887,-0.01758716692858811,-0.025494392795376273
2026-02-02,-0.08232449164863176,-0.0405539378588618,-0.06363285020507414
2026-02-03,-0.05859172186931286,-0.027311835700866316,-0.04307065705092968
2026-02-04,-0.04931640011144239,-0.018414798313462776,-0.03252469785375889
2026-02-05,-0.06479205400982725,-0.024208218007585765,-0.04380915390584585
2026-02-06,-0.07332526714018725,-0.030415453394146346,-0.05277229677189392
2026-02-09,-0.05085768515881915,-0.014276641389088941,-0.03558830822505224
2026-02-10,-0.052068585547127316,-0.01303519431177686,-0.036787452727333934
2026-02-11,-0.053214269348461296,-0.015104272773963605,-0.03564805077826237
2026-02-12,-0.051399037913757814,-0.014276641389089113,-0.03692886412445121
2026-02-13,-0.05802705936496095,-0.02586348077733561,-0.044290069981680294
2026-02-24,-0.03942294157037117,-0.016552627697494653,-0.033781944050737485
2026-02-25,-0.03736976008680069,-0.00951776092605958,-0.03136892132698969
2026-02-26,-0.035004895952411644,-0.012621378619339957,-0.03244123511790207
2026-02-27,-0.039547245661671865,-0.014690457081526359,-0.0341591629696763
2026-03-02,-0.024054795803563515,-0.01179374723446495,-0.024117763514267743
2026-03-03,-0.04281784132324046,-0.024415125853804735,-0.03331104316313145
2026-03-04,-0.058363319549762524,-0.0384848593966754,-0.04673482163791418
2026-03-05,-0.05161676461289013,-0.02938091416305323,-0.03986907853483796
2026-03-06,-0.056025175068114476,-0.026691112162210272,-0.0411309412404826
2026-03-09,-0.06197510664094529,-0.03455361031852018,-0.04901207819797744
2026-03-10,-0.050460064200805704,-0.023380586622711447,-0.03987788645929008
2026-03-11,-0.051836274953763216,-0.017587166928588284,-0.037350743301254284
2026-03-12,-0.056586322749036494,-0.02110460031430608,-0.04016359988510217
2026-03-13,-0.062315388763005165,-0.0246220337000237,-0.04643641493873603
2026-03-16,-0.06321051461650216,-0.024001310161367487,-0.0486306678632518
2026-03-17,-0.07081284162513553,-0.03103617693280256,-0.05196160214241328
2026-03-18,-0.06211048854638931,-0.027725651393303734,-0.049164678039669125
2026-03-19,-0.0792310623232816,-0.04076084570508059,-0.06713645721167233
2026-03-20,-0.0792310623232816,-0.04551972616811029,-0.07570943282968799
2026-03-23,-0.0792310623232816,-0.07572827171603837,-0.11504123647479818
2026-03-24,-0.0792310623232816,-0.06558978725132292,-0.0992457117948155
2026-03-25,-0.0792310623232816,-0.052140777247108465,-0.08538565199649019
2026-03-26,-0.0792310623232816,-0.0637276166353548,-0.09531307554918965
2026-03-27,-0.0792310623232816,-0.0595894597109813,-0.09412427780758222
2026-03-30,-0.0792310623232816,-0.0612447224807308,-0.09388682942724802
2026-03-31,-0.0792310623232816,-0.06890031279082208,-0.09612140666226288
2026-04-01,-0.0792310623232816,-0.05420985570929538,-0.07475100992290867
2026-04-02,-0.0792310623232816,-0.06352070878913633,-0.08788499408024128
2026-04-03,-0.0792310623232816,-0.07076248340679021,-0.08654697173440086
2026-04-07,-0.0792310623232816,-0.07241774617653988,-0.08667179600738117
2026-04-08,-0.0792310623232816,-0.040140122166425235,-0.05871278271460778
2026-04-09,-0.0792310623232816,-0.046347357552985816,-0.06871407040595658
2026-04-10,-0.08220021378735651,-0.031863808317678086,-0.06269485726205752
2026-04-13,-0.08434553260750483,-0.029794729855491166,-0.06460922903506068
2026-04-14,-0.07907975004895834,-0.017380259082370175,-0.05577363953827594
2026-04-15,-0.07147361968661374,-0.021104600314306762,-0.05072986151817256
2026-04-16,-0.06308737338966969,-0.010345392310935102,-0.04163579854726001
2026-04-17,-0.06598603603162577,-0.011793747234465978,-0.04549199459138977
2026-04-20,-0.06545973931137909,-0.006414143232780233,-0.04408162993940653
2026-04-21,-0.06468199282242533,-0.004138156924374521,-0.043810862779218925
2026-04-22,-0.06266832250074449,0.0,-0.041443962632839025
2026-04-23,-0.06126550575849031,-0.0020626767022780407,-0.04334041249006469
2026-04-24,-0.062438521246495834,-0.00598176243660654,-0.04591892387159507
2026-04-27,-0.056661480515711425,-0.00598176243660654,-0.03954272622979619
2026-04-28,-0.05653431735162084,-0.0084569744793406,-0.04186794176846446
2026-04-29,-0.05489013191383049,0.0,-0.041287604970096876
2026-04-30,-0.05472414831185733,0.0,-0.04052616160157376
2026-05-06,-0.0446029694319016,0.0,-0.02787526149375837
2026-05-07,-0.036431477097855824,0.0,-0.018274062718236637
2026-05-08,-0.036169447885491444,-0.0052535128112660085,-0.019084102704683307
2026-05-11,-0.025036839218544587,0.0,-0.0116389154982852
2026-05-12,-0.029398525254839922,-0.0005996318864892598,-0.014409254292378843
2026-05-13,-0.024079932911426592,0.0,-0.009864620330759912
2026-05-14,-0.026931521400779035,-0.015037387211086876,-0.012955496159310709
2026-05-15,-0.031617567933597414,-0.027502589767645507,-0.022845213973645664
2026-05-18,-0.038513161875907496,-0.03264695907670167,-0.029516511092024224
2026-05-19,-0.04041013481371073,-0.02928333299001119,-0.030848590639416733
2026-05-20,-0.039193682403318185,-0.02888761227392991,-0.0328387139634519
2026-05-21,-0.03409283424572099,-0.04135281483048871,-0.02893401482183177
2026-05-22,-0.02518079834235828,-0.030668355496295267,-0.020240678406064826
2026-05-25,-0.008686396479841168,-0.01582882864324911,-0.004194850537087923
2026-05-26,-0.014940124209127917,-0.00890371611182743,-0.00924679034046753
2026-05-27,-0.010067013877099048,-0.016818130433452066,-0.009388626830464214
2026-05-28,-0.011648212280091315,-0.016818130433452233,-0.015497262512383059
2026-05-29,-0.0015764857417263306,-0.018598873655817586,-0.002487039895833195
2026-06-01,0.0,-0.02948119334805142,0.0
2026-06-02,-0.001623748681217257,-0.016026689001289507,0.0
2026-06-03,-0.022242917269444707,-0.010288738618111668,-0.00676398542337261
2026-06-04,-0.036322329441935426,-0.018005292581695583,-0.016043208516443263
2026-06-05,-0.04613759704592475,-0.03442770229906686,-0.025972188750132002
2026-06-08,-0.06892492352454187,-0.055005179535291014,-0.05006718127065318
2026-06-09,-0.04766546851618928,-0.0377913283857575,-0.033305677077343936
2026-06-10,-0.06105503267409454,-0.04610146342346326,-0.048979207974077114
2026-06-11,-0.06368935961852848,-0.05263085523880366,-0.05781489726613597
2026-06-12,-0.05720486252453726,-0.03937421125008247,-0.04649201877186106
2026-06-15,-0.037751371242563815,-0.019390315087979983,-0.02265079609029169
2026-06-16,-0.033293279490444694,-0.02117105831034534,-0.019967267615703627
2026-06-17,-0.03240458079360853,-0.011673761124395741,-0.017165366674078794
2026-06-18,-0.03465486365318548,-0.006529391815339907,-0.01842250860901417
2026-06-22,-0.0361282095999156,0.0,-0.01875493739122896
2026-06-23,-0.05448592432991944,-0.02905576847626615,-0.040778453942137555
2026-06-24,-0.05135420305933494,-0.024180639537295275,-0.03826353701928413
2026-06-25,-0.047493388519258745,-0.008385221775029827,-0.03636227633562873
2026-06-26,-0.04921417985564538,-0.03588094899082544,-0.048166089401126384
2026-06-29,-0.04853798048778367,-0.025740680797766136,-0.041363867577605656
2026-06-30,-0.04767985096112414,-0.014040371344236134,-0.0363917597232041
2026-07-01,-0.04760443377087751,-0.01813547965297158,-0.039464463849365805
2026-07-02,-0.05080719534120321,-0.04699624297167911,-0.049440425055068654
2026-07-03,-0.05017041388665041,-0.0419261088751493,-0.04226452471698805
2026-07-06,-0.05014592229224444,-0.04173110371759052,-0.042669146861336577
2026-07-07,-0.051394993606944064,-0.05167636675309105,-0.046616595158126925
2026-07-08,-0.052080758250308806,-0.05713651116473858,-0.05184743598686378
2026-07-09,-0.051756548934865476,-0.03412590257279612,-0.04308395693835124
2026-07-10,-0.051756548934865476,-0.05109135128041456,-0.04713305666273192
2026-07-13,-0.051756548934865476,-0.06766678967291544,-0.05556079817210704
2026-07-14,-0.051756548934865476,-0.04953131001994402,-0.051078546715629385
2026-07-15,-0.051756548934865476,-0.04933630486238508,-0.048898632990453175
2026-07-16,-0.051756548934865476,-0.0659117432548858,-0.05647355084381016
2026-07-17,-0.051756548934865476,-0.09789258909453473,-0.0744278112633725
2026-07-20,-0.051756548934865476,-0.08599727448344578,-0.07213848910139317
2026-07-21,-0.051756548934865476,-0.059281567897885606,-0.056645065998558224
2026-07-22,-0.051756548934865476,-0.06357168136418015,-0.05575943331662914
2026-07-23,-0.051756548934865476,-0.059281567897885606,-0.054381023752349954
2026-07-24,-0.051756548934865476,-0.07605201144794542,-0.06668445067240986
2026-07-27,-0.051756548934865476,-0.0659117432548858,-0.059271155465859905
2026-07-28,-0.051756548934865476,-0.09048239310729894,-0.07498964156506306
2026-07-29,-0.051756548934865476,-0.08463223838053403,-0.0727253883011939
2026-07-30,-0.051756548934865476,-0.09477250657359333,-0.08049969252194557
2026-07-31,-0.051756548934865476,-0.08541225901076929,-0.06732142014277967
2026-08-03,-0.051756548934865476,-0.09594253751894631,-0.06892833651165275
2026-08-04,-0.051756548934865476,-0.08580226932588733,-0.05816869791704243
2026-08-05,-0.051756548934865476,-0.07351694439968051,-0.03994201369730771
2026-08-06,-0.05147043395447256,-0.07449197018747472,-0.03945177746759432
2026-08-07,-0.04368448961935901,-0.06630175357000367,-0.032089632942037254
2026-08-10,-0.045454022422793915,-0.06474171230953314,-0.029619071931497223
2026-08-11,-0.06173372421439437,-0.07078687219385667,-0.03695777661528581
2026-08-12,-0.057840752046837876,-0.06688676904268016,-0.03227493177039355
2026-08-13,-0.055208332377203274,-0.07059186703629773,-0.03477858879086324
2026-08-14,-0.05311536722113672,-0.07117688250897407,-0.03250569224360506
2026-08-17,-0.05256458691690875,-0.0565514956920616,-0.02415611167581293
2026-08-18,-0.05449231798170683,-0.05928156789788545,-0.029030999473502305
2026-08-19,-0.05664036116819615,-0.08521725385321036,-0.04384125711965127
2026-08-20,-0.05645466705622216,-0.08541225901076929,-0.03637055666864084
2026-08-21,-0.058860057591756124,-0.08014711975668071,-0.03333905163058593
2026-08-24,-0.0629633708582551,-0.09048239310729879,-0.035837610464369264
2026-08-25,-0.05886005759175631,-0.09262744984044614,-0.033616539854618745
2026-08-26,-0.05772810910444611,-0.08560726416832791,-0.030949884352193136
