Date,龙头动量轮动策略,沪深300ETF |,等权重组合
2021-01-05,0.0,0.0,0.0
2021-01-06,0.0,0.0,0.0
2021-01-07,0.0,0.0,0.0
2021-01-08,0.0,-0.004942214375363317,0.0
2021-01-11,0.0,-0.01606219671993083,0.0
2021-01-12,0.0,0.0,0.0
2021-01-13,0.0,-0.003836444274463848,0.0
2021-01-14,0.0,-0.021797978832181097,0.0
2021-01-15,0.0,-0.02476250395335766,0.0
2021-01-18,0.0,-0.027029493751904395,0.0
2021-01-19,0.0,-0.04010828105121305,0.0
2021-01-20,0.0,-0.034876766131489545,0.0
2021-01-21,0.0,-0.018484686049689204,0.0
2021-01-22,0.0,-0.017961534557716832,0.0
2021-01-25,0.0,-0.0064522017343252875,0.0
2021-01-26,0.0,-0.0273782614132191,0.0
2021-01-27,0.0,-0.025634423106644526,0.0
2021-01-28,0.0,-0.049350624076057656,0.0
2021-01-29,0.0,-0.05580282581038315,0.0
2021-02-01,0.0,-0.044816644478963975,0.0
2021-02-02,0.0,-0.030865938026367824,0.0
2021-02-03,0.0,-0.031912241010312356,0.0
2021-02-04,0.0,-0.033830463147544385,0.0
2021-02-05,0.0,-0.03243539250228473,0.0
2021-02-08,0.0,-0.019879756694948233,0.0
2021-02-09,0.0,0.0,0.0
2021-02-10,0.0,0.0,0.0
2021-02-18,0.0,-0.007321047273032726,0.0
2021-02-19,0.0,-0.0018728260465898712,0.0
2021-02-22,0.0,-0.037116007105143296,0.0
2021-02-23,0.0,-0.03966986080503857,0.0
2021-02-24,0.0,-0.06469762706401129,0.0
2021-02-25,0.0,-0.05601452448436775,0.0
2021-02-26,0.0,-0.08138280456999317,0.0
2021-03-01,0.0,-0.06622993928394846,0.0
2021-03-02,0.0,-0.07797766630346634,0.0
2021-03-03,0.0,-0.0601006904042004,0.0
2021-03-04,0.0,-0.08853359492969985,0.0
2021-03-05,0.0,-0.09210899010955304,0.0
2021-03-08,0.0,-0.12377677598825317,0.0
2021-03-09,0.0,-0.140972724234214,0.0
2021-03-10,0.0,-0.1373973290543608,0.0
2021-03-11,0.0,-0.11543418723526254,0.0
2021-03-12,0.0,-0.11322084736201997,0.0
2021-03-15,0.0,-0.13058705252130726,0.0
2021-03-16,0.0,-0.12496857438153784,0.0
2021-03-17,0.0,-0.12105266537503195,0.0
2021-03-18,0.0,-0.11424238884197818,0.0
2021-03-19,0.0,-0.13790809979434018,0.0
2021-03-22,0.0,-0.12820345573473832,0.0
2021-03-23,0.0,-0.13586501683442376,0.0
2021-03-24,0.0,-0.14880454224722608,0.0
2021-03-25,0.0,-0.14948556990053138,0.0
2021-03-26,0.0,-0.1317788509145916,0.0
2021-03-29,0.0,-0.13007628178132818,0.0
2021-03-30,0.0,-0.12258497759496902,0.0
2021-03-31,0.0,-0.12888448338804384,0.0
2021-04-01,0.0,-0.11832855476181042,0.0
2021-04-02,0.0,-0.10998596600881969,0.0
2021-04-06,0.0,-0.11475315958195734,0.0
2021-04-07,0.0,-0.12071215154837925,0.0
2021-04-08,0.0,-0.11883932550178958,0.0
2021-04-09,0.0,-0.13092756634796004,0.0
2021-04-12,0.0,-0.1452291470673731,0.0
2021-04-13,0.0,-0.14642094546065737,0.0
2021-04-14,0.0,-0.14165375188751983,0.0
2021-04-15,0.0,-0.14642094546065737,0.0
2021-04-16,0.0,-0.14369683484743595,0.0
2021-04-19,0.0,-0.12224446376831641,0.0
2021-04-20,0.0,-0.12360651907492723,0.0
2021-04-21,0.0,-0.12156343611501111,0.0
2021-04-22,0.0,-0.12224446376831641,0.0
2021-04-23,0.0,-0.11356136118867287,0.0
2021-04-26,0.0,-0.12445780364155888,0.0
2021-04-27,0.0,-0.12224446376831621,0.0
2021-04-28,0.0,-0.11577470106191534,0.0
2021-04-29,0.0,-0.10794288304890345,0.0
2021-04-30,0.0,-0.11560444414858899,0.0
2021-05-06,0.0,-0.12701165734145417,0.0
2021-05-07,0.0,-0.13739732905436122,0.0
2021-05-10,0.0,-0.13756758596768767,0.0
2021-05-11,0.0,-0.13314090622120264,0.0
2021-05-12,0.0,-0.12786294190808592,0.0
2021-05-13,0.0,-0.13722707214103477,0.0
2021-05-14,0.0,-0.11577470106191545,0.0
2021-05-17,0.0,-0.10538902934900848,0.0
2021-05-18,0.0,-0.10504851552235578,0.0
2021-05-19,0.0,-0.10743211230892472,0.0
2021-05-20,0.0,-0.10504851552235578,0.0
2021-05-21,0.0,-0.11441264575530494,0.0
2021-05-24,0.0,-0.10964545218216729,0.0
2021-05-25,0.0,-0.0817233183966469,0.0
2021-05-26,0.0,-0.08155306148332055,0.0
2021-05-27,0.0,-0.07831818013011985,0.0
2021-05-28,0.0,-0.08087203383001514,0.0
2021-05-31,0.0,-0.07985049235005702,0.0
2021-06-01,0.0,-0.0784884370434462,0.0
2021-06-02,0.0,-0.08580948431647903,0.0
2021-06-03,0.0,-0.09279001776285926,0.0
2021-06-04,0.0,-0.08717153962308975,0.0
2021-06-07,0.0,-0.08819308110304776,0.0
2021-06-08,0.0,-0.09534387146275423,0.0
2021-06-09,0.0,-0.09398181615614332,0.0
2021-06-10,0.0,-0.08819308110304766,0.0
2021-06-11,0.0,-0.09653566985603838,0.0
2021-06-15,0.0,-0.10658082774229286,0.0
2021-06-16,0.0,-0.11866906858846323,0.0
2021-06-17,0.0,-0.11679624254187336,0.0
2021-06-18,0.0,-0.1159449579752417,0.0
2021-06-21,0.0,-0.11713675636852616,0.0
2021-06-22,0.0,-0.11271007662204131,0.0
2021-06-23,0.0,-0.10743211230892472,0.0
2021-06-24,0.0,-0.10521877243568224,0.0
2021-06-25,0.0,-0.09142796245624835,0.0
2021-06-28,0.0,-0.08989565023631127,0.0
2021-06-29,0.0,-0.09908952355593398,0.0
2021-06-30,0.0,-0.09381155924281737,0.0
2021-07-01,0.0,-0.09415207306947018,0.0
2021-07-02,0.0,-0.11815829784848458,0.0
2021-07-05,0.0,-0.11696649945520032,0.0
2021-07-06,0.0,-0.11577470106191595,0.0
2021-07-07,0.0,-0.10675108465561971,0.0
2021-07-08,0.0,-0.11424238884197868,0.0
2021-07-09,0.0,-0.11832855476181103,0.0
2021-07-12,0.0,-0.10675108465561971,0.0
2021-07-13,0.0,-0.10402697404239808,0.0
2021-07-14,0.0,-0.11373161810199953,0.0
2021-07-15,0.0,-0.1021541479958081,0.0
2021-07-16,0.0,-0.11083725057545164,0.0
2021-07-19,0.0,-0.10709159848227211,0.0
2021-07-20,0.0,-0.10930493835551458,0.0
2021-07-21,0.0,-0.10266491873578726,0.0
2021-07-22,0.0,-0.1018136341691556,0.0
2021-07-23,0.0,-0.1106669936621255,0.0
2021-07-26,0.0,-0.14046195349423576,0.0
2021-07-27,0.0,-0.16991639949969334,0.0
2021-07-28,0.0,-0.1682138303664299,0.0
2021-07-29,0.0,-0.1534014789070379,0.0
2021-07-30,0.0,-0.15919021396013366,0.0
2021-08-02,0.0,-0.1385891274476459,0.0
2021-08-03,0.0,-0.1382486136209932,0.0
2021-08-04,0.0,-0.130757309434634,0.0
2021-08-05,0.0,-0.13586501683442426,0.0
2021-08-06,0.0,-0.1385891274476459,0.0
2021-08-09,0.0,-0.12922499721469694,0.0
2021-08-10,0.0,-0.11952035315509539,0.0
2021-08-11,0.0,-0.12411728981490659,0.0
2021-08-12,0.0,-0.12956551104134956,0.0
2021-08-13,0.0,-0.13416244770116095,0.0
2021-08-16,0.0,-0.1346732184411399,0.0
2021-08-17,0.0,-0.1537419927336903,0.0
2021-08-18,0.0,-0.14471837632739426,0.0
2021-08-19,0.0,-0.15050711138048992,0.0
2021-08-20,0.0,-0.16583023357986088,0.0
2021-08-23,0.0,-0.15357173582036415,0.0
2021-08-24,0.0,-0.14471837632739426,0.0
2021-08-25,0.0,-0.14233477954082543,0.0
2021-08-26,0.0,-0.15680661717356464,0.0
2021-08-27,0.0,-0.15459327730032216,0.0
2021-08-30,0.0,-0.1576579017401964,0.0
2021-08-31,0.0,-0.1579984155668491,0.0
2021-09-01,0.0,-0.14608043163400486,0.0
2021-09-02,0.0,-0.1467614592873102,0.0
2021-09-03,0.0,-0.15135839594712158,0.0
2021-09-06,0.0,-0.13705681522770863,0.0
2021-09-07,0.0,-0.12633062968814887,0.0
2021-09-08,0.0,-0.12990602486800204,0.0
2021-09-09,0.0,-0.13024653869465494,0.0
2021-09-10,0.0,-0.12190394994166391,0.0
2021-09-13,0.0,-0.12650088660147532,0.0
2021-09-14,0.0,-0.13773784288101393,0.0
2021-09-15,0.0,-0.14676145928731008,0.0
2021-09-16,0.0,-0.15629584643358527,0.0
2021-09-17,0.0,-0.14965582681385825,0.0
2021-09-22,0.0,-0.15527430495362757,0.0
2021-09-23,0.0,-0.15033685446716347,0.0
2021-09-24,0.0,-0.1491450560738791,0.0
2021-09-27,0.0,-0.14369683484743603,0.0
2021-09-28,0.0,-0.14522914706737322,0.0
2021-09-29,0.0,-0.15084762520714243,0.0
2021-09-30,0.0,-0.1484640284205738,0.0
2021-10-08,0.0,-0.13637578757440333,0.0
2021-10-11,0.0,-0.13654604448772967,0.0
2021-10-12,0.0,-0.14539940398069956,0.0
2021-10-13,0.0,-0.13586501683442426,0.0
2021-10-14,0.0,-0.14046195349423565,0.0
2021-10-15,0.0,-0.1363757875744034,0.0
2021-10-18,0.0,-0.1462506885473313,0.0
2021-10-19,0.0,-0.1382486136209932,0.0
2021-10-20,0.0,-0.14063221040756202,0.0
2021-10-21,0.0,-0.13688655831438237,0.0
2021-10-22,0.0,-0.13126808017461317,0.0
2021-10-25,0.0,-0.1283737126480653,0.0
2021-10-26,0.0,-0.13126808017461317,0.0
2021-10-27,0.0,-0.14250503645415177,0.0
2021-10-28,0.0,-0.14608043163400497,0.0
2021-10-29,0.0,-0.14063221040756202,0.0
2021-11-01,0.0,-0.14335632102078355,0.0
2021-11-02,0.0,-0.15220968051375344,0.0
2021-11-03,0.0,-0.15561481878028038,0.0
2021-11-04,0.0,-0.14761274385394205,0.0
2021-11-05,0.0,-0.15050711138048992,0.0
2021-11-08,0.0,-0.15118813903379522,0.0
2021-11-09,0.0,-0.15152865286044814,0.0
2021-11-10,0.0,-0.1557850756936066,0.0
2021-11-11,0.0,-0.14216452262749898,0.0
2021-11-12,0.0,-0.14250503645415177,0.0
2021-11-15,0.0,-0.1435265779341098,0.0
2021-11-16,0.0,-0.1442076055874152,0.0
2021-11-17,0.0,-0.14437786250074167,0.0
2021-11-18,0.0,-0.15186916668710082,0.0
2021-11-19,0.0,-0.14250503645415188,0.0
2021-11-22,0.0,-0.14029169658090943,0.0
2021-11-23,0.0,-0.13978092584093046,0.0
2021-11-24,0.0,-0.13790809979434068,0.0
2021-11-25,0.0,-0.14114298114754129,0.0
2021-11-26,0.0,-0.14829377150724765,0.0
2021-11-29,0.0,-0.14948556990053202,0.0
2021-11-30,0.0,-0.15255019434040634,0.0
2021-12-01,0.0,-0.15033685446716366,0.0
2021-12-02,0.0,-0.14863428533390013,0.0
2021-12-03,0.0,-0.1409727242342146,0.0
2021-12-06,0.0,-0.14182400880084636,0.0
2021-12-07,0.0,-0.13705681522770882,0.0
2021-12-08,0.0,-0.12479831746821189,0.0
2021-12-09,0.0,-0.11049673674879894,0.0
2021-12-10,0.0,-0.11305059044869423,0.0
2021-12-13,0.0,-0.11083725057545185,0.0
2021-12-14,0.0,-0.11611521488856856,0.0
2021-12-15,0.0,-0.12394703290158043,0.0
2021-12-16,0.0,-0.11935009624176904,0.0
2021-12-17,0.0,-0.13177885091459213,0.0
2021-12-20,0.0,-0.1445481194140679,0.0
2021-12-21,0.0,-0.1409727242342148,0.0
2021-12-22,0.0,-0.14046195349423587,0.0
2021-12-23,0.0,-0.1339921907878349,0.0
2021-12-24,0.0,-0.1379080997943409,0.0
2021-12-27,0.0,-0.13722707214103538,0.0
2021-12-28,0.0,-0.13280039239455055,0.0
2021-12-29,0.0,-0.1442076055874155,0.0
2021-12-30,0.0,-0.13807835670766705,0.0
2021-12-31,0.0,-0.136035273747751,0.0
2022-01-04,0.0,-0.13909989818762505,0.0
2022-01-05,0.0,-0.1471019731139634,0.0
2022-01-06,0.0,-0.1566363602602387,0.0
2022-01-07,0.0,-0.15459327730032246,0.0
2022-01-10,0.0,-0.15237993742708,0.0
2022-01-11,0.0,-0.16004149852676552,0.0
2022-01-12,0.0,-0.15118813903379563,0.0
2022-01-13,0.0,-0.16497894901322974,0.0
2022-01-14,0.0,-0.1724702531995887,0.0
2022-01-17,0.0,-0.1654897197532086,0.0
2022-01-18,0.0,-0.1576579017401969,0.0
2022-01-19,0.0,-0.17485384998615774,0.0
2022-01-20,0.0,-0.16838408727975676,0.0
2022-01-21,0.0,-0.17417282233285242,0.0
2022-01-24,0.0,-0.17383230850619982,0.0
2022-01-25,0.0,-0.1918795413187923,0.0
2022-01-26,0.0,-0.18745286157230737,0.0
2022-01-27,0.0,-0.20124367155174117,0.0
2022-01-28,0.0,-0.21333191239791163,0.0
2022-02-07,0.0,-0.20107341463841472,0.0
2022-02-08,0.0,-0.20481906673159436,0.0
2022-02-09,0.0,-0.19817904711186704,0.0
2022-02-10,0.0,-0.2000518731584569,0.0
2022-02-11,0.0,-0.20618112203820546,0.0
2022-02-14,0.0,-0.2145237107911962,0.0
2022-02-15,0.0,-0.20737292043148964,0.0
2022-02-16,0.0,-0.20379752525163644,0.0
2022-02-17,0.0,-0.20209495611837314,0.0
2022-02-18,0.0,-0.19800879019854078,0.0
2022-02-21,0.0,-0.20090315772508865,0.0
2022-02-22,0.0,-0.21111857252466928,0.0
2022-02-23,0.0,-0.20294624068500478,0.0
2022-02-24,0.0,-0.2174180783177441,0.0
2022-02-25,0.0,-0.21145908635132196,0.0
2022-02-28,0.0,-0.21043754487136407,0.0
2022-03-01,0.0,-0.2039677821649629,0.0
2022-03-02,0.0,-0.2099267741313849,0.0
2022-03-03,0.0,-0.2148642246178489,0.0
2022-03-04,0.0,-0.22354732719749246,0.0
2022-03-07,0.0,-0.24874535036979162,0.0
2022-03-08,0.0,-0.26270641726255145,0.0
2022-03-09,0.0,-0.26951669379560544,0.0
2022-03-10,0.0,-0.25930127899602473,0.0
2022-03-11,0.0,-0.2545340854228871,0.0
2022-03-14,0.0,-0.27837005328857545,0.0
2022-03-15,0.0,-0.31225117904051786,0.0
2022-03-16,0.0,-0.28279673303506037,0.0
2022-03-17,0.0,-0.2684951523156473,0.0
2022-03-18,0.0,-0.26372795874250965,0.0
2022-03-21,0.0,-0.2647495002224678,0.0
2022-03-22,0.0,-0.2654305278757731,0.0
2022-03-23,0.0,-0.2611741050426147,0.0
2022-03-24,0.0,-0.2657710417024258,0.0
2022-03-25,0.0,-0.2788808240285543,0.0
2022-03-28,0.0,-0.2831372468617131,0.0
2022-03-29,0.0,-0.28620187130158703,0.0
2022-03-30,0.0,-0.26526027096244703,0.0
2022-03-31,0.0,-0.2705382352755634,0.0
2022-04-01,0.0,-0.2618551326959199,0.0
2022-04-06,0.0,-0.26389821565583604,0.0
2022-04-07,0.0,-0.27275157514880594,0.0
2022-04-08,0.0,-0.2679843815756684,0.0
2022-04-11,0.0,-0.29045829413474583,0.0
2022-04-12,0.0,-0.27854031020190156,0.0
2022-04-13,0.0,-0.28398853142834446,0.0
2022-04-14,0.0,-0.27649722724198555,0.0
2022-04-15,0.0,-0.2768377410686383,0.0
2022-04-18,0.0,-0.2802428793351653,0.0
2022-04-19,0.0,-0.2848398159949764,0.0
2022-04-20,0.0,-0.29675779992782064,0.0
2022-04-21,0.0,-0.30833527003401207,0.0
2022-04-22,0.0,-0.3066327009007485,0.0
2022-04-25,0.0,-0.33949228517273305,0.0
2022-04-26,0.0,-0.3445999925725234,0.0
2022-04-27,0.0,-0.32655275975993087,0.0
2022-04-28,0.0,-0.32212608001344595,0.0
2022-04-29,0.0,-0.30510038868081146,0.0
2022-05-05,0.0,-0.30765424238070654,0.0
2022-05-06,0.0,-0.32416916297336174,0.0
2022-05-09,0.0,-0.329617384199805,0.0
2022-05-10,0.0,-0.3219558231001195,0.0
2022-05-11,0.0,-0.31259169286717065,0.0
2022-05-12,0.0,-0.31599683113369736,0.0
2022-05-13,0.0,-0.3107188668205807,0.0
2022-05-16,0.0,-0.31599683113369736,0.0
2022-05-17,0.0,-0.30765424238070654,0.0
2022-05-18,0.0,-0.3100378391672753,0.0
2022-05-19,0.0,-0.3085055269473382,0.0
2022-05-20,0.0,-0.29420394622792534,0.0
2022-05-23,0.0,-0.2996521674543684,0.0
2022-05-24,0.0,-0.3136132343471287,0.0
2022-05-25,0.0,-0.3107188668205807,0.0
2022-05-26,0.0,-0.30901629768731714,0.0
2022-05-27,0.0,-0.3073137285540538,0.0
2022-05-30,0.0,-0.30339781954754785,0.0
2022-05-31,0.0,-0.29250137709466173,0.0
2022-06-01,0.0,-0.2935229185746198,0.0
2022-06-02,0.0,-0.29165009252803026,0.0
2022-06-06,0.0,-0.2776890256352699,0.0
2022-06-07,0.0,-0.2766674841553117,0.0
2022-06-08,0.0,-0.26951669379560533,0.0
2022-06-09,0.0,-0.275305428848701,0.0
2022-06-10,0.0,-0.2654305278757731,0.0
2022-06-13,0.0,-0.2742838873687431,0.0
2022-06-14,0.0,-0.26747361083568955,0.0
2022-06-15,0.0,-0.2591310220826984,0.0
2022-06-16,0.0,-0.26372795874250976,0.0
2022-06-17,0.0,-0.25300177320295014,0.0
2022-06-20,0.0,-0.24942637802309692,0.0
2022-06-21,0.0,-0.24976689184974954,0.0
2022-06-22,0.0,-0.2582797375160667,0.0
2022-06-23,0.0,-0.24551046901659074,0.0
2022-06-24,0.0,-0.23733813717692634,0.0
2022-06-27,0.0,-0.22916580533726177,0.0
2022-06-28,0.0,-0.22031244584429185,0.0
2022-06-29,0.0,-0.2296765760772407,0.0
2022-06-30,0.0,-0.22116373041092363,0.0
2022-07-01,0.0,-0.2237175841108187,0.0
2022-07-04,0.0,-0.21895039053768106,0.0
2022-07-05,0.0,-0.22065295967094448,0.0
2022-07-06,0.0,-0.23069811755719893,0.0
2022-07-07,0.0,-0.2279740069439774,0.0
2022-07-08,0.0,-0.2286550345972827,0.0
2022-07-11,0.0,-0.24159456001008495,0.0
2022-07-12,0.0,-0.2477238088898332,0.0
2022-07-13,0.0,-0.24653201049654905,0.0
2022-07-14,0.0,-0.2463617535832225,0.0
2022-07-15,0.0,-0.25742845294943495,0.0
2022-07-18,0.0,-0.24959663493642298,0.0
2022-07-19,0.0,-0.2533422870296026,0.0
2022-07-20,0.0,-0.2512992040696866,0.0
2022-07-21,0.0,-0.2589607651693721,0.0
2022-07-22,0.0,-0.2584499944293931,0.0
2022-07-25,0.0,-0.2615146188692673,0.0
2022-07-26,0.0,-0.2565771683828032,0.0
2022-07-27,0.0,-0.26066333430263544,0.0
2022-07-28,0.0,-0.2601525635626562,0.0
2022-07-29,0.0,-0.27019772144891074,0.0
2022-08-01,0.0,-0.2671330970090362,0.0
2022-08-02,0.0,-0.279221337855207,0.0
2022-08-03,0.0,-0.2868828989548925,0.0
2022-08-04,0.0,-0.28160493464177594,0.0
2022-08-05,0.0,-0.2705382352755634,0.0
2022-08-08,0.0,-0.2729218320621324,0.0
2022-08-09,0.0,-0.2717300336688479,0.0
2022-08-10,0.0,-0.27939159476853337,0.0
2022-08-11,0.0,-0.26440898639581517,0.0
2022-08-12,0.0,-0.2642387294824887,0.0
2022-08-15,0.0,-0.2659412986157523,0.0
2022-08-16,0.0,-0.26764386774901566,-0.007265509682162844
2022-08-17,0.0,-0.26066333430263555,-0.0022102149350042176
2022-08-18,0.0,-0.26696284009571025,-0.005852937822516178
2022-08-19,0.0,-0.27207054749550064,-0.026089168561259805
2022-08-22,0.0,-0.26747361083568955,-0.014661899813956188
2022-08-23,0.0,-0.26985720762225807,-0.018883467157679197
2022-08-24,0.0,-0.28296698994838665,-0.04399656461247825
2022-08-25,0.0,-0.2768377410686383,-0.04410621312321218
2022-08-26,0.0,-0.27785928254859626,-0.04930953335986158
2022-08-29,0.0,-0.28211570538175484,-0.05543808766617686
2022-08-30,0.0,-0.28364801760169184,-0.052487545922789834
2022-08-31,0.0,-0.28364801760169184,-0.06247831949901389
2022-09-01,0.0,-0.2894367526547878,-0.061046409629292094
2022-09-02,0.0,-0.2933526616612938,-0.04951397799214806
2022-09-05,0.0,-0.2936931754879464,-0.05924847309464759
2022-09-06,0.0,-0.2887557250014827,-0.046901053981357
2022-09-07,0.0,-0.2873936696948717,-0.04032513375124657
2022-09-08,0.0,-0.2904582941347459,-0.04884512207667074
2022-09-09,0.0,-0.280583393161818,-0.045036132174700635
2022-09-13,0.0,-0.278199796375249,-0.04551938306564458
2022-09-14,0.0,-0.28603161438826086,-0.054978560725737535
2022-09-15,0.0,-0.29233112018133567,-0.07381876656190915
2022-09-16,0.0,-0.30765424238070666,-0.08650659446079641
2022-09-19,0.0,-0.3095270684272965,-0.09086342819457939
2022-09-20,-0.010956243818884605,-0.3091865546006438,-0.08738687264106176
2022-09-21,-0.014357710662146233,-0.31429426200043414,-0.08730015063711755
2022-09-22,-0.007570452858277577,-0.3192317124868982,-0.0900877148213685
2022-09-23,-0.009453555704548644,-0.3205937677935089,-0.09863451719169017
2022-09-26,-0.0189944769971401,-0.3248501906266675,-0.11272046328290025
2022-09-27,-0.010539285309551085,-0.31633734496035026,-0.1006478632096951
2022-09-28,-0.01806920053497697,-0.3258717321066255,-0.12293581694520059
2022-09-29,-0.017590337266115978,-0.32570147519329923,-0.11920477716631574
2022-09-30,-0.02111990702304523,-0.3301281549397842,-0.1284781504409466
2022-10-10,-0.051458331357206955,-0.34357845109256546,-0.15621713036689555
2022-10-11,-0.07057452109928886,-0.3440892218325444,-0.15927522733126678
2022-10-12,-0.06869421395183535,-0.33353329320631103,-0.1410963016952853
2022-10-13,-0.06889230918232318,-0.33915177134608043,-0.1420721734408178
2022-10-14,-0.06901412177365138,-0.32416916297336174,-0.1262081272273598
2022-10-17,-0.07012521236078288,-0.3243394198866884,-0.11897810379048918
2022-10-18,-0.07041276995342667,-0.3255312182799728,-0.12283753200739715
2022-10-19,-0.07156699417945485,-0.33557637616622704,-0.13513291791832074
2022-10-20,-0.07060447501518922,-0.33761945912614316,-0.13060174305247074
2022-10-21,-0.07108373766959546,-0.3413651112193228,-0.13494741257425183
2022-10-24,-0.08489808429730866,-0.3580502887253045,-0.1454866280650745
2022-10-25,-0.08842236219576187,-0.360774399338526,-0.14600137798273843
2022-10-26,-0.07373895262139203,-0.35600720576538825,-0.1362308982326254
2022-10-27,-0.06496664881080479,-0.3604338855118733,-0.12501255973850212
2022-10-28,-0.07163339202636756,-0.37507598005793885,-0.14712956147772713
2022-10-31,-0.06502525863958317,-0.3817159996776664,-0.1409939298584457
2022-11-01,-0.047512202476489976,-0.3582205456386309,-0.11711966121401235
2022-11-02,-0.045432502095526094,-0.3524318105855352,-0.10965538868602832
2022-11-03,-0.03565244870766349,-0.3575395179853255,-0.1123747714326954
2022-11-04,-0.02485306356171026,-0.33591688999287966,-0.09585123926740458
2022-11-07,-0.034856872701348934,-0.33591688999287966,-0.09086502308200851
2022-11-08,-0.03934277114659089,-0.3398327989993855,-0.09379772202228552
2022-11-09,-0.04858754805731399,-0.3466430755324394,-0.09982729362754761
2022-11-10,-0.06666224014353925,-0.35021847071229256,-0.11195990134026383
2022-11-11,-0.05751840792940031,-0.3335332932063108,-0.09280679852664293
2022-11-14,-0.0639962417820181,-0.3331927793796582,-0.0964431418644395
2022-11-15,-0.04844117325494687,-0.32042351088018245,-0.08073509557761625
2022-11-16,-0.050985658564298444,-0.32536096136664655,-0.08763966229853595
2022-11-17,-0.0480505741916059,-0.3282553288931943,-0.08925179444771858
2022-11-18,-0.05946261676410815,-0.33046866876643677,-0.0998534099091949
2022-11-21,-0.056177670653698886,-0.3360871469062061,-0.10203401974630126
2022-11-22,-0.06512071178491838,-0.3364276607328589,-0.1057031579568534
2022-11-23,-0.07474051172271413,-0.33591688999287983,-0.10834788003575739
2022-11-24,-0.06987220161781031,-0.33898151443275415,-0.10899201519608726
2022-11-25,-0.07651737801392498,-0.33540611925290087,-0.10978287999987218
2022-11-28,-0.10602647826319175,-0.3430676803525865,-0.1257518897422422
2022-11-29,-0.07710707077161727,-0.3233178784067305,-0.10665361118398832
2022-11-30,-0.07918667130619499,-0.32280710766675136,-0.10615740183268497
2022-12-01,-0.07047547348404429,-0.31514554656706584,-0.09736478743739034
2022-12-02,-0.07788996628686713,-0.31906145557357174,-0.10315073998789455
2022-12-05,-0.040697287223606,-0.30697321472740124,-0.0873161991918703
2022-12-06,-0.04512138075570688,-0.30305730572089523,-0.08459213146338064
2022-12-07,-0.05180839278769568,-0.30510038868081135,-0.08571443381097565
2022-12-08,-0.04719808574508098,-0.3035680764608742,-0.0877009657840824
2022-12-09,-0.03925860064291033,-0.2977793414077785,-0.08528441228796939
2022-12-12,-0.05744142636553626,-0.3049301317674848,-0.09099430864420989
2022-12-13,-0.05282662623553631,-0.3068029578140747,-0.09252589897823509
2022-12-14,-0.05103827760989692,-0.30510038868081135,-0.09185275680279263
2022-12-15,-0.05416007472503526,-0.3054409025074641,-0.09072586915384008
2022-12-16,-0.047802855307109614,-0.3047598748541587,-0.09764957452390575
2022-12-19,-0.06250823108647315,-0.31463477582708654,-0.1142773724548583
2022-12-20,-0.07109142584134294,-0.32536096136664644,-0.12252822352666246
2022-12-21,-0.06538919871777242,-0.3258717321066253,-0.12649411047944656
2022-12-22,-0.06321873797163025,-0.3245096768000147,-0.1308839384469143
2022-12-23,-0.0653526549403739,-0.32621224593327786,-0.13440116362986773
2022-12-26,-0.06985732450624686,-0.32467993371334103,-0.12988673508202056
2022-12-27,-0.06446961349963047,-0.3166778587870028,-0.12136186241384564
2022-12-28,-0.06573626475667158,-0.31889119866024523,-0.1285613836286396
2022-12-29,-0.0661514260310508,-0.32093428162016135,-0.13014221611203083
2022-12-30,-0.06309712507307473,-0.31821017100694005,-0.12639891563603656
2023-01-03,-0.06143837705689731,-0.31633734496035026,-0.1074549424365247
2023-01-04,-0.052183515661154735,-0.3154860603937185,-0.10542335489355276
2023-01-05,-0.02412738002582974,-0.30271679189424255,-0.09449060092965932
2023-01-06,-0.02469850135566381,-0.2999926812810212,-0.09491284737644969
2023-01-09,-0.013214769077773568,-0.2957362584478625,-0.08536744611473421
2023-01-10,-0.01584092873114677,-0.29471471696790463,-0.08575769513248267
2023-01-11,-0.012394830553193558,-0.29471471696790463,-0.0893843694652419
2023-01-12,-0.013172633902740254,-0.2936931754879466,-0.08835945493127186
2023-01-13,0.0,-0.2831372468617132,-0.08139946587219972
2023-01-16,0.0,-0.28330750377503944,-0.07037989022389772
2023-01-17,-0.008242595395287912,-0.28398853142834474,-0.07327261729798887
2023-01-18,-0.014038506231398101,-0.285520843648282,-0.07115709880407294
2023-01-19,-0.008546244243914198,-0.28075365007514425,-0.058880552500902225
2023-01-20,-0.010874088442638,-0.27683774106863845,-0.05055773213387088
2023-01-30,-0.015323760820483135,-0.2727515751488061,-0.04368486380059997
2023-01-31,-0.03267650578848325,-0.280583393161818,-0.05034860251976183
2023-02-01,-0.03081776827576117,-0.2753054288487012,-0.028573006370777105
2023-02-02,-0.031659912507693844,-0.27700799798196485,-0.024889813214758146
2023-02-03,-0.03962153254417867,-0.28432904525499764,-0.02372564507215574
2023-02-06,-0.050864065196447227,-0.2940336893145991,-0.023888024548506425
2023-02-07,-0.037775597734761926,-0.2923311201813358,-0.013830365380734538
2023-02-08,-0.042681671825862855,-0.29522548770788354,-0.02271638037108142
2023-02-09,-0.02387147102279129,-0.28603161438826097,0.0
2023-02-10,-0.025450015021186878,-0.2901177803080933,0.0
2023-02-13,0.0,-0.28466955908165037,0.0
2023-02-14,-0.004664201974996373,-0.2831372468617132,-0.00997950771223156
2023-02-15,0.0,-0.2879044404348509,0.0
2023-02-16,-0.029114028149476112,-0.29284189092131485,-0.027723258380035542
2023-02-17,-0.014182093742884304,-0.30271679189424266,-0.040036114574684055
2023-02-20,-0.004291606168011708,-0.2848398159949765,-0.01766640607915824
2023-02-21,0.0,-0.2839885314283446,-0.013800306919890742
2023-02-22,-0.005139093478905033,-0.2907988079613986,-0.021265907633234576
2023-02-23,-0.015615986783233742,-0.2907988079613986,-0.02499162121812263
2023-02-24,0.0,-0.29743882758112616,-0.014961766143087456
2023-02-27,-0.010653913340398339,-0.2999926812810212,-0.028018203072361306
2023-02-28,-0.0065140161602110615,-0.29556600153453627,-0.020024228081819993
2023-03-01,0.0,-0.28722341278154545,0.0
2023-03-02,0.0,-0.2880746973481771,0.0
2023-03-03,-0.00426673653569915,-0.28654238512824043,0.0
2023-03-06,-0.018513283358048083,-0.29079880796139884,-0.007775655448337894
2023-03-07,-0.04384510636734433,-0.3005034520210006,-0.029293428490995102
2023-03-08,-0.03596869661998343,-0.303227562634222,-0.028397900717176183
2023-03-09,-0.02937802304100813,-0.30493013176748524,-0.02805041952149336
2023-03-10,-0.03747793823140859,-0.31429426200043437,-0.039547942238315176
2023-03-13,-0.011443126122108098,-0.3068029578140752,-0.022792570813851602
2023-03-14,-0.002601811182713039,-0.31105938064723376,-0.022747990121987735
2023-03-15,0.0,-0.31122963756056016,-0.024756507802528156
2023-03-16,0.0,-0.319061455573572,-0.03419902290960693
2023-03-17,0.0,-0.3154860603937186,0.0
2023-03-20,0.0,-0.31923171248689824,0.0
2023-03-21,-0.005705602349626288,-0.31191066521386546,0.0
2023-03-22,0.0,-0.3088460407739912,0.0
2023-03-23,0.0,-0.30237627806758993,0.0
2023-03-24,0.0,-0.3032275626342219,0.0
2023-03-27,-0.0009074345805362671,-0.3068029578140751,0.0
2023-03-28,-0.034266611073389276,-0.3081650131206859,-0.023739082277314635
2023-03-29,-0.029446793388978782,-0.3081650131206859,-0.011067273155974446
2023-03-30,-0.012256525895480064,-0.30084396584765305,-0.004906033938080981
2023-03-31,0.0,-0.29914139671438955,0.0
2023-04-03,0.0,-0.2940336893145992,0.0
2023-04-04,0.0,-0.2906285510480723,0.0
2023-04-06,0.0,-0.2926716340079885,0.0
2023-04-07,0.0,-0.28773418352152436,0.0
2023-04-10,-0.024528273184489642,-0.29028803722141944,-0.02623206252486087
2023-04-11,-0.036848835020796875,-0.2919906063546831,-0.02815039898497444
2023-04-12,-0.022645331283650663,-0.2926716340079884,-0.015559351807831065
2023-04-13,-0.07375629119193947,-0.296928056841147,-0.04908661633051009
2023-04-14,-0.029614246734448152,-0.2933526616612938,-0.027321881576951965
2023-04-17,-0.041273108810720396,-0.2829669899483868,-0.027455572493807916
2023-04-18,0.0,-0.2817751915551025,0.0
2023-04-19,-0.0020723981737159926,-0.2873936696948718,0.0
2023-04-20,0.0,-0.2901177803080933,0.0
2023-04-21,-0.03901970292616124,-0.3025465349809164,-0.041802209016843325
2023-04-24,0.0,-0.31122963756055994,-0.033817768048456154
2023-04-25,-0.02970146289482261,-0.31446451891376054,-0.04563370923411597
2023-04-26,-0.03932276999157422,-0.3159968311336977,-0.07184891749169922
2023-04-27,-0.06178648151311379,-0.31003783916727556,-0.0863633355867822
2023-04-28,-0.03882871387772427,-0.30339781954754813,-0.04204779176765659
2023-05-04,-0.04025769736909869,-0.30339781954754813,-0.06638613385214939
2023-05-05,-0.047180352462230984,-0.30612193016076955,-0.09608070394931154
2023-05-08,-0.011400124720869176,-0.29846036906108414,-0.08103848759227203
2023-05-09,-0.024560140925478487,-0.3044193610275063,-0.08470114966836055
2023-05-10,-0.059333270405912825,-0.30969732534062294,-0.11176846185383532
2023-05-11,-0.06271380249877763,-0.3105486099072548,-0.1205581413751672
2023-05-12,-0.06839344139760202,-0.31923171248689824,-0.12281279567992595
2023-05-15,-0.04678194522870776,-0.3085055269473385,-0.10733255519983896
2023-05-16,-0.051136275158290674,-0.3113998944738863,-0.12561864682539886
2023-05-17,-0.059289848090172625,-0.3159968311336977,-0.11538050659628411
2023-05-18,-0.05028202344876902,-0.31616708804702404,-0.06270662207065801
2023-05-19,-0.0649249866019695,-0.3171886295269821,-0.08212894322331431
2023-05-22,-0.06581834834208214,-0.3137834912604553,-0.09859601705708598
2023-05-23,-0.08860134864322315,-0.323488135320057,-0.10991035547420983
2023-05-24,-0.10945993180360582,-0.3325117517263531,-0.11579465461855838
2023-05-25,-0.10926096775824161,-0.3340440639462904,-0.08616284455771563
2023-05-26,-0.10959978160671434,-0.3331927793796584,-0.06219505955722787
2023-05-29,-0.10840923154839055,-0.33591688999287983,-0.04480459458039775
2023-05-30,-0.10782288055377406,-0.33523586233957453,-0.007437814695535031
2023-05-31,-0.10886567495288217,-0.341365111219323,0.0
2023-06-01,-0.10831040834705043,-0.34000305591271207,-0.007555557478789158
2023-06-02,-0.10697090477252567,-0.33097943950641584,-0.01719557687579932
2023-06-05,-0.08151153260770337,-0.33404406394629016,-0.009322370362276879
2023-06-06,-0.09445803080456894,-0.3403435697393648,-0.024313471050665426
2023-06-07,-0.08946727945835761,-0.3423866526992809,-0.02254462975699394
2023-06-08,-0.092553078839832,-0.33693843147283786,-0.03361954651780129
2023-06-09,-0.05684058991102517,-0.3342143208596162,-0.0005125116396937938
2023-06-12,-0.01990287296415228,-0.3335332932063108,0.0
2023-06-13,-0.010115063746355173,-0.32859584271984693,0.0
2023-06-14,0.0,-0.32859584271984693,0.0
2023-06-15,0.0,-0.31752914335363436,-0.01142305804087878
2023-06-16,0.0,-0.31122963756055955,0.0
2023-06-19,0.0,-0.3163373449603499,0.0
2023-06-20,0.0,-0.31752914335363425,0.0
2023-06-21,-0.048050106232117126,-0.3268932735865832,-0.060408581976620926
2023-06-26,-0.09733551006083409,-0.3343845777729424,-0.10866680703701467
2023-06-27,-0.09841060236715143,-0.3299578980264574,-0.11392496056066286
2023-06-28,-0.11428493485169171,-0.3285958427198467,-0.12735985097187172
2023-06-29,-0.09132744302403106,-0.33166046715972103,-0.11789122417907252
2023-06-30,-0.060937942463760206,-0.32774455815321485,-0.0990222635674361
2023-07-03,-0.05317472693608624,-0.32008299705352944,-0.09427013839029584
2023-07-04,-0.04550225227466999,-0.31889119866024496,-0.08570901458567623
2023-07-05,-0.07371855385286077,-0.3234881353200564,-0.10654729201560123
2023-07-06,-0.06912847742777495,-0.3282553288931939,-0.10089084969724295
2023-07-07,-0.06114665172259916,-0.33012815493978365,-0.10511841069100748
2023-07-10,-0.07011862195854167,-0.3274040443265622,-0.11134274471142164
2023-07-11,-0.05732547642772953,-0.3229773645800772,-0.08997984517363015
2023-07-12,-0.0944715113441617,-0.3262122459332776,-0.129688589251937
2023-07-13,-0.047265300434687164,-0.3154860603937179,-0.08929233939928255
2023-07-14,-0.02278322512629827,-0.31582657422037064,-0.06659706073759314
2023-07-17,-0.032093143208309256,-0.3205937677935083,-0.06398623019018632
2023-07-18,-0.04572117843893784,-0.32161530927346627,-0.08265309225546662
2023-07-19,-0.04909639107828199,-0.3219558231001191,-0.08951378472536968
2023-07-20,-0.06906111958218965,-0.32672301667325676,-0.13961765781744587
2023-07-21,-0.0709557762301799,-0.3263825028466038,-0.15041698392392658
2023-07-24,-0.06624320226886915,-0.3292768703731518,-0.14807005735393394
2023-07-25,-0.05396342990362855,-0.3102080960806015,-0.12847993683913597
2023-07-26,-0.05554489100220817,-0.3117404083005384,-0.14242502616014815
2023-07-27,-0.05175652566652526,-0.31242143595384386,-0.15087435569865504
2023-07-28,-0.02745661672864474,-0.29607677227451473,-0.1467066886277717
2023-07-31,-0.025077815690923114,-0.2933526616612931,-0.14442237843170022
2023-08-01,-0.02206783108843161,-0.2964172861011673,-0.12903410043701138
2023-08-02,-0.03353472749854289,-0.30135473658763123,-0.13087152319108328
2023-08-03,-0.03474932796197942,-0.29522548770788276,-0.13193716003754638
2023-08-04,-0.030334044882865435,-0.29165009252802976,-0.10207384156087959
2023-08-07,-0.02928760204331791,-0.29692805684114637,-0.09939552898237364
2023-08-08,-0.02523386048878812,-0.29948191054104156,-0.11330626908068865
2023-08-09,-0.013982203730676483,-0.30084396584765244,-0.14152881844755977
2023-08-10,-0.012840016901078864,-0.2999926812810207,-0.14895033583171285
2023-08-11,-0.029900405711207872,-0.3161670880470234,-0.16540581463410087
2023-08-14,-0.03520118903713412,-0.3207640247068346,-0.1633727229520867
2023-08-15,-0.03746997401588163,-0.32144505236014004,-0.16501227564758836
2023-08-16,-0.04112209639102551,-0.32655275975993037,-0.1827215300406542
2023-08-17,-0.03621039810277324,-0.3243394198866878,-0.17587728812597156
2023-08-18,-0.045264261575529985,-0.3328522655530051,-0.2005999239451442
2023-08-21,-0.058606539440915,-0.341705625045975,-0.20206952618635848
2023-08-22,-0.051091426188888275,-0.337789716039469,-0.17170365483259695
2023-08-23,-0.06176572246134514,-0.34715384627241785,-0.19965355362403134
2023-08-24,-0.05252542679674171,-0.3432379372659122,-0.19077836323347255
2023-08-25,-0.044756997487431456,-0.34442973565919655,-0.22905909485453846
2023-08-28,-0.03468012686026014,-0.33540611925290015,-0.2161679416329666
2023-08-29,-0.030235193689617943,-0.33166046715972086,-0.20141416850407978
2023-08-30,-0.02934653357514752,-0.3318307240730471,-0.1884547223085461
2023-08-31,-0.035478625417543666,-0.33506560542624747,-0.19052494358878724
2023-09-01,-0.03557642332157188,-0.33114969641974146,-0.1995742549969289
2023-09-04,-0.02436379092904175,-0.3212747954468136,-0.1907756407824326
2023-09-05,-0.032905755841134025,-0.3258717321066247,-0.2078716485976049
2023-09-06,-0.049727258656286306,-0.3275743012398883,-0.20319366676793826
2023-09-07,-0.058589634148942506,-0.3365979176461844,-0.22719774928600855
2023-09-08,-0.06130848961117138,-0.34017331282603763,-0.232040178743392
2023-09-11,-0.051814719895901286,-0.3354061192529001,-0.21589436426568706
2023-09-12,-0.06621471079548222,-0.33625740381953184,-0.21698792071643333
2023-09-13,-0.0705251754500191,-0.3405138266526904,-0.23268968605215956
2023-09-14,-0.07116215210549619,-0.3410245973926696,-0.24117545009501087
2023-09-15,-0.06634561849822343,-0.34391896491921736,-0.2518034355594393
2023-09-18,-0.07849104382352,-0.3417056250459749,-0.25882029245495874
2023-09-19,-0.08247221375082762,-0.34255690961260665,-0.25805064975348785
2023-09-20,-0.08151582713954499,-0.34562153405248086,-0.2598690153502795
2023-09-21,-0.08567168508390267,-0.3515805260189029,-0.261813308788796
2023-09-22,-0.07590379684926421,-0.33881125751942703,-0.21555544807344604
2023-09-25,-0.08209571551932658,-0.34357845109256474,-0.2259343003054648
2023-09-26,-0.0903351231031248,-0.34715384627241785,-0.21907268104371827
2023-09-27,-0.09008412428212395,-0.3454512771391543,-0.21577191189337497
2023-09-28,-0.09103313786887028,-0.3478348739257234,-0.21339011478027362
2023-10-09,-0.09371502287949554,-0.34953744305898665,-0.22432956022858153
2023-10-10,-0.09566534586273488,-0.3541343797187981,-0.22986279715625502
2023-10-11,-0.09498581632279134,-0.3527723244121875,-0.22128591789029733
2023-10-12,-0.10068653356535182,-0.3466430755324388,-0.22469419489447756
2023-10-13,-0.09421428196952643,-0.3526020674988608,-0.2376795333371369
2023-10-16,-0.09788862874720132,-0.35992311477189365,-0.24743430711159226
2023-10-17,-0.09453527185916127,-0.3578800318119774,-0.2445087728088539
2023-10-18,-0.09150832930023615,-0.3626472253851152,-0.2500331472895248
2023-10-19,-0.09739221353806315,-0.37575700771124365,-0.2537274554263805
2023-10-20,-0.10515506041451032,-0.37882163215111786,-0.2638801125241146
2023-10-23,-0.10779149599531528,-0.38529139485751895,-0.28335200915438596
2023-10-24,-0.1209208514449838,-0.3844401102908872,-0.2887417091953097
2023-10-25,-0.1230387527430417,-0.38103497202436026,-0.29947088874414185
2023-10-26,-0.11694826582481464,-0.37882163215111786,-0.2974491502622094
2023-10-27,-0.1072619548402245,-0.3696277588314953,-0.29841214491201395
2023-10-30,-0.10405184528603298,-0.36690364821827387,-0.29385893243426775
2023-10-31,-0.11615118920797741,-0.3682657035248846,-0.30151313249560974
2023-11-01,-0.1165718729222356,-0.3686062173515371,-0.3060258557546964
2023-11-02,-0.1292280502823945,-0.37150058487808507,-0.310884793691791
2023-11-03,-0.11058135524327604,-0.3667333913049472,-0.2977467083684376
2023-11-06,-0.11419824509402864,-0.35856105946528294,-0.2838566473131286
2023-11-07,-0.10187339195019464,-0.3604338855118728,-0.2616898137756597
2023-11-08,-0.09067782284302002,-0.36230671155846267,-0.2592563480172877
2023-11-09,-0.12241548093975696,-0.3617959408184835,-0.2561185204579159
2023-11-10,-0.13451155966512113,-0.3663928774782946,-0.2578961651380872
2023-11-13,-0.13468582636648313,-0.36724416204492644,-0.2479961167421756
2023-11-14,-0.11403345799564192,-0.36724416204492644,-0.23754173097491793
2023-11-15,-0.12014079754138023,-0.36298773921176775,-0.23936762675543735
2023-11-16,-0.1297470058808295,-0.3691169880915162,-0.251871786457891
2023-11-17,-0.13052949444197665,-0.36996827265814797,-0.2359713980452218
2023-11-20,-0.11725615435600625,-0.36809544661155813,-0.2328016540917421
2023-11-21,-0.12345523539276078,-0.3672441620449264,-0.2389946509629508
2023-11-22,-0.12220698233876204,-0.37388418166465376,-0.2588907286350582
2023-11-23,-0.11700389158794211,-0.37064930031145327,-0.2543054259897336
2023-11-24,-0.14678627624210797,-0.3749057231446119,-0.2738752150084666
2023-11-27,-0.12620310897298626,-0.37899188906444425,-0.2695038854299919
2023-11-28,-0.12161034666039074,-0.37831086141113884,-0.2705195913658909
2023-11-29,-0.1258149192311489,-0.3829077980709502,-0.2752267671386253
2023-11-30,-0.09677373420072714,-0.3822267704176447,-0.2690452972409692
2023-12-01,-0.05930860531525535,-0.38461036720421343,-0.2539177953012229
2023-12-04,-0.054388586042169285,-0.3886965331240458,-0.2510061628761356
2023-12-05,-0.07173568017783948,-0.39993348940358453,-0.2638353368931789
2023-12-06,-0.057440280897752,-0.39908220483695284,-0.2588446786653381
2023-12-07,-0.04653420833254981,-0.4006145170568899,-0.25177389406942946
2023-12-08,0.0,-0.39942271866360557,-0.212931121119819
2023-12-11,0.0,-0.3953365527437731,-0.20212646596023845
2023-12-12,-0.04442767360676098,-0.3939744974371624,-0.2182003382210979
2023-12-13,-0.06518717994788015,-0.4038493984100904,-0.23054723293262092
2023-12-14,-0.06550781818593325,-0.4065735090233119,-0.23246841449954214
2023-12-15,-0.08941970985461103,-0.4077653074165963,-0.2439658465620796
2023-12-18,-0.08094807385515322,-0.41014890420316513,-0.24241868342846914
2023-12-19,-0.07972123917344869,-0.4098083903765124,-0.23971974973144725
2023-12-20,-0.11223007147817336,-0.415086354689629,-0.25883205112647156
2023-12-21,-0.08446058706879545,-0.4098083903765124,-0.24547622764440455
2023-12-22,-0.10278201335961339,-0.4087868488965543,-0.25241708760876364
2023-12-25,-0.11025258924038903,-0.4072545366766172,-0.25543026166519545
2023-12-26,-0.1378290022199209,-0.41065967494314415,-0.27003372074197757
2023-12-27,-0.14156783095066774,-0.40895710580988076,-0.2703064871663944
2023-12-28,-0.12868717328975918,-0.3946555250904677,-0.2556033979664445
2023-12-29,-0.11875707590595408,-0.3929529559572042,-0.24694136969987246
